subject_id,condition,itemB,causal_itemA,similar_itemA,response,domain_itemB,domain_causalitemA,domain_similaritemA,causal_distance_causal_choice,freesort_distance_causal_choice,freesort_minus_causal_distance_causal,causal_distance_similar_choice,freesort_distance_similar_choice,freesort_minus_causal_distance_similar
subj_01,Ordinary,experience pain,kick something,get tired,CC,bio,action,bio,0.13,0.51,0.38,0.43,0.41,-0.02
subj_01,Ordinary,get tired,jump up and down,feel scared,CC,bio,action,bio,0.1,0.54,0.43,0.42,0.4,-0.02
subj_01,Ordinary,get sick,see something,get tired,CO,bio,mind,bio,0.38,0.62,0.25,0.39,0.34,-0.06
subj_01,Ordinary,feel scared,see something,get tired,CC,bio,mind,bio,0.12,0.54,0.42,0.51,0.4,-0.11
subj_01,Ordinary,sit down,experience pain,jump up and down,CO,action,bio,action,0.13,0.58,0.45,0.54,0.3,-0.23
subj_01,Ordinary,choose what to do,experience pain,remember something,CO,mind,bio,mind,0.2,0.57,0.36,0.15,0.36,0.22
subj_01,Ordinary,become hungry,take a walk,feel scared,CC,bio,action,bio,0.18,0.55,0.37,0.67,0.44,-0.22
subj_01,Ordinary,see something,take a walk,hear something,CC,mind,action,mind,0.2,0.58,0.38,0.42,0.18,-0.24
subj_01,Ordinary,think about something,get sick,remember something,CO,mind,bio,mind,0.25,0.65,0.4,0.08,0.15,0.08
subj_01,Ordinary,jump up and down,see something,sit down,CO,action,mind,action,0.29,0.6,0.32,0.83,0.3,-0.52
subj_01,Ordinary,kick something,think about something,sit down,CC,action,mind,action,0.37,0.6,0.23,0.7,0.42,-0.29
subj_01,Ordinary,take a walk,think about something,sit down,CO,action,mind,action,0.26,0.58,0.32,0.77,0.33,-0.44
subj_01,Ordinary,hear something,take a walk,see something,CC,mind,action,mind,0.25,0.58,0.33,0.44,0.18,-0.27
subj_01,Ordinary,reach for something,become hungry,kick something,CO,action,bio,action,0.21,0.56,0.35,0.54,0.4,-0.15
subj_01,Ordinary,remember something,take a walk,think about something,CO,mind,action,mind,0.24,0.61,0.37,0.07,0.15,0.08
subj_02,Ordinary,experience pain,kick something,get tired,CC,bio,action,bio,0.13,0.51,0.38,0.43,0.41,-0.02
subj_02,Ordinary,see something,take a walk,hear something,CC,mind,action,mind,0.2,0.58,0.38,0.42,0.18,-0.24
subj_02,Ordinary,get sick,see something,get tired,CC,bio,mind,bio,0.38,0.62,0.25,0.39,0.34,-0.06
subj_02,Ordinary,take a walk,think about something,sit down,CC,action,mind,action,0.26,0.58,0.32,0.77,0.33,-0.44
subj_02,Ordinary,choose what to do,experience pain,remember something,CO,mind,bio,mind,0.2,0.57,0.36,0.15,0.36,0.22
subj_02,Ordinary,feel scared,see something,get tired,CC,bio,mind,bio,0.12,0.54,0.42,0.51,0.4,-0.11
subj_02,Ordinary,remember something,take a walk,think about something,CO,mind,action,mind,0.24,0.61,0.37,0.07,0.15,0.08
subj_02,Ordinary,become hungry,take a walk,feel scared,CC,bio,action,bio,0.18,0.55,0.37,0.67,0.44,-0.22
subj_02,Ordinary,hear something,take a walk,see something,CC,mind,action,mind,0.25,0.58,0.33,0.44,0.18,-0.27
subj_02,Ordinary,get tired,jump up and down,feel scared,CC,bio,action,bio,0.1,0.54,0.43,0.42,0.4,-0.02
subj_02,Ordinary,jump up and down,see something,sit down,CC,action,mind,action,0.29,0.6,0.32,0.83,0.3,-0.52
subj_02,Ordinary,think about something,get sick,remember something,CO,mind,bio,mind,0.25,0.65,0.4,0.08,0.15,0.08
subj_02,Ordinary,sit down,experience pain,jump up and down,CC,action,bio,action,0.13,0.58,0.45,0.54,0.3,-0.23
subj_02,Ordinary,reach for something,become hungry,kick something,CO,action,bio,action,0.21,0.56,0.35,0.54,0.4,-0.15
subj_02,Ordinary,kick something,think about something,sit down,CC,action,mind,action,0.37,0.6,0.23,0.7,0.42,-0.29
subj_03,Magical,take a walk,think about something,sit down,CO,action,mind,action,0.26,0.58,0.32,0.77,0.33,-0.44
subj_03,Magical,get tired,jump up and down,feel scared,CC,bio,action,bio,0.1,0.54,0.43,0.42,0.4,-0.02
subj_03,Magical,kick something,think about something,sit down,CC,action,mind,action,0.37,0.6,0.23,0.7,0.42,-0.29
subj_03,Magical,become hungry,take a walk,feel scared,CC,bio,action,bio,0.18,0.55,0.37,0.67,0.44,-0.22
subj_03,Magical,feel scared,see something,get tired,CC,bio,mind,bio,0.12,0.54,0.42,0.51,0.4,-0.11
subj_03,Magical,see something,take a walk,hear something,CO,mind,action,mind,0.2,0.58,0.38,0.42,0.18,-0.24
subj_03,Magical,jump up and down,see something,sit down,CC,action,mind,action,0.29,0.6,0.32,0.83,0.3,-0.52
subj_03,Magical,get sick,see something,get tired,CO,bio,mind,bio,0.38,0.62,0.25,0.39,0.34,-0.06
subj_03,Magical,hear something,take a walk,see something,CO,mind,action,mind,0.25,0.58,0.33,0.44,0.18,-0.27
subj_03,Magical,reach for something,become hungry,kick something,CO,action,bio,action,0.21,0.56,0.35,0.54,0.4,-0.15
subj_03,Magical,remember something,take a walk,think about something,CO,mind,action,mind,0.24,0.61,0.37,0.07,0.15,0.08
subj_03,Magical,experience pain,kick something,get tired,CC,bio,action,bio,0.13,0.51,0.38,0.43,0.41,-0.02
subj_03,Magical,sit down,experience pain,jump up and down,CC,action,bio,action,0.13,0.58,0.45,0.54,0.3,-0.23
subj_03,Magical,think about something,get sick,remember something,CO,mind,bio,mind,0.25,0.65,0.4,0.08,0.15,0.08
subj_03,Magical,choose what to do,experience pain,remember something,CO,mind,bio,mind,0.2,0.57,0.36,0.15,0.36,0.22
subj_04,Ordinary,get sick,see something,get tired,CO,bio,mind,bio,0.38,0.62,0.25,0.39,0.34,-0.06
subj_04,Ordinary,take a walk,think about something,sit down,CC,action,mind,action,0.26,0.58,0.32,0.77,0.33,-0.44
subj_04,Ordinary,get tired,jump up and down,feel scared,CC,bio,action,bio,0.1,0.54,0.43,0.42,0.4,-0.02
subj_04,Ordinary,sit down,experience pain,jump up and down,CC,action,bio,action,0.13,0.58,0.45,0.54,0.3,-0.23
subj_04,Ordinary,hear something,take a walk,see something,CC,mind,action,mind,0.25,0.58,0.33,0.44,0.18,-0.27
subj_04,Ordinary,choose what to do,experience pain,remember something,CO,mind,bio,mind,0.2,0.57,0.36,0.15,0.36,0.22
subj_04,Ordinary,feel scared,see something,get tired,CC,bio,mind,bio,0.12,0.54,0.42,0.51,0.4,-0.11
subj_04,Ordinary,think about something,get sick,remember something,CO,mind,bio,mind,0.25,0.65,0.4,0.08,0.15,0.08
subj_04,Ordinary,kick something,think about something,sit down,CC,action,mind,action,0.37,0.6,0.23,0.7,0.42,-0.29
subj_04,Ordinary,remember something,take a walk,think about something,CO,mind,action,mind,0.24,0.61,0.37,0.07,0.15,0.08
subj_04,Ordinary,become hungry,take a walk,feel scared,CC,bio,action,bio,0.18,0.55,0.37,0.67,0.44,-0.22
subj_04,Ordinary,jump up and down,see something,sit down,CC,action,mind,action,0.29,0.6,0.32,0.83,0.3,-0.52
subj_04,Ordinary,see something,take a walk,hear something,CC,mind,action,mind,0.2,0.58,0.38,0.42,0.18,-0.24
subj_04,Ordinary,experience pain,kick something,get tired,CC,bio,action,bio,0.13,0.51,0.38,0.43,0.41,-0.02
subj_04,Ordinary,reach for something,become hungry,kick something,CC,action,bio,action,0.21,0.56,0.35,0.54,0.4,-0.15
subj_05,Ordinary,get tired,jump up and down,feel scared,CC,bio,action,bio,0.1,0.54,0.43,0.42,0.4,-0.02
subj_05,Ordinary,take a walk,think about something,sit down,CC,action,mind,action,0.26,0.58,0.32,0.77,0.33,-0.44
subj_05,Ordinary,kick something,think about something,sit down,CC,action,mind,action,0.37,0.6,0.23,0.7,0.42,-0.29
subj_05,Ordinary,think about something,get sick,remember something,CO,mind,bio,mind,0.25,0.65,0.4,0.08,0.15,0.08
subj_05,Ordinary,reach for something,become hungry,kick something,CC,action,bio,action,0.21,0.56,0.35,0.54,0.4,-0.15
subj_05,Ordinary,sit down,experience pain,jump up and down,CO,action,bio,action,0.13,0.58,0.45,0.54,0.3,-0.23
subj_05,Ordinary,jump up and down,see something,sit down,CC,action,mind,action,0.29,0.6,0.32,0.83,0.3,-0.52
subj_05,Ordinary,see something,take a walk,hear something,CC,mind,action,mind,0.2,0.58,0.38,0.42,0.18,-0.24
subj_05,Ordinary,remember something,take a walk,think about something,CO,mind,action,mind,0.24,0.61,0.37,0.07,0.15,0.08
subj_05,Ordinary,get sick,see something,get tired,CC,bio,mind,bio,0.38,0.62,0.25,0.39,0.34,-0.06
subj_05,Ordinary,experience pain,kick something,get tired,CC,bio,action,bio,0.13,0.51,0.38,0.43,0.41,-0.02
subj_05,Ordinary,become hungry,take a walk,feel scared,CC,bio,action,bio,0.18,0.55,0.37,0.67,0.44,-0.22
subj_05,Ordinary,feel scared,see something,get tired,CC,bio,mind,bio,0.12,0.54,0.42,0.51,0.4,-0.11
subj_05,Ordinary,hear something,take a walk,see something,CC,mind,action,mind,0.25,0.58,0.33,0.44,0.18,-0.27
subj_05,Ordinary,choose what to do,experience pain,remember something,CO,mind,bio,mind,0.2,0.57,0.36,0.15,0.36,0.22
subj_06,Magical,remember something,take a walk,think about something,CO,mind,action,mind,0.24,0.61,0.37,0.07,0.15,0.08
subj_06,Magical,experience pain,kick something,get tired,CC,bio,action,bio,0.13,0.51,0.38,0.43,0.41,-0.02
subj_06,Magical,become hungry,take a walk,feel scared,CC,bio,action,bio,0.18,0.55,0.37,0.67,0.44,-0.22
subj_06,Magical,sit down,experience pain,jump up and down,CO,action,bio,action,0.13,0.58,0.45,0.54,0.3,-0.23
subj_06,Magical,feel scared,see something,get tired,CC,bio,mind,bio,0.12,0.54,0.42,0.51,0.4,-0.11
subj_06,Magical,kick something,think about something,sit down,CO,action,mind,action,0.37,0.6,0.23,0.7,0.42,-0.29
subj_06,Magical,jump up and down,see something,sit down,CC,action,mind,action,0.29,0.6,0.32,0.83,0.3,-0.52
subj_06,Magical,get sick,see something,get tired,CO,bio,mind,bio,0.38,0.62,0.25,0.39,0.34,-0.06
subj_06,Magical,hear something,take a walk,see something,CO,mind,action,mind,0.25,0.58,0.33,0.44,0.18,-0.27
subj_06,Magical,think about something,get sick,remember something,CO,mind,bio,mind,0.25,0.65,0.4,0.08,0.15,0.08
subj_06,Magical,reach for something,become hungry,kick something,CO,action,bio,action,0.21,0.56,0.35,0.54,0.4,-0.15
subj_06,Magical,get tired,jump up and down,feel scared,CC,bio,action,bio,0.1,0.54,0.43,0.42,0.4,-0.02
subj_06,Magical,choose what to do,experience pain,remember something,CO,mind,bio,mind,0.2,0.57,0.36,0.15,0.36,0.22
subj_06,Magical,see something,take a walk,hear something,CO,mind,action,mind,0.2,0.58,0.38,0.42,0.18,-0.24
subj_06,Magical,take a walk,think about something,sit down,CO,action,mind,action,0.26,0.58,0.32,0.77,0.33,-0.44
subj_07,Magical,feel scared,see something,get tired,CC,bio,mind,bio,0.12,0.54,0.42,0.51,0.4,-0.11
subj_07,Magical,get tired,jump up and down,feel scared,CC,bio,action,bio,0.1,0.54,0.43,0.42,0.4,-0.02
subj_07,Magical,choose what to do,experience pain,remember something,CO,mind,bio,mind,0.2,0.57,0.36,0.15,0.36,0.22
subj_07,Magical,become hungry,take a walk,feel scared,CC,bio,action,bio,0.18,0.55,0.37,0.67,0.44,-0.22
subj_07,Magical,see something,take a walk,hear something,CC,mind,action,mind,0.2,0.58,0.38,0.42,0.18,-0.24
subj_07,Magical,jump up and down,see something,sit down,CC,action,mind,action,0.29,0.6,0.32,0.83,0.3,-0.52
subj_07,Magical,hear something,take a walk,see something,CC,mind,action,mind,0.25,0.58,0.33,0.44,0.18,-0.27
subj_07,Magical,sit down,experience pain,jump up and down,CO,action,bio,action,0.13,0.58,0.45,0.54,0.3,-0.23
subj_07,Magical,remember something,take a walk,think about something,CO,mind,action,mind,0.24,0.61,0.37,0.07,0.15,0.08
subj_07,Magical,experience pain,kick something,get tired,CC,bio,action,bio,0.13,0.51,0.38,0.43,0.41,-0.02
subj_07,Magical,take a walk,think about something,sit down,CO,action,mind,action,0.26,0.58,0.32,0.77,0.33,-0.44
subj_07,Magical,reach for something,become hungry,kick something,CO,action,bio,action,0.21,0.56,0.35,0.54,0.4,-0.15
subj_07,Magical,get sick,see something,get tired,CO,bio,mind,bio,0.38,0.62,0.25,0.39,0.34,-0.06
subj_07,Magical,think about something,get sick,remember something,CO,mind,bio,mind,0.25,0.65,0.4,0.08,0.15,0.08
subj_07,Magical,kick something,think about something,sit down,CC,action,mind,action,0.37,0.6,0.23,0.7,0.42,-0.29
subj_08,Ordinary,become hungry,take a walk,feel scared,CC,bio,action,bio,0.18,0.55,0.37,0.67,0.44,-0.22
subj_08,Ordinary,feel scared,see something,get tired,CC,bio,mind,bio,0.12,0.54,0.42,0.51,0.4,-0.11
subj_08,Ordinary,remember something,take a walk,think about something,CO,mind,action,mind,0.24,0.61,0.37,0.07,0.15,0.08
subj_08,Ordinary,jump up and down,see something,sit down,CO,action,mind,action,0.29,0.6,0.32,0.83,0.3,-0.52
subj_08,Ordinary,reach for something,become hungry,kick something,CO,action,bio,action,0.21,0.56,0.35,0.54,0.4,-0.15
subj_08,Ordinary,see something,take a walk,hear something,CC,mind,action,mind,0.2,0.58,0.38,0.42,0.18,-0.24
subj_08,Ordinary,get tired,jump up and down,feel scared,CC,bio,action,bio,0.1,0.54,0.43,0.42,0.4,-0.02
subj_08,Ordinary,experience pain,kick something,get tired,CC,bio,action,bio,0.13,0.51,0.38,0.43,0.41,-0.02
subj_08,Ordinary,think about something,get sick,remember something,CO,mind,bio,mind,0.25,0.65,0.4,0.08,0.15,0.08
subj_08,Ordinary,get sick,see something,get tired,CC,bio,mind,bio,0.38,0.62,0.25,0.39,0.34,-0.06
subj_08,Ordinary,hear something,take a walk,see something,CO,mind,action,mind,0.25,0.58,0.33,0.44,0.18,-0.27
subj_08,Ordinary,sit down,experience pain,jump up and down,CC,action,bio,action,0.13,0.58,0.45,0.54,0.3,-0.23
subj_08,Ordinary,take a walk,think about something,sit down,CC,action,mind,action,0.26,0.58,0.32,0.77,0.33,-0.44
subj_08,Ordinary,kick something,think about something,sit down,CO,action,mind,action,0.37,0.6,0.23,0.7,0.42,-0.29
subj_08,Ordinary,choose what to do,experience pain,remember something,CO,mind,bio,mind,0.2,0.57,0.36,0.15,0.36,0.22
subj_09,Ordinary,reach for something,become hungry,kick something,CC,action,bio,action,0.21,0.56,0.35,0.54,0.4,-0.15
subj_09,Ordinary,get tired,jump up and down,feel scared,CC,bio,action,bio,0.1,0.54,0.43,0.42,0.4,-0.02
subj_09,Ordinary,hear something,take a walk,see something,CC,mind,action,mind,0.25,0.58,0.33,0.44,0.18,-0.27
subj_09,Ordinary,take a walk,think about something,sit down,CC,action,mind,action,0.26,0.58,0.32,0.77,0.33,-0.44
subj_09,Ordinary,sit down,experience pain,jump up and down,CC,action,bio,action,0.13,0.58,0.45,0.54,0.3,-0.23
subj_09,Ordinary,remember something,take a walk,think about something,CO,mind,action,mind,0.24,0.61,0.37,0.07,0.15,0.08
subj_09,Ordinary,see something,take a walk,hear something,CC,mind,action,mind,0.2,0.58,0.38,0.42,0.18,-0.24
subj_09,Ordinary,become hungry,take a walk,feel scared,CC,bio,action,bio,0.18,0.55,0.37,0.67,0.44,-0.22
subj_09,Ordinary,experience pain,kick something,get tired,CC,bio,action,bio,0.13,0.51,0.38,0.43,0.41,-0.02
subj_09,Ordinary,choose what to do,experience pain,remember something,CO,mind,bio,mind,0.2,0.57,0.36,0.15,0.36,0.22
subj_09,Ordinary,get sick,see something,get tired,CO,bio,mind,bio,0.38,0.62,0.25,0.39,0.34,-0.06
subj_09,Ordinary,kick something,think about something,sit down,CC,action,mind,action,0.37,0.6,0.23,0.7,0.42,-0.29
subj_09,Ordinary,feel scared,see something,get tired,CC,bio,mind,bio,0.12,0.54,0.42,0.51,0.4,-0.11
subj_09,Ordinary,jump up and down,see something,sit down,CC,action,mind,action,0.29,0.6,0.32,0.83,0.3,-0.52
subj_09,Ordinary,think about something,get sick,remember something,CO,mind,bio,mind,0.25,0.65,0.4,0.08,0.15,0.08
subj_10,Ordinary,remember something,take a walk,think about something,CO,mind,action,mind,0.24,0.61,0.37,0.07,0.15,0.08
subj_10,Ordinary,experience pain,kick something,get tired,CO,bio,action,bio,0.13,0.51,0.38,0.43,0.41,-0.02
subj_10,Ordinary,jump up and down,see something,sit down,CC,action,mind,action,0.29,0.6,0.32,0.83,0.3,-0.52
subj_10,Ordinary,take a walk,think about something,sit down,CC,action,mind,action,0.26,0.58,0.32,0.77,0.33,-0.44
subj_10,Ordinary,choose what to do,experience pain,remember something,CO,mind,bio,mind,0.2,0.57,0.36,0.15,0.36,0.22
subj_10,Ordinary,hear something,take a walk,see something,CC,mind,action,mind,0.25,0.58,0.33,0.44,0.18,-0.27
subj_10,Ordinary,sit down,experience pain,jump up and down,CO,action,bio,action,0.13,0.58,0.45,0.54,0.3,-0.23
subj_10,Ordinary,become hungry,take a walk,feel scared,CC,bio,action,bio,0.18,0.55,0.37,0.67,0.44,-0.22
subj_10,Ordinary,reach for something,become hungry,kick something,CO,action,bio,action,0.21,0.56,0.35,0.54,0.4,-0.15
subj_10,Ordinary,get tired,jump up and down,feel scared,CC,bio,action,bio,0.1,0.54,0.43,0.42,0.4,-0.02
subj_10,Ordinary,get sick,see something,get tired,CO,bio,mind,bio,0.38,0.62,0.25,0.39,0.34,-0.06
subj_10,Ordinary,think about something,get sick,remember something,CO,mind,bio,mind,0.25,0.65,0.4,0.08,0.15,0.08
subj_10,Ordinary,feel scared,see something,get tired,CC,bio,mind,bio,0.12,0.54,0.42,0.51,0.4,-0.11
subj_10,Ordinary,kick something,think about something,sit down,CO,action,mind,action,0.37,0.6,0.23,0.7,0.42,-0.29
subj_10,Ordinary,see something,take a walk,hear something,CC,mind,action,mind,0.2,0.58,0.38,0.42,0.18,-0.24
subj_11,Ordinary,experience pain,kick something,get tired,CC,bio,action,bio,0.13,0.51,0.38,0.43,0.41,-0.02
subj_11,Ordinary,hear something,take a walk,see something,CO,mind,action,mind,0.25,0.58,0.33,0.44,0.18,-0.27
subj_11,Ordinary,get tired,jump up and down,feel scared,CC,bio,action,bio,0.1,0.54,0.43,0.42,0.4,-0.02
subj_11,Ordinary,feel scared,see something,get tired,CC,bio,mind,bio,0.12,0.54,0.42,0.51,0.4,-0.11
subj_11,Ordinary,kick something,think about something,sit down,CC,action,mind,action,0.37,0.6,0.23,0.7,0.42,-0.29
subj_11,Ordinary,reach for something,become hungry,kick something,CC,action,bio,action,0.21,0.56,0.35,0.54,0.4,-0.15
subj_11,Ordinary,see something,take a walk,hear something,CO,mind,action,mind,0.2,0.58,0.38,0.42,0.18,-0.24
subj_11,Ordinary,jump up and down,see something,sit down,CC,action,mind,action,0.29,0.6,0.32,0.83,0.3,-0.52
subj_11,Ordinary,take a walk,think about something,sit down,CC,action,mind,action,0.26,0.58,0.32,0.77,0.33,-0.44
subj_11,Ordinary,become hungry,take a walk,feel scared,CC,bio,action,bio,0.18,0.55,0.37,0.67,0.44,-0.22
subj_11,Ordinary,choose what to do,experience pain,remember something,CO,mind,bio,mind,0.2,0.57,0.36,0.15,0.36,0.22
subj_11,Ordinary,think about something,get sick,remember something,CO,mind,bio,mind,0.25,0.65,0.4,0.08,0.15,0.08
subj_11,Ordinary,sit down,experience pain,jump up and down,CC,action,bio,action,0.13,0.58,0.45,0.54,0.3,-0.23
subj_11,Ordinary,get sick,see something,get tired,CC,bio,mind,bio,0.38,0.62,0.25,0.39,0.34,-0.06
subj_11,Ordinary,remember something,take a walk,think about something,CO,mind,action,mind,0.24,0.61,0.37,0.07,0.15,0.08
subj_12,Ordinary,feel scared,see something,get tired,CC,bio,mind,bio,0.12,0.54,0.42,0.51,0.4,-0.11
subj_12,Ordinary,reach for something,become hungry,kick something,CC,action,bio,action,0.21,0.56,0.35,0.54,0.4,-0.15
subj_12,Ordinary,remember something,take a walk,think about something,CO,mind,action,mind,0.24,0.61,0.37,0.07,0.15,0.08
subj_12,Ordinary,take a walk,think about something,sit down,CC,action,mind,action,0.26,0.58,0.32,0.77,0.33,-0.44
subj_12,Ordinary,kick something,think about something,sit down,CC,action,mind,action,0.37,0.6,0.23,0.7,0.42,-0.29
subj_12,Ordinary,hear something,take a walk,see something,CC,mind,action,mind,0.25,0.58,0.33,0.44,0.18,-0.27
subj_12,Ordinary,see something,take a walk,hear something,CO,mind,action,mind,0.2,0.58,0.38,0.42,0.18,-0.24
subj_12,Ordinary,experience pain,kick something,get tired,CO,bio,action,bio,0.13,0.51,0.38,0.43,0.41,-0.02
subj_12,Ordinary,get sick,see something,get tired,CO,bio,mind,bio,0.38,0.62,0.25,0.39,0.34,-0.06
subj_12,Ordinary,jump up and down,see something,sit down,CC,action,mind,action,0.29,0.6,0.32,0.83,0.3,-0.52
subj_12,Ordinary,get tired,jump up and down,feel scared,CO,bio,action,bio,0.1,0.54,0.43,0.42,0.4,-0.02
subj_12,Ordinary,think about something,get sick,remember something,CO,mind,bio,mind,0.25,0.65,0.4,0.08,0.15,0.08
subj_12,Ordinary,become hungry,take a walk,feel scared,CC,bio,action,bio,0.18,0.55,0.37,0.67,0.44,-0.22
subj_12,Ordinary,sit down,experience pain,jump up and down,CC,action,bio,action,0.13,0.58,0.45,0.54,0.3,-0.23
subj_12,Ordinary,choose what to do,experience pain,remember something,CC,mind,bio,mind,0.2,0.57,0.36,0.15,0.36,0.22
subj_13,Ordinary,jump up and down,see something,sit down,CO,action,mind,action,0.29,0.6,0.32,0.83,0.3,-0.52
subj_13,Ordinary,reach for something,become hungry,kick something,CC,action,bio,action,0.21,0.56,0.35,0.54,0.4,-0.15
subj_13,Ordinary,become hungry,take a walk,feel scared,CC,bio,action,bio,0.18,0.55,0.37,0.67,0.44,-0.22
subj_13,Ordinary,get tired,jump up and down,feel scared,CC,bio,action,bio,0.1,0.54,0.43,0.42,0.4,-0.02
subj_13,Ordinary,get sick,see something,get tired,CC,bio,mind,bio,0.38,0.62,0.25,0.39,0.34,-0.06
subj_13,Ordinary,experience pain,kick something,get tired,CC,bio,action,bio,0.13,0.51,0.38,0.43,0.41,-0.02
subj_13,Ordinary,sit down,experience pain,jump up and down,CC,action,bio,action,0.13,0.58,0.45,0.54,0.3,-0.23
subj_13,Ordinary,take a walk,think about something,sit down,CC,action,mind,action,0.26,0.58,0.32,0.77,0.33,-0.44
subj_13,Ordinary,choose what to do,experience pain,remember something,CO,mind,bio,mind,0.2,0.57,0.36,0.15,0.36,0.22
subj_13,Ordinary,hear something,take a walk,see something,CO,mind,action,mind,0.25,0.58,0.33,0.44,0.18,-0.27
subj_13,Ordinary,kick something,think about something,sit down,CO,action,mind,action,0.37,0.6,0.23,0.7,0.42,-0.29
subj_13,Ordinary,see something,take a walk,hear something,CO,mind,action,mind,0.2,0.58,0.38,0.42,0.18,-0.24
subj_13,Ordinary,remember something,take a walk,think about something,CO,mind,action,mind,0.24,0.61,0.37,0.07,0.15,0.08
subj_13,Ordinary,think about something,get sick,remember something,CO,mind,bio,mind,0.25,0.65,0.4,0.08,0.15,0.08
subj_13,Ordinary,feel scared,see something,get tired,CC,bio,mind,bio,0.12,0.54,0.42,0.51,0.4,-0.11
subj_14,Ordinary,take a walk,think about something,sit down,CC,action,mind,action,0.26,0.58,0.32,0.77,0.33,-0.44
subj_14,Ordinary,hear something,take a walk,see something,CO,mind,action,mind,0.25,0.58,0.33,0.44,0.18,-0.27
subj_14,Ordinary,experience pain,kick something,get tired,CC,bio,action,bio,0.13,0.51,0.38,0.43,0.41,-0.02
subj_14,Ordinary,see something,take a walk,hear something,CO,mind,action,mind,0.2,0.58,0.38,0.42,0.18,-0.24
subj_14,Ordinary,sit down,experience pain,jump up and down,CC,action,bio,action,0.13,0.58,0.45,0.54,0.3,-0.23
subj_14,Ordinary,get tired,jump up and down,feel scared,CC,bio,action,bio,0.1,0.54,0.43,0.42,0.4,-0.02
subj_14,Ordinary,remember something,take a walk,think about something,CC,mind,action,mind,0.24,0.61,0.37,0.07,0.15,0.08
subj_14,Ordinary,feel scared,see something,get tired,CC,bio,mind,bio,0.12,0.54,0.42,0.51,0.4,-0.11
subj_14,Ordinary,choose what to do,experience pain,remember something,CO,mind,bio,mind,0.2,0.57,0.36,0.15,0.36,0.22
subj_14,Ordinary,jump up and down,see something,sit down,CC,action,mind,action,0.29,0.6,0.32,0.83,0.3,-0.52
subj_14,Ordinary,think about something,get sick,remember something,CO,mind,bio,mind,0.25,0.65,0.4,0.08,0.15,0.08
subj_14,Ordinary,kick something,think about something,sit down,CC,action,mind,action,0.37,0.6,0.23,0.7,0.42,-0.29
subj_14,Ordinary,become hungry,take a walk,feel scared,CC,bio,action,bio,0.18,0.55,0.37,0.67,0.44,-0.22
subj_14,Ordinary,reach for something,become hungry,kick something,CC,action,bio,action,0.21,0.56,0.35,0.54,0.4,-0.15
subj_14,Ordinary,get sick,see something,get tired,CO,bio,mind,bio,0.38,0.62,0.25,0.39,0.34,-0.06
subj_15,Magical,see something,take a walk,hear something,CO,mind,action,mind,0.2,0.58,0.38,0.42,0.18,-0.24
subj_15,Magical,hear something,take a walk,see something,CO,mind,action,mind,0.25,0.58,0.33,0.44,0.18,-0.27
subj_15,Magical,remember something,take a walk,think about something,CO,mind,action,mind,0.24,0.61,0.37,0.07,0.15,0.08
subj_15,Magical,kick something,think about something,sit down,CC,action,mind,action,0.37,0.6,0.23,0.7,0.42,-0.29
subj_15,Magical,think about something,get sick,remember something,CO,mind,bio,mind,0.25,0.65,0.4,0.08,0.15,0.08
subj_15,Magical,take a walk,think about something,sit down,CC,action,mind,action,0.26,0.58,0.32,0.77,0.33,-0.44
subj_15,Magical,sit down,experience pain,jump up and down,CO,action,bio,action,0.13,0.58,0.45,0.54,0.3,-0.23
subj_15,Magical,experience pain,kick something,get tired,CO,bio,action,bio,0.13,0.51,0.38,0.43,0.41,-0.02
subj_15,Magical,get sick,see something,get tired,CC,bio,mind,bio,0.38,0.62,0.25,0.39,0.34,-0.06
subj_15,Magical,jump up and down,see something,sit down,CC,action,mind,action,0.29,0.6,0.32,0.83,0.3,-0.52
subj_15,Magical,get tired,jump up and down,feel scared,CC,bio,action,bio,0.1,0.54,0.43,0.42,0.4,-0.02
subj_15,Magical,reach for something,become hungry,kick something,CC,action,bio,action,0.21,0.56,0.35,0.54,0.4,-0.15
subj_15,Magical,become hungry,take a walk,feel scared,CC,bio,action,bio,0.18,0.55,0.37,0.67,0.44,-0.22
subj_15,Magical,feel scared,see something,get tired,CC,bio,mind,bio,0.12,0.54,0.42,0.51,0.4,-0.11
subj_15,Magical,choose what to do,experience pain,remember something,CO,mind,bio,mind,0.2,0.57,0.36,0.15,0.36,0.22
subj_16,Magical,see something,take a walk,hear something,CO,mind,action,mind,0.2,0.58,0.38,0.42,0.18,-0.24
subj_16,Magical,remember something,take a walk,think about something,CO,mind,action,mind,0.24,0.61,0.37,0.07,0.15,0.08
subj_16,Magical,take a walk,think about something,sit down,CC,action,mind,action,0.26,0.58,0.32,0.77,0.33,-0.44
subj_16,Magical,sit down,experience pain,jump up and down,CC,action,bio,action,0.13,0.58,0.45,0.54,0.3,-0.23
subj_16,Magical,get tired,jump up and down,feel scared,CC,bio,action,bio,0.1,0.54,0.43,0.42,0.4,-0.02
subj_16,Magical,get sick,see something,get tired,CC,bio,mind,bio,0.38,0.62,0.25,0.39,0.34,-0.06
subj_16,Magical,experience pain,kick something,get tired,CC,bio,action,bio,0.13,0.51,0.38,0.43,0.41,-0.02
subj_16,Magical,become hungry,take a walk,feel scared,CC,bio,action,bio,0.18,0.55,0.37,0.67,0.44,-0.22
subj_16,Magical,choose what to do,experience pain,remember something,CO,mind,bio,mind,0.2,0.57,0.36,0.15,0.36,0.22
subj_16,Magical,kick something,think about something,sit down,CC,action,mind,action,0.37,0.6,0.23,0.7,0.42,-0.29
subj_16,Magical,feel scared,see something,get tired,CC,bio,mind,bio,0.12,0.54,0.42,0.51,0.4,-0.11
subj_16,Magical,jump up and down,see something,sit down,CC,action,mind,action,0.29,0.6,0.32,0.83,0.3,-0.52
subj_16,Magical,reach for something,become hungry,kick something,CC,action,bio,action,0.21,0.56,0.35,0.54,0.4,-0.15
subj_16,Magical,hear something,take a walk,see something,CO,mind,action,mind,0.25,0.58,0.33,0.44,0.18,-0.27
subj_16,Magical,think about something,get sick,remember something,CO,mind,bio,mind,0.25,0.65,0.4,0.08,0.15,0.08
subj_17,Ordinary,become hungry,take a walk,feel scared,CC,bio,action,bio,0.18,0.55,0.37,0.67,0.44,-0.22
subj_17,Ordinary,experience pain,kick something,get tired,CC,bio,action,bio,0.13,0.51,0.38,0.43,0.41,-0.02
subj_17,Ordinary,choose what to do,experience pain,remember something,CO,mind,bio,mind,0.2,0.57,0.36,0.15,0.36,0.22
subj_17,Ordinary,remember something,take a walk,think about something,CO,mind,action,mind,0.24,0.61,0.37,0.07,0.15,0.08
subj_17,Ordinary,jump up and down,see something,sit down,CO,action,mind,action,0.29,0.6,0.32,0.83,0.3,-0.52
subj_17,Ordinary,take a walk,think about something,sit down,CC,action,mind,action,0.26,0.58,0.32,0.77,0.33,-0.44
subj_17,Ordinary,sit down,experience pain,jump up and down,CC,action,bio,action,0.13,0.58,0.45,0.54,0.3,-0.23
subj_17,Ordinary,get tired,jump up and down,feel scared,CC,bio,action,bio,0.1,0.54,0.43,0.42,0.4,-0.02
subj_17,Ordinary,think about something,get sick,remember something,CO,mind,bio,mind,0.25,0.65,0.4,0.08,0.15,0.08
subj_17,Ordinary,get sick,see something,get tired,CC,bio,mind,bio,0.38,0.62,0.25,0.39,0.34,-0.06
subj_17,Ordinary,feel scared,see something,get tired,CC,bio,mind,bio,0.12,0.54,0.42,0.51,0.4,-0.11
subj_17,Ordinary,see something,take a walk,hear something,CC,mind,action,mind,0.2,0.58,0.38,0.42,0.18,-0.24
subj_17,Ordinary,hear something,take a walk,see something,CC,mind,action,mind,0.25,0.58,0.33,0.44,0.18,-0.27
subj_17,Ordinary,reach for something,become hungry,kick something,CC,action,bio,action,0.21,0.56,0.35,0.54,0.4,-0.15
subj_17,Ordinary,kick something,think about something,sit down,CC,action,mind,action,0.37,0.6,0.23,0.7,0.42,-0.29
subj_18,Magical,take a walk,think about something,sit down,CC,action,mind,action,0.26,0.58,0.32,0.77,0.33,-0.44
subj_18,Magical,reach for something,become hungry,kick something,CC,action,bio,action,0.21,0.56,0.35,0.54,0.4,-0.15
subj_18,Magical,choose what to do,experience pain,remember something,CO,mind,bio,mind,0.2,0.57,0.36,0.15,0.36,0.22
subj_18,Magical,jump up and down,see something,sit down,CC,action,mind,action,0.29,0.6,0.32,0.83,0.3,-0.52
subj_18,Magical,become hungry,take a walk,feel scared,CC,bio,action,bio,0.18,0.55,0.37,0.67,0.44,-0.22
subj_18,Magical,get tired,jump up and down,feel scared,CC,bio,action,bio,0.1,0.54,0.43,0.42,0.4,-0.02
subj_18,Magical,get sick,see something,get tired,CO,bio,mind,bio,0.38,0.62,0.25,0.39,0.34,-0.06
subj_18,Magical,feel scared,see something,get tired,CC,bio,mind,bio,0.12,0.54,0.42,0.51,0.4,-0.11
subj_18,Magical,hear something,take a walk,see something,CO,mind,action,mind,0.25,0.58,0.33,0.44,0.18,-0.27
subj_18,Magical,kick something,think about something,sit down,CC,action,mind,action,0.37,0.6,0.23,0.7,0.42,-0.29
subj_18,Magical,see something,take a walk,hear something,CO,mind,action,mind,0.2,0.58,0.38,0.42,0.18,-0.24
subj_18,Magical,experience pain,kick something,get tired,CC,bio,action,bio,0.13,0.51,0.38,0.43,0.41,-0.02
subj_18,Magical,sit down,experience pain,jump up and down,CC,action,bio,action,0.13,0.58,0.45,0.54,0.3,-0.23
subj_18,Magical,think about something,get sick,remember something,CO,mind,bio,mind,0.25,0.65,0.4,0.08,0.15,0.08
subj_18,Magical,remember something,take a walk,think about something,CO,mind,action,mind,0.24,0.61,0.37,0.07,0.15,0.08
subj_19,Ordinary,jump up and down,see something,sit down,CC,action,mind,action,0.29,0.6,0.32,0.83,0.3,-0.52
subj_19,Ordinary,see something,take a walk,hear something,CC,mind,action,mind,0.2,0.58,0.38,0.42,0.18,-0.24
subj_19,Ordinary,kick something,think about something,sit down,CC,action,mind,action,0.37,0.6,0.23,0.7,0.42,-0.29
subj_19,Ordinary,reach for something,become hungry,kick something,CC,action,bio,action,0.21,0.56,0.35,0.54,0.4,-0.15
subj_19,Ordinary,think about something,get sick,remember something,CO,mind,bio,mind,0.25,0.65,0.4,0.08,0.15,0.08
subj_19,Ordinary,sit down,experience pain,jump up and down,CO,action,bio,action,0.13,0.58,0.45,0.54,0.3,-0.23
subj_19,Ordinary,get tired,jump up and down,feel scared,CC,bio,action,bio,0.1,0.54,0.43,0.42,0.4,-0.02
subj_19,Ordinary,experience pain,kick something,get tired,CC,bio,action,bio,0.13,0.51,0.38,0.43,0.41,-0.02
subj_19,Ordinary,get sick,see something,get tired,CO,bio,mind,bio,0.38,0.62,0.25,0.39,0.34,-0.06
subj_19,Ordinary,take a walk,think about something,sit down,CC,action,mind,action,0.26,0.58,0.32,0.77,0.33,-0.44
subj_19,Ordinary,remember something,take a walk,think about something,CO,mind,action,mind,0.24,0.61,0.37,0.07,0.15,0.08
subj_19,Ordinary,feel scared,see something,get tired,CC,bio,mind,bio,0.12,0.54,0.42,0.51,0.4,-0.11
subj_19,Ordinary,hear something,take a walk,see something,CC,mind,action,mind,0.25,0.58,0.33,0.44,0.18,-0.27
subj_19,Ordinary,become hungry,take a walk,feel scared,CC,bio,action,bio,0.18,0.55,0.37,0.67,0.44,-0.22
subj_19,Ordinary,choose what to do,experience pain,remember something,CO,mind,bio,mind,0.2,0.57,0.36,0.15,0.36,0.22
subj_20,Ordinary,sit down,experience pain,jump up and down,CC,action,bio,action,0.13,0.58,0.45,0.54,0.3,-0.23
subj_20,Ordinary,choose what to do,experience pain,remember something,CC,mind,bio,mind,0.2,0.57,0.36,0.15,0.36,0.22
subj_20,Ordinary,feel scared,see something,get tired,CC,bio,mind,bio,0.12,0.54,0.42,0.51,0.4,-0.11
subj_20,Ordinary,reach for something,become hungry,kick something,CC,action,bio,action,0.21,0.56,0.35,0.54,0.4,-0.15
subj_20,Ordinary,get sick,see something,get tired,CC,bio,mind,bio,0.38,0.62,0.25,0.39,0.34,-0.06
subj_20,Ordinary,hear something,take a walk,see something,CC,mind,action,mind,0.25,0.58,0.33,0.44,0.18,-0.27
subj_20,Ordinary,get tired,jump up and down,feel scared,CO,bio,action,bio,0.1,0.54,0.43,0.42,0.4,-0.02
subj_20,Ordinary,kick something,think about something,sit down,CC,action,mind,action,0.37,0.6,0.23,0.7,0.42,-0.29
subj_20,Ordinary,think about something,get sick,remember something,CO,mind,bio,mind,0.25,0.65,0.4,0.08,0.15,0.08
subj_20,Ordinary,remember something,take a walk,think about something,CO,mind,action,mind,0.24,0.61,0.37,0.07,0.15,0.08
subj_20,Ordinary,see something,take a walk,hear something,CO,mind,action,mind,0.2,0.58,0.38,0.42,0.18,-0.24
subj_20,Ordinary,jump up and down,see something,sit down,CC,action,mind,action,0.29,0.6,0.32,0.83,0.3,-0.52
subj_20,Ordinary,become hungry,take a walk,feel scared,CC,bio,action,bio,0.18,0.55,0.37,0.67,0.44,-0.22
subj_20,Ordinary,take a walk,think about something,sit down,CC,action,mind,action,0.26,0.58,0.32,0.77,0.33,-0.44
subj_20,Ordinary,experience pain,kick something,get tired,CC,bio,action,bio,0.13,0.51,0.38,0.43,0.41,-0.02
subj_21,Ordinary,see something,take a walk,hear something,CO,mind,action,mind,0.2,0.58,0.38,0.42,0.18,-0.24
subj_21,Ordinary,get sick,see something,get tired,CO,bio,mind,bio,0.38,0.62,0.25,0.39,0.34,-0.06
subj_21,Ordinary,feel scared,see something,get tired,CC,bio,mind,bio,0.12,0.54,0.42,0.51,0.4,-0.11
subj_21,Ordinary,choose what to do,experience pain,remember something,CO,mind,bio,mind,0.2,0.57,0.36,0.15,0.36,0.22
subj_21,Ordinary,become hungry,take a walk,feel scared,CC,bio,action,bio,0.18,0.55,0.37,0.67,0.44,-0.22
subj_21,Ordinary,hear something,take a walk,see something,CO,mind,action,mind,0.25,0.58,0.33,0.44,0.18,-0.27
subj_21,Ordinary,reach for something,become hungry,kick something,CC,action,bio,action,0.21,0.56,0.35,0.54,0.4,-0.15
subj_21,Ordinary,experience pain,kick something,get tired,CC,bio,action,bio,0.13,0.51,0.38,0.43,0.41,-0.02
subj_21,Ordinary,take a walk,think about something,sit down,CO,action,mind,action,0.26,0.58,0.32,0.77,0.33,-0.44
subj_21,Ordinary,get tired,jump up and down,feel scared,CC,bio,action,bio,0.1,0.54,0.43,0.42,0.4,-0.02
subj_21,Ordinary,think about something,get sick,remember something,CO,mind,bio,mind,0.25,0.65,0.4,0.08,0.15,0.08
subj_21,Ordinary,jump up and down,see something,sit down,CC,action,mind,action,0.29,0.6,0.32,0.83,0.3,-0.52
subj_21,Ordinary,remember something,take a walk,think about something,CO,mind,action,mind,0.24,0.61,0.37,0.07,0.15,0.08
subj_21,Ordinary,sit down,experience pain,jump up and down,CO,action,bio,action,0.13,0.58,0.45,0.54,0.3,-0.23
subj_21,Ordinary,kick something,think about something,sit down,CO,action,mind,action,0.37,0.6,0.23,0.7,0.42,-0.29
subj_22,Magical,take a walk,think about something,sit down,CC,action,mind,action,0.26,0.58,0.32,0.77,0.33,-0.44
subj_22,Magical,think about something,get sick,remember something,CO,mind,bio,mind,0.25,0.65,0.4,0.08,0.15,0.08
subj_22,Magical,get tired,jump up and down,feel scared,CC,bio,action,bio,0.1,0.54,0.43,0.42,0.4,-0.02
subj_22,Magical,jump up and down,see something,sit down,CO,action,mind,action,0.29,0.6,0.32,0.83,0.3,-0.52
subj_22,Magical,sit down,experience pain,jump up and down,CC,action,bio,action,0.13,0.58,0.45,0.54,0.3,-0.23
subj_22,Magical,choose what to do,experience pain,remember something,CO,mind,bio,mind,0.2,0.57,0.36,0.15,0.36,0.22
subj_22,Magical,remember something,take a walk,think about something,CO,mind,action,mind,0.24,0.61,0.37,0.07,0.15,0.08
subj_22,Magical,reach for something,become hungry,kick something,CC,action,bio,action,0.21,0.56,0.35,0.54,0.4,-0.15
subj_22,Magical,become hungry,take a walk,feel scared,CC,bio,action,bio,0.18,0.55,0.37,0.67,0.44,-0.22
subj_22,Magical,hear something,take a walk,see something,CC,mind,action,mind,0.25,0.58,0.33,0.44,0.18,-0.27
subj_22,Magical,get sick,see something,get tired,CO,bio,mind,bio,0.38,0.62,0.25,0.39,0.34,-0.06
subj_22,Magical,kick something,think about something,sit down,CO,action,mind,action,0.37,0.6,0.23,0.7,0.42,-0.29
subj_22,Magical,feel scared,see something,get tired,CC,bio,mind,bio,0.12,0.54,0.42,0.51,0.4,-0.11
subj_22,Magical,see something,take a walk,hear something,CC,mind,action,mind,0.2,0.58,0.38,0.42,0.18,-0.24
subj_22,Magical,experience pain,kick something,get tired,CC,bio,action,bio,0.13,0.51,0.38,0.43,0.41,-0.02
subj_23,Magical,see something,take a walk,hear something,CO,mind,action,mind,0.2,0.58,0.38,0.42,0.18,-0.24
subj_23,Magical,think about something,get sick,remember something,CO,mind,bio,mind,0.25,0.65,0.4,0.08,0.15,0.08
subj_23,Magical,choose what to do,experience pain,remember something,CO,mind,bio,mind,0.2,0.57,0.36,0.15,0.36,0.22
subj_23,Magical,sit down,experience pain,jump up and down,CO,action,bio,action,0.13,0.58,0.45,0.54,0.3,-0.23
subj_23,Magical,take a walk,think about something,sit down,CO,action,mind,action,0.26,0.58,0.32,0.77,0.33,-0.44
subj_23,Magical,hear something,take a walk,see something,CO,mind,action,mind,0.25,0.58,0.33,0.44,0.18,-0.27
subj_23,Magical,get sick,see something,get tired,CO,bio,mind,bio,0.38,0.62,0.25,0.39,0.34,-0.06
subj_23,Magical,remember something,take a walk,think about something,CO,mind,action,mind,0.24,0.61,0.37,0.07,0.15,0.08
subj_23,Magical,jump up and down,see something,sit down,CO,action,mind,action,0.29,0.6,0.32,0.83,0.3,-0.52
subj_23,Magical,become hungry,take a walk,feel scared,CO,bio,action,bio,0.18,0.55,0.37,0.67,0.44,-0.22
subj_23,Magical,kick something,think about something,sit down,CO,action,mind,action,0.37,0.6,0.23,0.7,0.42,-0.29
subj_23,Magical,feel scared,see something,get tired,CO,bio,mind,bio,0.12,0.54,0.42,0.51,0.4,-0.11
subj_23,Magical,get tired,jump up and down,feel scared,CO,bio,action,bio,0.1,0.54,0.43,0.42,0.4,-0.02
subj_23,Magical,experience pain,kick something,get tired,CO,bio,action,bio,0.13,0.51,0.38,0.43,0.41,-0.02
subj_23,Magical,reach for something,become hungry,kick something,CO,action,bio,action,0.21,0.56,0.35,0.54,0.4,-0.15
subj_24,Ordinary,get tired,jump up and down,feel scared,CC,bio,action,bio,0.1,0.54,0.43,0.42,0.4,-0.02
subj_24,Ordinary,take a walk,think about something,sit down,CC,action,mind,action,0.26,0.58,0.32,0.77,0.33,-0.44
subj_24,Ordinary,feel scared,see something,get tired,CC,bio,mind,bio,0.12,0.54,0.42,0.51,0.4,-0.11
subj_24,Ordinary,sit down,experience pain,jump up and down,CC,action,bio,action,0.13,0.58,0.45,0.54,0.3,-0.23
subj_24,Ordinary,remember something,take a walk,think about something,CO,mind,action,mind,0.24,0.61,0.37,0.07,0.15,0.08
subj_24,Ordinary,see something,take a walk,hear something,CC,mind,action,mind,0.2,0.58,0.38,0.42,0.18,-0.24
subj_24,Ordinary,experience pain,kick something,get tired,CC,bio,action,bio,0.13,0.51,0.38,0.43,0.41,-0.02
subj_24,Ordinary,hear something,take a walk,see something,CC,mind,action,mind,0.25,0.58,0.33,0.44,0.18,-0.27
subj_24,Ordinary,jump up and down,see something,sit down,CC,action,mind,action,0.29,0.6,0.32,0.83,0.3,-0.52
subj_24,Ordinary,get sick,see something,get tired,CO,bio,mind,bio,0.38,0.62,0.25,0.39,0.34,-0.06
subj_24,Ordinary,choose what to do,experience pain,remember something,CO,mind,bio,mind,0.2,0.57,0.36,0.15,0.36,0.22
subj_24,Ordinary,become hungry,take a walk,feel scared,CC,bio,action,bio,0.18,0.55,0.37,0.67,0.44,-0.22
subj_24,Ordinary,kick something,think about something,sit down,CC,action,mind,action,0.37,0.6,0.23,0.7,0.42,-0.29
subj_24,Ordinary,think about something,get sick,remember something,CO,mind,bio,mind,0.25,0.65,0.4,0.08,0.15,0.08
subj_24,Ordinary,reach for something,become hungry,kick something,CC,action,bio,action,0.21,0.56,0.35,0.54,0.4,-0.15
subj_25,Magical,jump up and down,see something,sit down,CO,action,mind,action,0.29,0.6,0.32,0.83,0.3,-0.52
subj_25,Magical,experience pain,kick something,get tired,CO,bio,action,bio,0.13,0.51,0.38,0.43,0.41,-0.02
subj_25,Magical,sit down,experience pain,jump up and down,CO,action,bio,action,0.13,0.58,0.45,0.54,0.3,-0.23
subj_25,Magical,choose what to do,experience pain,remember something,CO,mind,bio,mind,0.2,0.57,0.36,0.15,0.36,0.22
subj_25,Magical,get tired,jump up and down,feel scared,CO,bio,action,bio,0.1,0.54,0.43,0.42,0.4,-0.02
subj_25,Magical,feel scared,see something,get tired,CO,bio,mind,bio,0.12,0.54,0.42,0.51,0.4,-0.11
subj_25,Magical,kick something,think about something,sit down,CO,action,mind,action,0.37,0.6,0.23,0.7,0.42,-0.29
subj_25,Magical,think about something,get sick,remember something,CO,mind,bio,mind,0.25,0.65,0.4,0.08,0.15,0.08
subj_25,Magical,remember something,take a walk,think about something,CO,mind,action,mind,0.24,0.61,0.37,0.07,0.15,0.08
subj_25,Magical,get sick,see something,get tired,CO,bio,mind,bio,0.38,0.62,0.25,0.39,0.34,-0.06
subj_25,Magical,reach for something,become hungry,kick something,CO,action,bio,action,0.21,0.56,0.35,0.54,0.4,-0.15
subj_25,Magical,take a walk,think about something,sit down,CC,action,mind,action,0.26,0.58,0.32,0.77,0.33,-0.44
subj_25,Magical,see something,take a walk,hear something,CO,mind,action,mind,0.2,0.58,0.38,0.42,0.18,-0.24
subj_25,Magical,become hungry,take a walk,feel scared,CC,bio,action,bio,0.18,0.55,0.37,0.67,0.44,-0.22
subj_25,Magical,hear something,take a walk,see something,CO,mind,action,mind,0.25,0.58,0.33,0.44,0.18,-0.27
subj_26,Ordinary,think about something,get sick,remember something,CO,mind,bio,mind,0.25,0.65,0.4,0.08,0.15,0.08
subj_26,Ordinary,get tired,jump up and down,feel scared,CC,bio,action,bio,0.1,0.54,0.43,0.42,0.4,-0.02
subj_26,Ordinary,become hungry,take a walk,feel scared,CC,bio,action,bio,0.18,0.55,0.37,0.67,0.44,-0.22
subj_26,Ordinary,get sick,see something,get tired,CO,bio,mind,bio,0.38,0.62,0.25,0.39,0.34,-0.06
subj_26,Ordinary,sit down,experience pain,jump up and down,CC,action,bio,action,0.13,0.58,0.45,0.54,0.3,-0.23
subj_26,Ordinary,remember something,take a walk,think about something,CO,mind,action,mind,0.24,0.61,0.37,0.07,0.15,0.08
subj_26,Ordinary,see something,take a walk,hear something,CC,mind,action,mind,0.2,0.58,0.38,0.42,0.18,-0.24
subj_26,Ordinary,feel scared,see something,get tired,CC,bio,mind,bio,0.12,0.54,0.42,0.51,0.4,-0.11
subj_26,Ordinary,take a walk,think about something,sit down,CC,action,mind,action,0.26,0.58,0.32,0.77,0.33,-0.44
subj_26,Ordinary,kick something,think about something,sit down,CC,action,mind,action,0.37,0.6,0.23,0.7,0.42,-0.29
subj_26,Ordinary,choose what to do,experience pain,remember something,CC,mind,bio,mind,0.2,0.57,0.36,0.15,0.36,0.22
subj_26,Ordinary,jump up and down,see something,sit down,CC,action,mind,action,0.29,0.6,0.32,0.83,0.3,-0.52
subj_26,Ordinary,hear something,take a walk,see something,CC,mind,action,mind,0.25,0.58,0.33,0.44,0.18,-0.27
subj_26,Ordinary,experience pain,kick something,get tired,CC,bio,action,bio,0.13,0.51,0.38,0.43,0.41,-0.02
subj_26,Ordinary,reach for something,become hungry,kick something,CC,action,bio,action,0.21,0.56,0.35,0.54,0.4,-0.15
subj_27,Ordinary,remember something,take a walk,think about something,CO,mind,action,mind,0.24,0.61,0.37,0.07,0.15,0.08
subj_27,Ordinary,hear something,take a walk,see something,CO,mind,action,mind,0.25,0.58,0.33,0.44,0.18,-0.27
subj_27,Ordinary,take a walk,think about something,sit down,CC,action,mind,action,0.26,0.58,0.32,0.77,0.33,-0.44
subj_27,Ordinary,jump up and down,see something,sit down,CC,action,mind,action,0.29,0.6,0.32,0.83,0.3,-0.52
subj_27,Ordinary,kick something,think about something,sit down,CC,action,mind,action,0.37,0.6,0.23,0.7,0.42,-0.29
subj_27,Ordinary,feel scared,see something,get tired,CC,bio,mind,bio,0.12,0.54,0.42,0.51,0.4,-0.11
subj_27,Ordinary,sit down,experience pain,jump up and down,CC,action,bio,action,0.13,0.58,0.45,0.54,0.3,-0.23
subj_27,Ordinary,choose what to do,experience pain,remember something,CC,mind,bio,mind,0.2,0.57,0.36,0.15,0.36,0.22
subj_27,Ordinary,become hungry,take a walk,feel scared,CC,bio,action,bio,0.18,0.55,0.37,0.67,0.44,-0.22
subj_27,Ordinary,get tired,jump up and down,feel scared,CC,bio,action,bio,0.1,0.54,0.43,0.42,0.4,-0.02
subj_27,Ordinary,get sick,see something,get tired,CO,bio,mind,bio,0.38,0.62,0.25,0.39,0.34,-0.06
subj_27,Ordinary,experience pain,kick something,get tired,CC,bio,action,bio,0.13,0.51,0.38,0.43,0.41,-0.02
subj_27,Ordinary,think about something,get sick,remember something,CO,mind,bio,mind,0.25,0.65,0.4,0.08,0.15,0.08
subj_27,Ordinary,reach for something,become hungry,kick something,CC,action,bio,action,0.21,0.56,0.35,0.54,0.4,-0.15
subj_27,Ordinary,see something,take a walk,hear something,CO,mind,action,mind,0.2,0.58,0.38,0.42,0.18,-0.24
subj_28,Magical,get sick,see something,get tired,CO,bio,mind,bio,0.38,0.62,0.25,0.39,0.34,-0.06
subj_28,Magical,take a walk,think about something,sit down,CO,action,mind,action,0.26,0.58,0.32,0.77,0.33,-0.44
subj_28,Magical,experience pain,kick something,get tired,CC,bio,action,bio,0.13,0.51,0.38,0.43,0.41,-0.02
subj_28,Magical,sit down,experience pain,jump up and down,CO,action,bio,action,0.13,0.58,0.45,0.54,0.3,-0.23
subj_28,Magical,hear something,take a walk,see something,CO,mind,action,mind,0.25,0.58,0.33,0.44,0.18,-0.27
subj_28,Magical,jump up and down,see something,sit down,CO,action,mind,action,0.29,0.6,0.32,0.83,0.3,-0.52
subj_28,Magical,think about something,get sick,remember something,CO,mind,bio,mind,0.25,0.65,0.4,0.08,0.15,0.08
subj_28,Magical,choose what to do,experience pain,remember something,CO,mind,bio,mind,0.2,0.57,0.36,0.15,0.36,0.22
subj_28,Magical,kick something,think about something,sit down,CO,action,mind,action,0.37,0.6,0.23,0.7,0.42,-0.29
subj_28,Magical,remember something,take a walk,think about something,CO,mind,action,mind,0.24,0.61,0.37,0.07,0.15,0.08
subj_28,Magical,see something,take a walk,hear something,CO,mind,action,mind,0.2,0.58,0.38,0.42,0.18,-0.24
subj_28,Magical,become hungry,take a walk,feel scared,CO,bio,action,bio,0.18,0.55,0.37,0.67,0.44,-0.22
subj_28,Magical,feel scared,see something,get tired,CC,bio,mind,bio,0.12,0.54,0.42,0.51,0.4,-0.11
subj_28,Magical,get tired,jump up and down,feel scared,CO,bio,action,bio,0.1,0.54,0.43,0.42,0.4,-0.02
subj_28,Magical,reach for something,become hungry,kick something,CO,action,bio,action,0.21,0.56,0.35,0.54,0.4,-0.15
subj_29,Magical,take a walk,think about something,sit down,CO,action,mind,action,0.26,0.58,0.32,0.77,0.33,-0.44
subj_29,Magical,jump up and down,see something,sit down,CO,action,mind,action,0.29,0.6,0.32,0.83,0.3,-0.52
subj_29,Magical,kick something,think about something,sit down,CC,action,mind,action,0.37,0.6,0.23,0.7,0.42,-0.29
subj_29,Magical,choose what to do,experience pain,remember something,CC,mind,bio,mind,0.2,0.57,0.36,0.15,0.36,0.22
subj_29,Magical,feel scared,see something,get tired,CC,bio,mind,bio,0.12,0.54,0.42,0.51,0.4,-0.11
subj_29,Magical,sit down,experience pain,jump up and down,CO,action,bio,action,0.13,0.58,0.45,0.54,0.3,-0.23
subj_29,Magical,get sick,see something,get tired,CO,bio,mind,bio,0.38,0.62,0.25,0.39,0.34,-0.06
subj_29,Magical,become hungry,take a walk,feel scared,CC,bio,action,bio,0.18,0.55,0.37,0.67,0.44,-0.22
subj_29,Magical,reach for something,become hungry,kick something,CC,action,bio,action,0.21,0.56,0.35,0.54,0.4,-0.15
subj_29,Magical,hear something,take a walk,see something,CC,mind,action,mind,0.25,0.58,0.33,0.44,0.18,-0.27
subj_29,Magical,remember something,take a walk,think about something,CO,mind,action,mind,0.24,0.61,0.37,0.07,0.15,0.08
subj_29,Magical,experience pain,kick something,get tired,CC,bio,action,bio,0.13,0.51,0.38,0.43,0.41,-0.02
subj_29,Magical,see something,take a walk,hear something,CC,mind,action,mind,0.2,0.58,0.38,0.42,0.18,-0.24
subj_29,Magical,think about something,get sick,remember something,CO,mind,bio,mind,0.25,0.65,0.4,0.08,0.15,0.08
subj_29,Magical,get tired,jump up and down,feel scared,CC,bio,action,bio,0.1,0.54,0.43,0.42,0.4,-0.02
subj_30,Magical,see something,take a walk,hear something,CC,mind,action,mind,0.2,0.58,0.38,0.42,0.18,-0.24
subj_30,Magical,take a walk,think about something,sit down,CC,action,mind,action,0.26,0.58,0.32,0.77,0.33,-0.44
subj_30,Magical,experience pain,kick something,get tired,CC,bio,action,bio,0.13,0.51,0.38,0.43,0.41,-0.02
subj_30,Magical,reach for something,become hungry,kick something,CO,action,bio,action,0.21,0.56,0.35,0.54,0.4,-0.15
subj_30,Magical,jump up and down,see something,sit down,CO,action,mind,action,0.29,0.6,0.32,0.83,0.3,-0.52
subj_30,Magical,think about something,get sick,remember something,CO,mind,bio,mind,0.25,0.65,0.4,0.08,0.15,0.08
subj_30,Magical,remember something,take a walk,think about something,CO,mind,action,mind,0.24,0.61,0.37,0.07,0.15,0.08
subj_30,Magical,get tired,jump up and down,feel scared,CO,bio,action,bio,0.1,0.54,0.43,0.42,0.4,-0.02
subj_30,Magical,get sick,see something,get tired,CO,bio,mind,bio,0.38,0.62,0.25,0.39,0.34,-0.06
subj_30,Magical,kick something,think about something,sit down,CC,action,mind,action,0.37,0.6,0.23,0.7,0.42,-0.29
subj_30,Magical,choose what to do,experience pain,remember something,CO,mind,bio,mind,0.2,0.57,0.36,0.15,0.36,0.22
subj_30,Magical,feel scared,see something,get tired,CO,bio,mind,bio,0.12,0.54,0.42,0.51,0.4,-0.11
subj_30,Magical,hear something,take a walk,see something,CO,mind,action,mind,0.25,0.58,0.33,0.44,0.18,-0.27
subj_30,Magical,become hungry,take a walk,feel scared,CO,bio,action,bio,0.18,0.55,0.37,0.67,0.44,-0.22
subj_30,Magical,sit down,experience pain,jump up and down,CO,action,bio,action,0.13,0.58,0.45,0.54,0.3,-0.23
subj_31,Ordinary,become hungry,take a walk,feel scared,CC,bio,action,bio,0.18,0.55,0.37,0.67,0.44,-0.22
subj_31,Ordinary,choose what to do,experience pain,remember something,CO,mind,bio,mind,0.2,0.57,0.36,0.15,0.36,0.22
subj_31,Ordinary,take a walk,think about something,sit down,CC,action,mind,action,0.26,0.58,0.32,0.77,0.33,-0.44
subj_31,Ordinary,get tired,jump up and down,feel scared,CC,bio,action,bio,0.1,0.54,0.43,0.42,0.4,-0.02
subj_31,Ordinary,jump up and down,see something,sit down,CC,action,mind,action,0.29,0.6,0.32,0.83,0.3,-0.52
subj_31,Ordinary,feel scared,see something,get tired,CC,bio,mind,bio,0.12,0.54,0.42,0.51,0.4,-0.11
subj_31,Ordinary,hear something,take a walk,see something,CC,mind,action,mind,0.25,0.58,0.33,0.44,0.18,-0.27
subj_31,Ordinary,see something,take a walk,hear something,CC,mind,action,mind,0.2,0.58,0.38,0.42,0.18,-0.24
subj_31,Ordinary,think about something,get sick,remember something,CO,mind,bio,mind,0.25,0.65,0.4,0.08,0.15,0.08
subj_31,Ordinary,experience pain,kick something,get tired,CC,bio,action,bio,0.13,0.51,0.38,0.43,0.41,-0.02
subj_31,Ordinary,get sick,see something,get tired,CO,bio,mind,bio,0.38,0.62,0.25,0.39,0.34,-0.06
subj_31,Ordinary,kick something,think about something,sit down,CC,action,mind,action,0.37,0.6,0.23,0.7,0.42,-0.29
subj_31,Ordinary,remember something,take a walk,think about something,CO,mind,action,mind,0.24,0.61,0.37,0.07,0.15,0.08
subj_31,Ordinary,sit down,experience pain,jump up and down,CO,action,bio,action,0.13,0.58,0.45,0.54,0.3,-0.23
subj_31,Ordinary,reach for something,become hungry,kick something,CC,action,bio,action,0.21,0.56,0.35,0.54,0.4,-0.15
subj_32,Magical,remember something,take a walk,think about something,CO,mind,action,mind,0.24,0.61,0.37,0.07,0.15,0.08
subj_32,Magical,think about something,get sick,remember something,CO,mind,bio,mind,0.25,0.65,0.4,0.08,0.15,0.08
subj_32,Magical,kick something,think about something,sit down,CC,action,mind,action,0.37,0.6,0.23,0.7,0.42,-0.29
subj_32,Magical,experience pain,kick something,get tired,CC,bio,action,bio,0.13,0.51,0.38,0.43,0.41,-0.02
subj_32,Magical,sit down,experience pain,jump up and down,CC,action,bio,action,0.13,0.58,0.45,0.54,0.3,-0.23
subj_32,Magical,take a walk,think about something,sit down,CC,action,mind,action,0.26,0.58,0.32,0.77,0.33,-0.44
subj_32,Magical,get tired,jump up and down,feel scared,CC,bio,action,bio,0.1,0.54,0.43,0.42,0.4,-0.02
subj_32,Magical,become hungry,take a walk,feel scared,CC,bio,action,bio,0.18,0.55,0.37,0.67,0.44,-0.22
subj_32,Magical,get sick,see something,get tired,CO,bio,mind,bio,0.38,0.62,0.25,0.39,0.34,-0.06
subj_32,Magical,choose what to do,experience pain,remember something,CO,mind,bio,mind,0.2,0.57,0.36,0.15,0.36,0.22
subj_32,Magical,feel scared,see something,get tired,CC,bio,mind,bio,0.12,0.54,0.42,0.51,0.4,-0.11
subj_32,Magical,jump up and down,see something,sit down,CC,action,mind,action,0.29,0.6,0.32,0.83,0.3,-0.52
subj_32,Magical,reach for something,become hungry,kick something,CO,action,bio,action,0.21,0.56,0.35,0.54,0.4,-0.15
subj_32,Magical,hear something,take a walk,see something,CC,mind,action,mind,0.25,0.58,0.33,0.44,0.18,-0.27
subj_32,Magical,see something,take a walk,hear something,CC,mind,action,mind,0.2,0.58,0.38,0.42,0.18,-0.24
subj_33,Ordinary,see something,take a walk,hear something,CC,mind,action,mind,0.2,0.58,0.38,0.42,0.18,-0.24
subj_33,Ordinary,choose what to do,experience pain,remember something,CO,mind,bio,mind,0.2,0.57,0.36,0.15,0.36,0.22
subj_33,Ordinary,experience pain,kick something,get tired,CC,bio,action,bio,0.13,0.51,0.38,0.43,0.41,-0.02
subj_33,Ordinary,remember something,take a walk,think about something,CO,mind,action,mind,0.24,0.61,0.37,0.07,0.15,0.08
subj_33,Ordinary,think about something,get sick,remember something,CO,mind,bio,mind,0.25,0.65,0.4,0.08,0.15,0.08
subj_33,Ordinary,become hungry,take a walk,feel scared,CC,bio,action,bio,0.18,0.55,0.37,0.67,0.44,-0.22
subj_33,Ordinary,hear something,take a walk,see something,CC,mind,action,mind,0.25,0.58,0.33,0.44,0.18,-0.27
subj_33,Ordinary,get sick,see something,get tired,CC,bio,mind,bio,0.38,0.62,0.25,0.39,0.34,-0.06
subj_33,Ordinary,get tired,jump up and down,feel scared,CC,bio,action,bio,0.1,0.54,0.43,0.42,0.4,-0.02
subj_33,Ordinary,kick something,think about something,sit down,CC,action,mind,action,0.37,0.6,0.23,0.7,0.42,-0.29
subj_33,Ordinary,feel scared,see something,get tired,CC,bio,mind,bio,0.12,0.54,0.42,0.51,0.4,-0.11
subj_33,Ordinary,reach for something,become hungry,kick something,CC,action,bio,action,0.21,0.56,0.35,0.54,0.4,-0.15
subj_33,Ordinary,take a walk,think about something,sit down,CC,action,mind,action,0.26,0.58,0.32,0.77,0.33,-0.44
subj_33,Ordinary,jump up and down,see something,sit down,CC,action,mind,action,0.29,0.6,0.32,0.83,0.3,-0.52
subj_33,Ordinary,sit down,experience pain,jump up and down,CC,action,bio,action,0.13,0.58,0.45,0.54,0.3,-0.23
subj_34,Ordinary,hear something,take a walk,see something,CC,mind,action,mind,0.25,0.58,0.33,0.44,0.18,-0.27
subj_34,Ordinary,sit down,experience pain,jump up and down,CC,action,bio,action,0.13,0.58,0.45,0.54,0.3,-0.23
subj_34,Ordinary,kick something,think about something,sit down,CC,action,mind,action,0.37,0.6,0.23,0.7,0.42,-0.29
subj_34,Ordinary,jump up and down,see something,sit down,CC,action,mind,action,0.29,0.6,0.32,0.83,0.3,-0.52
subj_34,Ordinary,experience pain,kick something,get tired,CO,bio,action,bio,0.13,0.51,0.38,0.43,0.41,-0.02
subj_34,Ordinary,think about something,get sick,remember something,CO,mind,bio,mind,0.25,0.65,0.4,0.08,0.15,0.08
subj_34,Ordinary,see something,take a walk,hear something,CC,mind,action,mind,0.2,0.58,0.38,0.42,0.18,-0.24
subj_34,Ordinary,feel scared,see something,get tired,CC,bio,mind,bio,0.12,0.54,0.42,0.51,0.4,-0.11
subj_34,Ordinary,remember something,take a walk,think about something,CO,mind,action,mind,0.24,0.61,0.37,0.07,0.15,0.08
subj_34,Ordinary,get sick,see something,get tired,CO,bio,mind,bio,0.38,0.62,0.25,0.39,0.34,-0.06
subj_34,Ordinary,reach for something,become hungry,kick something,CC,action,bio,action,0.21,0.56,0.35,0.54,0.4,-0.15
subj_34,Ordinary,become hungry,take a walk,feel scared,CC,bio,action,bio,0.18,0.55,0.37,0.67,0.44,-0.22
subj_34,Ordinary,get tired,jump up and down,feel scared,CC,bio,action,bio,0.1,0.54,0.43,0.42,0.4,-0.02
subj_34,Ordinary,choose what to do,experience pain,remember something,CO,mind,bio,mind,0.2,0.57,0.36,0.15,0.36,0.22
subj_34,Ordinary,take a walk,think about something,sit down,CC,action,mind,action,0.26,0.58,0.32,0.77,0.33,-0.44
subj_35,Magical,take a walk,think about something,sit down,CO,action,mind,action,0.26,0.58,0.32,0.77,0.33,-0.44
subj_35,Magical,sit down,experience pain,jump up and down,CO,action,bio,action,0.13,0.58,0.45,0.54,0.3,-0.23
subj_35,Magical,see something,take a walk,hear something,CO,mind,action,mind,0.2,0.58,0.38,0.42,0.18,-0.24
subj_35,Magical,get tired,jump up and down,feel scared,CC,bio,action,bio,0.1,0.54,0.43,0.42,0.4,-0.02
subj_35,Magical,feel scared,see something,get tired,CC,bio,mind,bio,0.12,0.54,0.42,0.51,0.4,-0.11
subj_35,Magical,kick something,think about something,sit down,CO,action,mind,action,0.37,0.6,0.23,0.7,0.42,-0.29
subj_35,Magical,reach for something,become hungry,kick something,CO,action,bio,action,0.21,0.56,0.35,0.54,0.4,-0.15
subj_35,Magical,think about something,get sick,remember something,CO,mind,bio,mind,0.25,0.65,0.4,0.08,0.15,0.08
subj_35,Magical,jump up and down,see something,sit down,CO,action,mind,action,0.29,0.6,0.32,0.83,0.3,-0.52
subj_35,Magical,become hungry,take a walk,feel scared,CC,bio,action,bio,0.18,0.55,0.37,0.67,0.44,-0.22
subj_35,Magical,experience pain,kick something,get tired,CC,bio,action,bio,0.13,0.51,0.38,0.43,0.41,-0.02
subj_35,Magical,choose what to do,experience pain,remember something,CO,mind,bio,mind,0.2,0.57,0.36,0.15,0.36,0.22
subj_35,Magical,remember something,take a walk,think about something,CO,mind,action,mind,0.24,0.61,0.37,0.07,0.15,0.08
subj_35,Magical,hear something,take a walk,see something,CO,mind,action,mind,0.25,0.58,0.33,0.44,0.18,-0.27
subj_35,Magical,get sick,see something,get tired,CO,bio,mind,bio,0.38,0.62,0.25,0.39,0.34,-0.06
subj_36,Ordinary,jump up and down,see something,sit down,CO,action,mind,action,0.29,0.6,0.32,0.83,0.3,-0.52
subj_36,Ordinary,hear something,take a walk,see something,CC,mind,action,mind,0.25,0.58,0.33,0.44,0.18,-0.27
subj_36,Ordinary,reach for something,become hungry,kick something,CO,action,bio,action,0.21,0.56,0.35,0.54,0.4,-0.15
subj_36,Ordinary,think about something,get sick,remember something,CO,mind,bio,mind,0.25,0.65,0.4,0.08,0.15,0.08
subj_36,Ordinary,become hungry,take a walk,feel scared,CC,bio,action,bio,0.18,0.55,0.37,0.67,0.44,-0.22
subj_36,Ordinary,take a walk,think about something,sit down,CC,action,mind,action,0.26,0.58,0.32,0.77,0.33,-0.44
subj_36,Ordinary,experience pain,kick something,get tired,CC,bio,action,bio,0.13,0.51,0.38,0.43,0.41,-0.02
subj_36,Ordinary,get sick,see something,get tired,CO,bio,mind,bio,0.38,0.62,0.25,0.39,0.34,-0.06
subj_36,Ordinary,remember something,take a walk,think about something,CO,mind,action,mind,0.24,0.61,0.37,0.07,0.15,0.08
subj_36,Ordinary,get tired,jump up and down,feel scared,CC,bio,action,bio,0.1,0.54,0.43,0.42,0.4,-0.02
subj_36,Ordinary,see something,take a walk,hear something,CC,mind,action,mind,0.2,0.58,0.38,0.42,0.18,-0.24
subj_36,Ordinary,kick something,think about something,sit down,CC,action,mind,action,0.37,0.6,0.23,0.7,0.42,-0.29
subj_36,Ordinary,sit down,experience pain,jump up and down,CC,action,bio,action,0.13,0.58,0.45,0.54,0.3,-0.23
subj_36,Ordinary,choose what to do,experience pain,remember something,CO,mind,bio,mind,0.2,0.57,0.36,0.15,0.36,0.22
subj_36,Ordinary,feel scared,see something,get tired,CC,bio,mind,bio,0.12,0.54,0.42,0.51,0.4,-0.11
subj_37,Magical,sit down,experience pain,jump up and down,CO,action,bio,action,0.13,0.58,0.45,0.54,0.3,-0.23
subj_37,Magical,see something,take a walk,hear something,CC,mind,action,mind,0.2,0.58,0.38,0.42,0.18,-0.24
subj_37,Magical,remember something,take a walk,think about something,CO,mind,action,mind,0.24,0.61,0.37,0.07,0.15,0.08
subj_37,Magical,kick something,think about something,sit down,CC,action,mind,action,0.37,0.6,0.23,0.7,0.42,-0.29
subj_37,Magical,jump up and down,see something,sit down,CO,action,mind,action,0.29,0.6,0.32,0.83,0.3,-0.52
subj_37,Magical,take a walk,think about something,sit down,CC,action,mind,action,0.26,0.58,0.32,0.77,0.33,-0.44
subj_37,Magical,experience pain,kick something,get tired,CO,bio,action,bio,0.13,0.51,0.38,0.43,0.41,-0.02
subj_37,Magical,hear something,take a walk,see something,CO,mind,action,mind,0.25,0.58,0.33,0.44,0.18,-0.27
subj_37,Magical,think about something,get sick,remember something,CO,mind,bio,mind,0.25,0.65,0.4,0.08,0.15,0.08
subj_37,Magical,reach for something,become hungry,kick something,CO,action,bio,action,0.21,0.56,0.35,0.54,0.4,-0.15
subj_37,Magical,choose what to do,experience pain,remember something,CO,mind,bio,mind,0.2,0.57,0.36,0.15,0.36,0.22
subj_37,Magical,get sick,see something,get tired,CO,bio,mind,bio,0.38,0.62,0.25,0.39,0.34,-0.06
subj_37,Magical,get tired,jump up and down,feel scared,CO,bio,action,bio,0.1,0.54,0.43,0.42,0.4,-0.02
subj_37,Magical,feel scared,see something,get tired,CO,bio,mind,bio,0.12,0.54,0.42,0.51,0.4,-0.11
subj_37,Magical,become hungry,take a walk,feel scared,CC,bio,action,bio,0.18,0.55,0.37,0.67,0.44,-0.22
subj_38,Magical,sit down,experience pain,jump up and down,CO,action,bio,action,0.13,0.58,0.45,0.54,0.3,-0.23
subj_38,Magical,hear something,take a walk,see something,CO,mind,action,mind,0.25,0.58,0.33,0.44,0.18,-0.27
subj_38,Magical,remember something,take a walk,think about something,CO,mind,action,mind,0.24,0.61,0.37,0.07,0.15,0.08
subj_38,Magical,reach for something,become hungry,kick something,CO,action,bio,action,0.21,0.56,0.35,0.54,0.4,-0.15
subj_38,Magical,kick something,think about something,sit down,CO,action,mind,action,0.37,0.6,0.23,0.7,0.42,-0.29
subj_38,Magical,think about something,get sick,remember something,CO,mind,bio,mind,0.25,0.65,0.4,0.08,0.15,0.08
subj_38,Magical,become hungry,take a walk,feel scared,CC,bio,action,bio,0.18,0.55,0.37,0.67,0.44,-0.22
subj_38,Magical,take a walk,think about something,sit down,CO,action,mind,action,0.26,0.58,0.32,0.77,0.33,-0.44
subj_38,Magical,get sick,see something,get tired,CO,bio,mind,bio,0.38,0.62,0.25,0.39,0.34,-0.06
subj_38,Magical,get tired,jump up and down,feel scared,CC,bio,action,bio,0.1,0.54,0.43,0.42,0.4,-0.02
subj_38,Magical,see something,take a walk,hear something,CO,mind,action,mind,0.2,0.58,0.38,0.42,0.18,-0.24
subj_38,Magical,experience pain,kick something,get tired,CO,bio,action,bio,0.13,0.51,0.38,0.43,0.41,-0.02
subj_38,Magical,feel scared,see something,get tired,CO,bio,mind,bio,0.12,0.54,0.42,0.51,0.4,-0.11
subj_38,Magical,jump up and down,see something,sit down,CO,action,mind,action,0.29,0.6,0.32,0.83,0.3,-0.52
subj_38,Magical,choose what to do,experience pain,remember something,CO,mind,bio,mind,0.2,0.57,0.36,0.15,0.36,0.22
subj_39,Ordinary,get sick,see something,get tired,CO,bio,mind,bio,0.38,0.62,0.25,0.39,0.34,-0.06
subj_39,Ordinary,kick something,think about something,sit down,CC,action,mind,action,0.37,0.6,0.23,0.7,0.42,-0.29
subj_39,Ordinary,experience pain,kick something,get tired,CC,bio,action,bio,0.13,0.51,0.38,0.43,0.41,-0.02
subj_39,Ordinary,sit down,experience pain,jump up and down,CC,action,bio,action,0.13,0.58,0.45,0.54,0.3,-0.23
subj_39,Ordinary,take a walk,think about something,sit down,CC,action,mind,action,0.26,0.58,0.32,0.77,0.33,-0.44
subj_39,Ordinary,feel scared,see something,get tired,CC,bio,mind,bio,0.12,0.54,0.42,0.51,0.4,-0.11
subj_39,Ordinary,remember something,take a walk,think about something,CO,mind,action,mind,0.24,0.61,0.37,0.07,0.15,0.08
subj_39,Ordinary,see something,take a walk,hear something,CC,mind,action,mind,0.2,0.58,0.38,0.42,0.18,-0.24
subj_39,Ordinary,get tired,jump up and down,feel scared,CC,bio,action,bio,0.1,0.54,0.43,0.42,0.4,-0.02
subj_39,Ordinary,hear something,take a walk,see something,CC,mind,action,mind,0.25,0.58,0.33,0.44,0.18,-0.27
subj_39,Ordinary,reach for something,become hungry,kick something,CO,action,bio,action,0.21,0.56,0.35,0.54,0.4,-0.15
subj_39,Ordinary,jump up and down,see something,sit down,CC,action,mind,action,0.29,0.6,0.32,0.83,0.3,-0.52
subj_39,Ordinary,choose what to do,experience pain,remember something,CO,mind,bio,mind,0.2,0.57,0.36,0.15,0.36,0.22
subj_39,Ordinary,become hungry,take a walk,feel scared,CC,bio,action,bio,0.18,0.55,0.37,0.67,0.44,-0.22
subj_39,Ordinary,think about something,get sick,remember something,CO,mind,bio,mind,0.25,0.65,0.4,0.08,0.15,0.08
subj_40,Magical,sit down,experience pain,jump up and down,CO,action,bio,action,0.13,0.58,0.45,0.54,0.3,-0.23
subj_40,Magical,experience pain,kick something,get tired,CC,bio,action,bio,0.13,0.51,0.38,0.43,0.41,-0.02
subj_40,Magical,take a walk,think about something,sit down,CC,action,mind,action,0.26,0.58,0.32,0.77,0.33,-0.44
subj_40,Magical,kick something,think about something,sit down,CC,action,mind,action,0.37,0.6,0.23,0.7,0.42,-0.29
subj_40,Magical,see something,take a walk,hear something,CC,mind,action,mind,0.2,0.58,0.38,0.42,0.18,-0.24
subj_40,Magical,choose what to do,experience pain,remember something,CO,mind,bio,mind,0.2,0.57,0.36,0.15,0.36,0.22
subj_40,Magical,jump up and down,see something,sit down,CO,action,mind,action,0.29,0.6,0.32,0.83,0.3,-0.52
subj_40,Magical,become hungry,take a walk,feel scared,CO,bio,action,bio,0.18,0.55,0.37,0.67,0.44,-0.22
subj_40,Magical,hear something,take a walk,see something,CC,mind,action,mind,0.25,0.58,0.33,0.44,0.18,-0.27
subj_40,Magical,think about something,get sick,remember something,CO,mind,bio,mind,0.25,0.65,0.4,0.08,0.15,0.08
subj_40,Magical,get sick,see something,get tired,CO,bio,mind,bio,0.38,0.62,0.25,0.39,0.34,-0.06
subj_40,Magical,feel scared,see something,get tired,CC,bio,mind,bio,0.12,0.54,0.42,0.51,0.4,-0.11
subj_40,Magical,get tired,jump up and down,feel scared,CC,bio,action,bio,0.1,0.54,0.43,0.42,0.4,-0.02
subj_40,Magical,reach for something,become hungry,kick something,CC,action,bio,action,0.21,0.56,0.35,0.54,0.4,-0.15
subj_40,Magical,remember something,take a walk,think about something,CO,mind,action,mind,0.24,0.61,0.37,0.07,0.15,0.08
subj_41,Magical,jump up and down,see something,sit down,CC,action,mind,action,0.29,0.6,0.32,0.83,0.3,-0.52
subj_41,Magical,take a walk,think about something,sit down,CC,action,mind,action,0.26,0.58,0.32,0.77,0.33,-0.44
subj_41,Magical,sit down,experience pain,jump up and down,CC,action,bio,action,0.13,0.58,0.45,0.54,0.3,-0.23
subj_41,Magical,become hungry,take a walk,feel scared,CC,bio,action,bio,0.18,0.55,0.37,0.67,0.44,-0.22
subj_41,Magical,get tired,jump up and down,feel scared,CC,bio,action,bio,0.1,0.54,0.43,0.42,0.4,-0.02
subj_41,Magical,hear something,take a walk,see something,CC,mind,action,mind,0.25,0.58,0.33,0.44,0.18,-0.27
subj_41,Magical,choose what to do,experience pain,remember something,CO,mind,bio,mind,0.2,0.57,0.36,0.15,0.36,0.22
subj_41,Magical,get sick,see something,get tired,CO,bio,mind,bio,0.38,0.62,0.25,0.39,0.34,-0.06
subj_41,Magical,think about something,get sick,remember something,CO,mind,bio,mind,0.25,0.65,0.4,0.08,0.15,0.08
subj_41,Magical,feel scared,see something,get tired,CC,bio,mind,bio,0.12,0.54,0.42,0.51,0.4,-0.11
subj_41,Magical,remember something,take a walk,think about something,CO,mind,action,mind,0.24,0.61,0.37,0.07,0.15,0.08
subj_41,Magical,kick something,think about something,sit down,CC,action,mind,action,0.37,0.6,0.23,0.7,0.42,-0.29
subj_41,Magical,see something,take a walk,hear something,CC,mind,action,mind,0.2,0.58,0.38,0.42,0.18,-0.24
subj_41,Magical,reach for something,become hungry,kick something,CC,action,bio,action,0.21,0.56,0.35,0.54,0.4,-0.15
subj_41,Magical,experience pain,kick something,get tired,CC,bio,action,bio,0.13,0.51,0.38,0.43,0.41,-0.02
subj_42,Magical,jump up and down,see something,sit down,CO,action,mind,action,0.29,0.6,0.32,0.83,0.3,-0.52
subj_42,Magical,see something,take a walk,hear something,CO,mind,action,mind,0.2,0.58,0.38,0.42,0.18,-0.24
subj_42,Magical,kick something,think about something,sit down,CO,action,mind,action,0.37,0.6,0.23,0.7,0.42,-0.29
subj_42,Magical,take a walk,think about something,sit down,CO,action,mind,action,0.26,0.58,0.32,0.77,0.33,-0.44
subj_42,Magical,hear something,take a walk,see something,CO,mind,action,mind,0.25,0.58,0.33,0.44,0.18,-0.27
subj_42,Magical,remember something,take a walk,think about something,CO,mind,action,mind,0.24,0.61,0.37,0.07,0.15,0.08
subj_42,Magical,choose what to do,experience pain,remember something,CO,mind,bio,mind,0.2,0.57,0.36,0.15,0.36,0.22
subj_42,Magical,reach for something,become hungry,kick something,CC,action,bio,action,0.21,0.56,0.35,0.54,0.4,-0.15
subj_42,Magical,get sick,see something,get tired,CO,bio,mind,bio,0.38,0.62,0.25,0.39,0.34,-0.06
subj_42,Magical,think about something,get sick,remember something,CO,mind,bio,mind,0.25,0.65,0.4,0.08,0.15,0.08
subj_42,Magical,become hungry,take a walk,feel scared,CO,bio,action,bio,0.18,0.55,0.37,0.67,0.44,-0.22
subj_42,Magical,sit down,experience pain,jump up and down,CO,action,bio,action,0.13,0.58,0.45,0.54,0.3,-0.23
subj_42,Magical,feel scared,see something,get tired,CC,bio,mind,bio,0.12,0.54,0.42,0.51,0.4,-0.11
subj_42,Magical,get tired,jump up and down,feel scared,CC,bio,action,bio,0.1,0.54,0.43,0.42,0.4,-0.02
subj_42,Magical,experience pain,kick something,get tired,CC,bio,action,bio,0.13,0.51,0.38,0.43,0.41,-0.02
subj_43,Ordinary,jump up and down,see something,sit down,CC,action,mind,action,0.29,0.6,0.32,0.83,0.3,-0.52
subj_43,Ordinary,hear something,take a walk,see something,CC,mind,action,mind,0.25,0.58,0.33,0.44,0.18,-0.27
subj_43,Ordinary,take a walk,think about something,sit down,CC,action,mind,action,0.26,0.58,0.32,0.77,0.33,-0.44
subj_43,Ordinary,think about something,get sick,remember something,CO,mind,bio,mind,0.25,0.65,0.4,0.08,0.15,0.08
subj_43,Ordinary,get sick,see something,get tired,CO,bio,mind,bio,0.38,0.62,0.25,0.39,0.34,-0.06
subj_43,Ordinary,reach for something,become hungry,kick something,CC,action,bio,action,0.21,0.56,0.35,0.54,0.4,-0.15
subj_43,Ordinary,see something,take a walk,hear something,CC,mind,action,mind,0.2,0.58,0.38,0.42,0.18,-0.24
subj_43,Ordinary,become hungry,take a walk,feel scared,CC,bio,action,bio,0.18,0.55,0.37,0.67,0.44,-0.22
subj_43,Ordinary,choose what to do,experience pain,remember something,CO,mind,bio,mind,0.2,0.57,0.36,0.15,0.36,0.22
subj_43,Ordinary,experience pain,kick something,get tired,CC,bio,action,bio,0.13,0.51,0.38,0.43,0.41,-0.02
subj_43,Ordinary,sit down,experience pain,jump up and down,CC,action,bio,action,0.13,0.58,0.45,0.54,0.3,-0.23
subj_43,Ordinary,kick something,think about something,sit down,CC,action,mind,action,0.37,0.6,0.23,0.7,0.42,-0.29
subj_43,Ordinary,get tired,jump up and down,feel scared,CC,bio,action,bio,0.1,0.54,0.43,0.42,0.4,-0.02
subj_43,Ordinary,remember something,take a walk,think about something,CO,mind,action,mind,0.24,0.61,0.37,0.07,0.15,0.08
subj_43,Ordinary,feel scared,see something,get tired,CC,bio,mind,bio,0.12,0.54,0.42,0.51,0.4,-0.11
subj_44,Magical,reach for something,become hungry,kick something,CO,action,bio,action,0.21,0.56,0.35,0.54,0.4,-0.15
subj_44,Magical,hear something,take a walk,see something,CO,mind,action,mind,0.25,0.58,0.33,0.44,0.18,-0.27
subj_44,Magical,experience pain,kick something,get tired,CO,bio,action,bio,0.13,0.51,0.38,0.43,0.41,-0.02
subj_44,Magical,choose what to do,experience pain,remember something,CO,mind,bio,mind,0.2,0.57,0.36,0.15,0.36,0.22
subj_44,Magical,become hungry,take a walk,feel scared,CC,bio,action,bio,0.18,0.55,0.37,0.67,0.44,-0.22
subj_44,Magical,take a walk,think about something,sit down,CO,action,mind,action,0.26,0.58,0.32,0.77,0.33,-0.44
subj_44,Magical,see something,take a walk,hear something,CO,mind,action,mind,0.2,0.58,0.38,0.42,0.18,-0.24
subj_44,Magical,get tired,jump up and down,feel scared,CC,bio,action,bio,0.1,0.54,0.43,0.42,0.4,-0.02
subj_44,Magical,remember something,take a walk,think about something,CO,mind,action,mind,0.24,0.61,0.37,0.07,0.15,0.08
subj_44,Magical,get sick,see something,get tired,CO,bio,mind,bio,0.38,0.62,0.25,0.39,0.34,-0.06
subj_44,Magical,kick something,think about something,sit down,CO,action,mind,action,0.37,0.6,0.23,0.7,0.42,-0.29
subj_44,Magical,jump up and down,see something,sit down,CO,action,mind,action,0.29,0.6,0.32,0.83,0.3,-0.52
subj_44,Magical,feel scared,see something,get tired,CC,bio,mind,bio,0.12,0.54,0.42,0.51,0.4,-0.11
subj_44,Magical,think about something,get sick,remember something,CO,mind,bio,mind,0.25,0.65,0.4,0.08,0.15,0.08
subj_44,Magical,sit down,experience pain,jump up and down,CO,action,bio,action,0.13,0.58,0.45,0.54,0.3,-0.23
subj_45,Ordinary,sit down,experience pain,jump up and down,CO,action,bio,action,0.13,0.58,0.45,0.54,0.3,-0.23
subj_45,Ordinary,get sick,see something,get tired,CC,bio,mind,bio,0.38,0.62,0.25,0.39,0.34,-0.06
subj_45,Ordinary,choose what to do,experience pain,remember something,CO,mind,bio,mind,0.2,0.57,0.36,0.15,0.36,0.22
subj_45,Ordinary,reach for something,become hungry,kick something,CO,action,bio,action,0.21,0.56,0.35,0.54,0.4,-0.15
subj_45,Ordinary,take a walk,think about something,sit down,CC,action,mind,action,0.26,0.58,0.32,0.77,0.33,-0.44
subj_45,Ordinary,hear something,take a walk,see something,CC,mind,action,mind,0.25,0.58,0.33,0.44,0.18,-0.27
subj_45,Ordinary,jump up and down,see something,sit down,CO,action,mind,action,0.29,0.6,0.32,0.83,0.3,-0.52
subj_45,Ordinary,experience pain,kick something,get tired,CC,bio,action,bio,0.13,0.51,0.38,0.43,0.41,-0.02
subj_45,Ordinary,kick something,think about something,sit down,CC,action,mind,action,0.37,0.6,0.23,0.7,0.42,-0.29
subj_45,Ordinary,feel scared,see something,get tired,CC,bio,mind,bio,0.12,0.54,0.42,0.51,0.4,-0.11
subj_45,Ordinary,get tired,jump up and down,feel scared,CC,bio,action,bio,0.1,0.54,0.43,0.42,0.4,-0.02
subj_45,Ordinary,think about something,get sick,remember something,CO,mind,bio,mind,0.25,0.65,0.4,0.08,0.15,0.08
subj_45,Ordinary,become hungry,take a walk,feel scared,CC,bio,action,bio,0.18,0.55,0.37,0.67,0.44,-0.22
subj_45,Ordinary,see something,take a walk,hear something,CC,mind,action,mind,0.2,0.58,0.38,0.42,0.18,-0.24
subj_45,Ordinary,remember something,take a walk,think about something,CO,mind,action,mind,0.24,0.61,0.37,0.07,0.15,0.08
subj_46,Magical,take a walk,think about something,sit down,CC,action,mind,action,0.26,0.58,0.32,0.77,0.33,-0.44
subj_46,Magical,reach for something,become hungry,kick something,CC,action,bio,action,0.21,0.56,0.35,0.54,0.4,-0.15
subj_46,Magical,see something,take a walk,hear something,CO,mind,action,mind,0.2,0.58,0.38,0.42,0.18,-0.24
subj_46,Magical,feel scared,see something,get tired,CC,bio,mind,bio,0.12,0.54,0.42,0.51,0.4,-0.11
subj_46,Magical,sit down,experience pain,jump up and down,CO,action,bio,action,0.13,0.58,0.45,0.54,0.3,-0.23
subj_46,Magical,choose what to do,experience pain,remember something,CC,mind,bio,mind,0.2,0.57,0.36,0.15,0.36,0.22
subj_46,Magical,hear something,take a walk,see something,CO,mind,action,mind,0.25,0.58,0.33,0.44,0.18,-0.27
subj_46,Magical,remember something,take a walk,think about something,CO,mind,action,mind,0.24,0.61,0.37,0.07,0.15,0.08
subj_46,Magical,jump up and down,see something,sit down,CC,action,mind,action,0.29,0.6,0.32,0.83,0.3,-0.52
subj_46,Magical,experience pain,kick something,get tired,CC,bio,action,bio,0.13,0.51,0.38,0.43,0.41,-0.02
subj_46,Magical,become hungry,take a walk,feel scared,CO,bio,action,bio,0.18,0.55,0.37,0.67,0.44,-0.22
subj_46,Magical,get tired,jump up and down,feel scared,CC,bio,action,bio,0.1,0.54,0.43,0.42,0.4,-0.02
subj_46,Magical,get sick,see something,get tired,CO,bio,mind,bio,0.38,0.62,0.25,0.39,0.34,-0.06
subj_46,Magical,kick something,think about something,sit down,CO,action,mind,action,0.37,0.6,0.23,0.7,0.42,-0.29
subj_46,Magical,think about something,get sick,remember something,CO,mind,bio,mind,0.25,0.65,0.4,0.08,0.15,0.08
subj_47,Ordinary,sit down,experience pain,jump up and down,CC,action,bio,action,0.13,0.58,0.45,0.54,0.3,-0.23
subj_47,Ordinary,choose what to do,experience pain,remember something,CC,mind,bio,mind,0.2,0.57,0.36,0.15,0.36,0.22
subj_47,Ordinary,kick something,think about something,sit down,CC,action,mind,action,0.37,0.6,0.23,0.7,0.42,-0.29
subj_47,Ordinary,get sick,see something,get tired,CO,bio,mind,bio,0.38,0.62,0.25,0.39,0.34,-0.06
subj_47,Ordinary,think about something,get sick,remember something,CO,mind,bio,mind,0.25,0.65,0.4,0.08,0.15,0.08
subj_47,Ordinary,remember something,take a walk,think about something,CO,mind,action,mind,0.24,0.61,0.37,0.07,0.15,0.08
subj_47,Ordinary,become hungry,take a walk,feel scared,CC,bio,action,bio,0.18,0.55,0.37,0.67,0.44,-0.22
subj_47,Ordinary,see something,take a walk,hear something,CC,mind,action,mind,0.2,0.58,0.38,0.42,0.18,-0.24
subj_47,Ordinary,take a walk,think about something,sit down,CC,action,mind,action,0.26,0.58,0.32,0.77,0.33,-0.44
subj_47,Ordinary,feel scared,see something,get tired,CC,bio,mind,bio,0.12,0.54,0.42,0.51,0.4,-0.11
subj_47,Ordinary,experience pain,kick something,get tired,CC,bio,action,bio,0.13,0.51,0.38,0.43,0.41,-0.02
subj_47,Ordinary,jump up and down,see something,sit down,CC,action,mind,action,0.29,0.6,0.32,0.83,0.3,-0.52
subj_47,Ordinary,hear something,take a walk,see something,CC,mind,action,mind,0.25,0.58,0.33,0.44,0.18,-0.27
subj_47,Ordinary,get tired,jump up and down,feel scared,CC,bio,action,bio,0.1,0.54,0.43,0.42,0.4,-0.02
subj_47,Ordinary,reach for something,become hungry,kick something,CC,action,bio,action,0.21,0.56,0.35,0.54,0.4,-0.15
subj_48,Magical,experience pain,kick something,get tired,CO,bio,action,bio,0.13,0.51,0.38,0.43,0.41,-0.02
subj_48,Magical,choose what to do,experience pain,remember something,CO,mind,bio,mind,0.2,0.57,0.36,0.15,0.36,0.22
subj_48,Magical,jump up and down,see something,sit down,CO,action,mind,action,0.29,0.6,0.32,0.83,0.3,-0.52
subj_48,Magical,get tired,jump up and down,feel scared,CC,bio,action,bio,0.1,0.54,0.43,0.42,0.4,-0.02
subj_48,Magical,reach for something,become hungry,kick something,CC,action,bio,action,0.21,0.56,0.35,0.54,0.4,-0.15
subj_48,Magical,feel scared,see something,get tired,CC,bio,mind,bio,0.12,0.54,0.42,0.51,0.4,-0.11
subj_48,Magical,become hungry,take a walk,feel scared,CC,bio,action,bio,0.18,0.55,0.37,0.67,0.44,-0.22
subj_48,Magical,get sick,see something,get tired,CO,bio,mind,bio,0.38,0.62,0.25,0.39,0.34,-0.06
subj_48,Magical,sit down,experience pain,jump up and down,CO,action,bio,action,0.13,0.58,0.45,0.54,0.3,-0.23
subj_48,Magical,remember something,take a walk,think about something,CO,mind,action,mind,0.24,0.61,0.37,0.07,0.15,0.08
subj_48,Magical,take a walk,think about something,sit down,CC,action,mind,action,0.26,0.58,0.32,0.77,0.33,-0.44
subj_48,Magical,think about something,get sick,remember something,CO,mind,bio,mind,0.25,0.65,0.4,0.08,0.15,0.08
subj_48,Magical,see something,take a walk,hear something,CC,mind,action,mind,0.2,0.58,0.38,0.42,0.18,-0.24
subj_48,Magical,kick something,think about something,sit down,CO,action,mind,action,0.37,0.6,0.23,0.7,0.42,-0.29
subj_48,Magical,hear something,take a walk,see something,CC,mind,action,mind,0.25,0.58,0.33,0.44,0.18,-0.27
subj_49,Magical,choose what to do,experience pain,remember something,CO,mind,bio,mind,0.2,0.57,0.36,0.15,0.36,0.22
subj_49,Magical,get tired,jump up and down,feel scared,CC,bio,action,bio,0.1,0.54,0.43,0.42,0.4,-0.02
subj_49,Magical,hear something,take a walk,see something,CO,mind,action,mind,0.25,0.58,0.33,0.44,0.18,-0.27
subj_49,Magical,see something,take a walk,hear something,CO,mind,action,mind,0.2,0.58,0.38,0.42,0.18,-0.24
subj_49,Magical,kick something,think about something,sit down,CC,action,mind,action,0.37,0.6,0.23,0.7,0.42,-0.29
subj_49,Magical,sit down,experience pain,jump up and down,CO,action,bio,action,0.13,0.58,0.45,0.54,0.3,-0.23
subj_49,Magical,experience pain,kick something,get tired,CC,bio,action,bio,0.13,0.51,0.38,0.43,0.41,-0.02
subj_49,Magical,take a walk,think about something,sit down,CO,action,mind,action,0.26,0.58,0.32,0.77,0.33,-0.44
subj_49,Magical,reach for something,become hungry,kick something,CO,action,bio,action,0.21,0.56,0.35,0.54,0.4,-0.15
subj_49,Magical,become hungry,take a walk,feel scared,CO,bio,action,bio,0.18,0.55,0.37,0.67,0.44,-0.22
subj_49,Magical,remember something,take a walk,think about something,CO,mind,action,mind,0.24,0.61,0.37,0.07,0.15,0.08
subj_49,Magical,think about something,get sick,remember something,CO,mind,bio,mind,0.25,0.65,0.4,0.08,0.15,0.08
subj_49,Magical,get sick,see something,get tired,CO,bio,mind,bio,0.38,0.62,0.25,0.39,0.34,-0.06
subj_49,Magical,feel scared,see something,get tired,CC,bio,mind,bio,0.12,0.54,0.42,0.51,0.4,-0.11
subj_49,Magical,jump up and down,see something,sit down,CO,action,mind,action,0.29,0.6,0.32,0.83,0.3,-0.52
subj_50,Ordinary,reach for something,become hungry,kick something,CO,action,bio,action,0.21,0.56,0.35,0.54,0.4,-0.15
subj_50,Ordinary,see something,take a walk,hear something,CC,mind,action,mind,0.2,0.58,0.38,0.42,0.18,-0.24
subj_50,Ordinary,sit down,experience pain,jump up and down,CO,action,bio,action,0.13,0.58,0.45,0.54,0.3,-0.23
subj_50,Ordinary,jump up and down,see something,sit down,CC,action,mind,action,0.29,0.6,0.32,0.83,0.3,-0.52
subj_50,Ordinary,think about something,get sick,remember something,CO,mind,bio,mind,0.25,0.65,0.4,0.08,0.15,0.08
subj_50,Ordinary,experience pain,kick something,get tired,CC,bio,action,bio,0.13,0.51,0.38,0.43,0.41,-0.02
subj_50,Ordinary,feel scared,see something,get tired,CC,bio,mind,bio,0.12,0.54,0.42,0.51,0.4,-0.11
subj_50,Ordinary,remember something,take a walk,think about something,CO,mind,action,mind,0.24,0.61,0.37,0.07,0.15,0.08
subj_50,Ordinary,get sick,see something,get tired,CO,bio,mind,bio,0.38,0.62,0.25,0.39,0.34,-0.06
subj_50,Ordinary,choose what to do,experience pain,remember something,CO,mind,bio,mind,0.2,0.57,0.36,0.15,0.36,0.22
subj_50,Ordinary,become hungry,take a walk,feel scared,CC,bio,action,bio,0.18,0.55,0.37,0.67,0.44,-0.22
subj_50,Ordinary,get tired,jump up and down,feel scared,CC,bio,action,bio,0.1,0.54,0.43,0.42,0.4,-0.02
subj_50,Ordinary,hear something,take a walk,see something,CO,mind,action,mind,0.25,0.58,0.33,0.44,0.18,-0.27
subj_50,Ordinary,take a walk,think about something,sit down,CC,action,mind,action,0.26,0.58,0.32,0.77,0.33,-0.44
subj_50,Ordinary,kick something,think about something,sit down,CC,action,mind,action,0.37,0.6,0.23,0.7,0.42,-0.29
subj_51,Ordinary,take a walk,think about something,sit down,CC,action,mind,action,0.26,0.58,0.32,0.77,0.33,-0.44
subj_51,Ordinary,feel scared,see something,get tired,CC,bio,mind,bio,0.12,0.54,0.42,0.51,0.4,-0.11
subj_51,Ordinary,hear something,take a walk,see something,CO,mind,action,mind,0.25,0.58,0.33,0.44,0.18,-0.27
subj_51,Ordinary,reach for something,become hungry,kick something,CC,action,bio,action,0.21,0.56,0.35,0.54,0.4,-0.15
subj_51,Ordinary,become hungry,take a walk,feel scared,CC,bio,action,bio,0.18,0.55,0.37,0.67,0.44,-0.22
subj_51,Ordinary,think about something,get sick,remember something,CC,mind,bio,mind,0.25,0.65,0.4,0.08,0.15,0.08
subj_51,Ordinary,choose what to do,experience pain,remember something,CC,mind,bio,mind,0.2,0.57,0.36,0.15,0.36,0.22
subj_51,Ordinary,kick something,think about something,sit down,CO,action,mind,action,0.37,0.6,0.23,0.7,0.42,-0.29
subj_51,Ordinary,sit down,experience pain,jump up and down,CC,action,bio,action,0.13,0.58,0.45,0.54,0.3,-0.23
subj_51,Ordinary,get sick,see something,get tired,CC,bio,mind,bio,0.38,0.62,0.25,0.39,0.34,-0.06
subj_51,Ordinary,remember something,take a walk,think about something,CO,mind,action,mind,0.24,0.61,0.37,0.07,0.15,0.08
subj_51,Ordinary,see something,take a walk,hear something,CO,mind,action,mind,0.2,0.58,0.38,0.42,0.18,-0.24
subj_51,Ordinary,jump up and down,see something,sit down,CO,action,mind,action,0.29,0.6,0.32,0.83,0.3,-0.52
subj_51,Ordinary,experience pain,kick something,get tired,CO,bio,action,bio,0.13,0.51,0.38,0.43,0.41,-0.02
subj_51,Ordinary,get tired,jump up and down,feel scared,CC,bio,action,bio,0.1,0.54,0.43,0.42,0.4,-0.02
subj_52,Magical,become hungry,take a walk,feel scared,CC,bio,action,bio,0.18,0.55,0.37,0.67,0.44,-0.22
subj_52,Magical,choose what to do,experience pain,remember something,CC,mind,bio,mind,0.2,0.57,0.36,0.15,0.36,0.22
subj_52,Magical,feel scared,see something,get tired,CC,bio,mind,bio,0.12,0.54,0.42,0.51,0.4,-0.11
subj_52,Magical,get sick,see something,get tired,CC,bio,mind,bio,0.38,0.62,0.25,0.39,0.34,-0.06
subj_52,Magical,experience pain,kick something,get tired,CC,bio,action,bio,0.13,0.51,0.38,0.43,0.41,-0.02
subj_52,Magical,sit down,experience pain,jump up and down,CO,action,bio,action,0.13,0.58,0.45,0.54,0.3,-0.23
subj_52,Magical,kick something,think about something,sit down,CC,action,mind,action,0.37,0.6,0.23,0.7,0.42,-0.29
subj_52,Magical,jump up and down,see something,sit down,CC,action,mind,action,0.29,0.6,0.32,0.83,0.3,-0.52
subj_52,Magical,get tired,jump up and down,feel scared,CC,bio,action,bio,0.1,0.54,0.43,0.42,0.4,-0.02
subj_52,Magical,hear something,take a walk,see something,CC,mind,action,mind,0.25,0.58,0.33,0.44,0.18,-0.27
subj_52,Magical,reach for something,become hungry,kick something,CC,action,bio,action,0.21,0.56,0.35,0.54,0.4,-0.15
subj_52,Magical,take a walk,think about something,sit down,CC,action,mind,action,0.26,0.58,0.32,0.77,0.33,-0.44
subj_52,Magical,think about something,get sick,remember something,CO,mind,bio,mind,0.25,0.65,0.4,0.08,0.15,0.08
subj_52,Magical,remember something,take a walk,think about something,CO,mind,action,mind,0.24,0.61,0.37,0.07,0.15,0.08
subj_52,Magical,see something,take a walk,hear something,CC,mind,action,mind,0.2,0.58,0.38,0.42,0.18,-0.24
subj_53,Magical,think about something,get sick,remember something,CO,mind,bio,mind,0.25,0.65,0.4,0.08,0.15,0.08
subj_53,Magical,see something,take a walk,hear something,CO,mind,action,mind,0.2,0.58,0.38,0.42,0.18,-0.24
subj_53,Magical,take a walk,think about something,sit down,CO,action,mind,action,0.26,0.58,0.32,0.77,0.33,-0.44
subj_53,Magical,become hungry,take a walk,feel scared,CC,bio,action,bio,0.18,0.55,0.37,0.67,0.44,-0.22
subj_53,Magical,jump up and down,see something,sit down,CO,action,mind,action,0.29,0.6,0.32,0.83,0.3,-0.52
subj_53,Magical,sit down,experience pain,jump up and down,CO,action,bio,action,0.13,0.58,0.45,0.54,0.3,-0.23
subj_53,Magical,get tired,jump up and down,feel scared,CC,bio,action,bio,0.1,0.54,0.43,0.42,0.4,-0.02
subj_53,Magical,hear something,take a walk,see something,CO,mind,action,mind,0.25,0.58,0.33,0.44,0.18,-0.27
subj_53,Magical,feel scared,see something,get tired,CO,bio,mind,bio,0.12,0.54,0.42,0.51,0.4,-0.11
subj_53,Magical,experience pain,kick something,get tired,CO,bio,action,bio,0.13,0.51,0.38,0.43,0.41,-0.02
subj_53,Magical,remember something,take a walk,think about something,CO,mind,action,mind,0.24,0.61,0.37,0.07,0.15,0.08
subj_53,Magical,kick something,think about something,sit down,CO,action,mind,action,0.37,0.6,0.23,0.7,0.42,-0.29
subj_53,Magical,choose what to do,experience pain,remember something,CO,mind,bio,mind,0.2,0.57,0.36,0.15,0.36,0.22
subj_53,Magical,reach for something,become hungry,kick something,CO,action,bio,action,0.21,0.56,0.35,0.54,0.4,-0.15
subj_53,Magical,get sick,see something,get tired,CO,bio,mind,bio,0.38,0.62,0.25,0.39,0.34,-0.06
subj_54,Magical,sit down,experience pain,jump up and down,CO,action,bio,action,0.13,0.58,0.45,0.54,0.3,-0.23
subj_54,Magical,become hungry,take a walk,feel scared,CC,bio,action,bio,0.18,0.55,0.37,0.67,0.44,-0.22
subj_54,Magical,hear something,take a walk,see something,CO,mind,action,mind,0.25,0.58,0.33,0.44,0.18,-0.27
subj_54,Magical,think about something,get sick,remember something,CO,mind,bio,mind,0.25,0.65,0.4,0.08,0.15,0.08
subj_54,Magical,choose what to do,experience pain,remember something,CO,mind,bio,mind,0.2,0.57,0.36,0.15,0.36,0.22
subj_54,Magical,feel scared,see something,get tired,CC,bio,mind,bio,0.12,0.54,0.42,0.51,0.4,-0.11
subj_54,Magical,reach for something,become hungry,kick something,CO,action,bio,action,0.21,0.56,0.35,0.54,0.4,-0.15
subj_54,Magical,see something,take a walk,hear something,CO,mind,action,mind,0.2,0.58,0.38,0.42,0.18,-0.24
subj_54,Magical,remember something,take a walk,think about something,CO,mind,action,mind,0.24,0.61,0.37,0.07,0.15,0.08
subj_54,Magical,take a walk,think about something,sit down,CO,action,mind,action,0.26,0.58,0.32,0.77,0.33,-0.44
subj_54,Magical,jump up and down,see something,sit down,CO,action,mind,action,0.29,0.6,0.32,0.83,0.3,-0.52
subj_54,Magical,get tired,jump up and down,feel scared,CO,bio,action,bio,0.1,0.54,0.43,0.42,0.4,-0.02
subj_54,Magical,get sick,see something,get tired,CO,bio,mind,bio,0.38,0.62,0.25,0.39,0.34,-0.06
subj_54,Magical,kick something,think about something,sit down,CO,action,mind,action,0.37,0.6,0.23,0.7,0.42,-0.29
subj_54,Magical,experience pain,kick something,get tired,CC,bio,action,bio,0.13,0.51,0.38,0.43,0.41,-0.02
subj_55,Magical,remember something,take a walk,think about something,CO,mind,action,mind,0.24,0.61,0.37,0.07,0.15,0.08
subj_55,Magical,kick something,think about something,sit down,CC,action,mind,action,0.37,0.6,0.23,0.7,0.42,-0.29
subj_55,Magical,take a walk,think about something,sit down,CC,action,mind,action,0.26,0.58,0.32,0.77,0.33,-0.44
subj_55,Magical,get sick,see something,get tired,CO,bio,mind,bio,0.38,0.62,0.25,0.39,0.34,-0.06
subj_55,Magical,reach for something,become hungry,kick something,CC,action,bio,action,0.21,0.56,0.35,0.54,0.4,-0.15
subj_55,Magical,choose what to do,experience pain,remember something,CO,mind,bio,mind,0.2,0.57,0.36,0.15,0.36,0.22
subj_55,Magical,think about something,get sick,remember something,CO,mind,bio,mind,0.25,0.65,0.4,0.08,0.15,0.08
subj_55,Magical,become hungry,take a walk,feel scared,CC,bio,action,bio,0.18,0.55,0.37,0.67,0.44,-0.22
subj_55,Magical,get tired,jump up and down,feel scared,CC,bio,action,bio,0.1,0.54,0.43,0.42,0.4,-0.02
subj_55,Magical,feel scared,see something,get tired,CC,bio,mind,bio,0.12,0.54,0.42,0.51,0.4,-0.11
subj_55,Magical,jump up and down,see something,sit down,CC,action,mind,action,0.29,0.6,0.32,0.83,0.3,-0.52
subj_55,Magical,sit down,experience pain,jump up and down,CC,action,bio,action,0.13,0.58,0.45,0.54,0.3,-0.23
subj_55,Magical,experience pain,kick something,get tired,CC,bio,action,bio,0.13,0.51,0.38,0.43,0.41,-0.02
subj_55,Magical,hear something,take a walk,see something,CC,mind,action,mind,0.25,0.58,0.33,0.44,0.18,-0.27
subj_55,Magical,see something,take a walk,hear something,CC,mind,action,mind,0.2,0.58,0.38,0.42,0.18,-0.24
subj_56,Magical,remember something,take a walk,think about something,CO,mind,action,mind,0.24,0.61,0.37,0.07,0.15,0.08
subj_56,Magical,think about something,get sick,remember something,CO,mind,bio,mind,0.25,0.65,0.4,0.08,0.15,0.08
subj_56,Magical,experience pain,kick something,get tired,CC,bio,action,bio,0.13,0.51,0.38,0.43,0.41,-0.02
subj_56,Magical,jump up and down,see something,sit down,CO,action,mind,action,0.29,0.6,0.32,0.83,0.3,-0.52
subj_56,Magical,become hungry,take a walk,feel scared,CC,bio,action,bio,0.18,0.55,0.37,0.67,0.44,-0.22
subj_56,Magical,choose what to do,experience pain,remember something,CO,mind,bio,mind,0.2,0.57,0.36,0.15,0.36,0.22
subj_56,Magical,reach for something,become hungry,kick something,CC,action,bio,action,0.21,0.56,0.35,0.54,0.4,-0.15
subj_56,Magical,sit down,experience pain,jump up and down,CC,action,bio,action,0.13,0.58,0.45,0.54,0.3,-0.23
subj_56,Magical,take a walk,think about something,sit down,CC,action,mind,action,0.26,0.58,0.32,0.77,0.33,-0.44
subj_56,Magical,feel scared,see something,get tired,CC,bio,mind,bio,0.12,0.54,0.42,0.51,0.4,-0.11
subj_56,Magical,see something,take a walk,hear something,CC,mind,action,mind,0.2,0.58,0.38,0.42,0.18,-0.24
subj_56,Magical,hear something,take a walk,see something,CC,mind,action,mind,0.25,0.58,0.33,0.44,0.18,-0.27
subj_56,Magical,get sick,see something,get tired,CO,bio,mind,bio,0.38,0.62,0.25,0.39,0.34,-0.06
subj_56,Magical,kick something,think about something,sit down,CO,action,mind,action,0.37,0.6,0.23,0.7,0.42,-0.29
subj_56,Magical,get tired,jump up and down,feel scared,CC,bio,action,bio,0.1,0.54,0.43,0.42,0.4,-0.02
subj_57,Magical,reach for something,become hungry,kick something,CO,action,bio,action,0.21,0.56,0.35,0.54,0.4,-0.15
subj_57,Magical,jump up and down,see something,sit down,CO,action,mind,action,0.29,0.6,0.32,0.83,0.3,-0.52
subj_57,Magical,see something,take a walk,hear something,CO,mind,action,mind,0.2,0.58,0.38,0.42,0.18,-0.24
subj_57,Magical,experience pain,kick something,get tired,CC,bio,action,bio,0.13,0.51,0.38,0.43,0.41,-0.02
subj_57,Magical,kick something,think about something,sit down,CO,action,mind,action,0.37,0.6,0.23,0.7,0.42,-0.29
subj_57,Magical,hear something,take a walk,see something,CO,mind,action,mind,0.25,0.58,0.33,0.44,0.18,-0.27
subj_57,Magical,get sick,see something,get tired,CO,bio,mind,bio,0.38,0.62,0.25,0.39,0.34,-0.06
subj_57,Magical,take a walk,think about something,sit down,CO,action,mind,action,0.26,0.58,0.32,0.77,0.33,-0.44
subj_57,Magical,get tired,jump up and down,feel scared,CC,bio,action,bio,0.1,0.54,0.43,0.42,0.4,-0.02
subj_57,Magical,remember something,take a walk,think about something,CO,mind,action,mind,0.24,0.61,0.37,0.07,0.15,0.08
subj_57,Magical,become hungry,take a walk,feel scared,CC,bio,action,bio,0.18,0.55,0.37,0.67,0.44,-0.22
subj_57,Magical,choose what to do,experience pain,remember something,CO,mind,bio,mind,0.2,0.57,0.36,0.15,0.36,0.22
subj_57,Magical,think about something,get sick,remember something,CO,mind,bio,mind,0.25,0.65,0.4,0.08,0.15,0.08
subj_57,Magical,feel scared,see something,get tired,CC,bio,mind,bio,0.12,0.54,0.42,0.51,0.4,-0.11
subj_57,Magical,sit down,experience pain,jump up and down,CO,action,bio,action,0.13,0.58,0.45,0.54,0.3,-0.23
subj_58,Magical,experience pain,kick something,get tired,CC,bio,action,bio,0.13,0.51,0.38,0.43,0.41,-0.02
subj_58,Magical,get sick,see something,get tired,CO,bio,mind,bio,0.38,0.62,0.25,0.39,0.34,-0.06
subj_58,Magical,sit down,experience pain,jump up and down,CO,action,bio,action,0.13,0.58,0.45,0.54,0.3,-0.23
subj_58,Magical,take a walk,think about something,sit down,CC,action,mind,action,0.26,0.58,0.32,0.77,0.33,-0.44
subj_58,Magical,jump up and down,see something,sit down,CC,action,mind,action,0.29,0.6,0.32,0.83,0.3,-0.52
subj_58,Magical,become hungry,take a walk,feel scared,CC,bio,action,bio,0.18,0.55,0.37,0.67,0.44,-0.22
subj_58,Magical,reach for something,become hungry,kick something,CC,action,bio,action,0.21,0.56,0.35,0.54,0.4,-0.15
subj_58,Magical,see something,take a walk,hear something,CO,mind,action,mind,0.2,0.58,0.38,0.42,0.18,-0.24
subj_58,Magical,choose what to do,experience pain,remember something,CO,mind,bio,mind,0.2,0.57,0.36,0.15,0.36,0.22
subj_58,Magical,remember something,take a walk,think about something,CO,mind,action,mind,0.24,0.61,0.37,0.07,0.15,0.08
subj_58,Magical,hear something,take a walk,see something,CO,mind,action,mind,0.25,0.58,0.33,0.44,0.18,-0.27
subj_58,Magical,get tired,jump up and down,feel scared,CC,bio,action,bio,0.1,0.54,0.43,0.42,0.4,-0.02
subj_58,Magical,kick something,think about something,sit down,CC,action,mind,action,0.37,0.6,0.23,0.7,0.42,-0.29
subj_58,Magical,feel scared,see something,get tired,CC,bio,mind,bio,0.12,0.54,0.42,0.51,0.4,-0.11
subj_58,Magical,think about something,get sick,remember something,CO,mind,bio,mind,0.25,0.65,0.4,0.08,0.15,0.08
subj_59,Ordinary,reach for something,become hungry,kick something,CC,action,bio,action,0.21,0.56,0.35,0.54,0.4,-0.15
subj_59,Ordinary,choose what to do,experience pain,remember something,CC,mind,bio,mind,0.2,0.57,0.36,0.15,0.36,0.22
subj_59,Ordinary,get tired,jump up and down,feel scared,CC,bio,action,bio,0.1,0.54,0.43,0.42,0.4,-0.02
subj_59,Ordinary,think about something,get sick,remember something,CO,mind,bio,mind,0.25,0.65,0.4,0.08,0.15,0.08
subj_59,Ordinary,sit down,experience pain,jump up and down,CC,action,bio,action,0.13,0.58,0.45,0.54,0.3,-0.23
subj_59,Ordinary,feel scared,see something,get tired,CC,bio,mind,bio,0.12,0.54,0.42,0.51,0.4,-0.11
subj_59,Ordinary,become hungry,take a walk,feel scared,CC,bio,action,bio,0.18,0.55,0.37,0.67,0.44,-0.22
subj_59,Ordinary,kick something,think about something,sit down,CC,action,mind,action,0.37,0.6,0.23,0.7,0.42,-0.29
subj_59,Ordinary,jump up and down,see something,sit down,CC,action,mind,action,0.29,0.6,0.32,0.83,0.3,-0.52
subj_59,Ordinary,remember something,take a walk,think about something,CO,mind,action,mind,0.24,0.61,0.37,0.07,0.15,0.08
subj_59,Ordinary,experience pain,kick something,get tired,CC,bio,action,bio,0.13,0.51,0.38,0.43,0.41,-0.02
subj_59,Ordinary,hear something,take a walk,see something,CO,mind,action,mind,0.25,0.58,0.33,0.44,0.18,-0.27
subj_59,Ordinary,see something,take a walk,hear something,CC,mind,action,mind,0.2,0.58,0.38,0.42,0.18,-0.24
subj_59,Ordinary,take a walk,think about something,sit down,CC,action,mind,action,0.26,0.58,0.32,0.77,0.33,-0.44
subj_59,Ordinary,get sick,see something,get tired,CC,bio,mind,bio,0.38,0.62,0.25,0.39,0.34,-0.06
subj_60,Ordinary,experience pain,kick something,get tired,CC,bio,action,bio,0.13,0.51,0.38,0.43,0.41,-0.02
subj_60,Ordinary,see something,take a walk,hear something,CC,mind,action,mind,0.2,0.58,0.38,0.42,0.18,-0.24
subj_60,Ordinary,choose what to do,experience pain,remember something,CC,mind,bio,mind,0.2,0.57,0.36,0.15,0.36,0.22
subj_60,Ordinary,kick something,think about something,sit down,CC,action,mind,action,0.37,0.6,0.23,0.7,0.42,-0.29
subj_60,Ordinary,get tired,jump up and down,feel scared,CC,bio,action,bio,0.1,0.54,0.43,0.42,0.4,-0.02
subj_60,Ordinary,become hungry,take a walk,feel scared,CC,bio,action,bio,0.18,0.55,0.37,0.67,0.44,-0.22
subj_60,Ordinary,reach for something,become hungry,kick something,CC,action,bio,action,0.21,0.56,0.35,0.54,0.4,-0.15
subj_60,Ordinary,hear something,take a walk,see something,CC,mind,action,mind,0.25,0.58,0.33,0.44,0.18,-0.27
subj_60,Ordinary,get sick,see something,get tired,CC,bio,mind,bio,0.38,0.62,0.25,0.39,0.34,-0.06
subj_60,Ordinary,jump up and down,see something,sit down,CC,action,mind,action,0.29,0.6,0.32,0.83,0.3,-0.52
subj_60,Ordinary,feel scared,see something,get tired,CC,bio,mind,bio,0.12,0.54,0.42,0.51,0.4,-0.11
subj_60,Ordinary,sit down,experience pain,jump up and down,CO,action,bio,action,0.13,0.58,0.45,0.54,0.3,-0.23
subj_60,Ordinary,remember something,take a walk,think about something,CO,mind,action,mind,0.24,0.61,0.37,0.07,0.15,0.08
subj_60,Ordinary,think about something,get sick,remember something,CO,mind,bio,mind,0.25,0.65,0.4,0.08,0.15,0.08
subj_60,Ordinary,take a walk,think about something,sit down,CC,action,mind,action,0.26,0.58,0.32,0.77,0.33,-0.44
subj_61,Ordinary,take a walk,think about something,sit down,CO,action,mind,action,0.26,0.58,0.32,0.77,0.33,-0.44
subj_61,Ordinary,choose what to do,experience pain,remember something,CO,mind,bio,mind,0.2,0.57,0.36,0.15,0.36,0.22
subj_61,Ordinary,see something,take a walk,hear something,CO,mind,action,mind,0.2,0.58,0.38,0.42,0.18,-0.24
subj_61,Ordinary,think about something,get sick,remember something,CO,mind,bio,mind,0.25,0.65,0.4,0.08,0.15,0.08
subj_61,Ordinary,experience pain,kick something,get tired,CC,bio,action,bio,0.13,0.51,0.38,0.43,0.41,-0.02
subj_61,Ordinary,hear something,take a walk,see something,CO,mind,action,mind,0.25,0.58,0.33,0.44,0.18,-0.27
subj_61,Ordinary,get tired,jump up and down,feel scared,CC,bio,action,bio,0.1,0.54,0.43,0.42,0.4,-0.02
subj_61,Ordinary,sit down,experience pain,jump up and down,CO,action,bio,action,0.13,0.58,0.45,0.54,0.3,-0.23
subj_61,Ordinary,kick something,think about something,sit down,CC,action,mind,action,0.37,0.6,0.23,0.7,0.42,-0.29
subj_61,Ordinary,jump up and down,see something,sit down,CC,action,mind,action,0.29,0.6,0.32,0.83,0.3,-0.52
subj_61,Ordinary,become hungry,take a walk,feel scared,CC,bio,action,bio,0.18,0.55,0.37,0.67,0.44,-0.22
subj_61,Ordinary,reach for something,become hungry,kick something,CC,action,bio,action,0.21,0.56,0.35,0.54,0.4,-0.15
subj_61,Ordinary,get sick,see something,get tired,CO,bio,mind,bio,0.38,0.62,0.25,0.39,0.34,-0.06
subj_61,Ordinary,remember something,take a walk,think about something,CO,mind,action,mind,0.24,0.61,0.37,0.07,0.15,0.08
subj_61,Ordinary,feel scared,see something,get tired,CC,bio,mind,bio,0.12,0.54,0.42,0.51,0.4,-0.11
subj_62,Ordinary,choose what to do,experience pain,remember something,CO,mind,bio,mind,0.2,0.57,0.36,0.15,0.36,0.22
subj_62,Ordinary,take a walk,think about something,sit down,CC,action,mind,action,0.26,0.58,0.32,0.77,0.33,-0.44
subj_62,Ordinary,become hungry,take a walk,feel scared,CO,bio,action,bio,0.18,0.55,0.37,0.67,0.44,-0.22
subj_62,Ordinary,think about something,get sick,remember something,CO,mind,bio,mind,0.25,0.65,0.4,0.08,0.15,0.08
subj_62,Ordinary,see something,take a walk,hear something,CC,mind,action,mind,0.2,0.58,0.38,0.42,0.18,-0.24
subj_62,Ordinary,experience pain,kick something,get tired,CC,bio,action,bio,0.13,0.51,0.38,0.43,0.41,-0.02
subj_62,Ordinary,get tired,jump up and down,feel scared,CC,bio,action,bio,0.1,0.54,0.43,0.42,0.4,-0.02
subj_62,Ordinary,hear something,take a walk,see something,CC,mind,action,mind,0.25,0.58,0.33,0.44,0.18,-0.27
subj_62,Ordinary,kick something,think about something,sit down,CC,action,mind,action,0.37,0.6,0.23,0.7,0.42,-0.29
subj_62,Ordinary,get sick,see something,get tired,CO,bio,mind,bio,0.38,0.62,0.25,0.39,0.34,-0.06
subj_62,Ordinary,feel scared,see something,get tired,CC,bio,mind,bio,0.12,0.54,0.42,0.51,0.4,-0.11
subj_62,Ordinary,sit down,experience pain,jump up and down,CC,action,bio,action,0.13,0.58,0.45,0.54,0.3,-0.23
subj_62,Ordinary,remember something,take a walk,think about something,CO,mind,action,mind,0.24,0.61,0.37,0.07,0.15,0.08
subj_62,Ordinary,reach for something,become hungry,kick something,CC,action,bio,action,0.21,0.56,0.35,0.54,0.4,-0.15
subj_62,Ordinary,jump up and down,see something,sit down,CC,action,mind,action,0.29,0.6,0.32,0.83,0.3,-0.52
subj_63,Magical,get tired,jump up and down,feel scared,CC,bio,action,bio,0.1,0.54,0.43,0.42,0.4,-0.02
subj_63,Magical,become hungry,take a walk,feel scared,CC,bio,action,bio,0.18,0.55,0.37,0.67,0.44,-0.22
subj_63,Magical,remember something,take a walk,think about something,CO,mind,action,mind,0.24,0.61,0.37,0.07,0.15,0.08
subj_63,Magical,reach for something,become hungry,kick something,CO,action,bio,action,0.21,0.56,0.35,0.54,0.4,-0.15
subj_63,Magical,get sick,see something,get tired,CO,bio,mind,bio,0.38,0.62,0.25,0.39,0.34,-0.06
subj_63,Magical,see something,take a walk,hear something,CC,mind,action,mind,0.2,0.58,0.38,0.42,0.18,-0.24
subj_63,Magical,take a walk,think about something,sit down,CC,action,mind,action,0.26,0.58,0.32,0.77,0.33,-0.44
subj_63,Magical,jump up and down,see something,sit down,CO,action,mind,action,0.29,0.6,0.32,0.83,0.3,-0.52
subj_63,Magical,choose what to do,experience pain,remember something,CO,mind,bio,mind,0.2,0.57,0.36,0.15,0.36,0.22
subj_63,Magical,hear something,take a walk,see something,CC,mind,action,mind,0.25,0.58,0.33,0.44,0.18,-0.27
subj_63,Magical,feel scared,see something,get tired,CC,bio,mind,bio,0.12,0.54,0.42,0.51,0.4,-0.11
subj_63,Magical,experience pain,kick something,get tired,CC,bio,action,bio,0.13,0.51,0.38,0.43,0.41,-0.02
subj_63,Magical,sit down,experience pain,jump up and down,CO,action,bio,action,0.13,0.58,0.45,0.54,0.3,-0.23
subj_63,Magical,think about something,get sick,remember something,CO,mind,bio,mind,0.25,0.65,0.4,0.08,0.15,0.08
subj_63,Magical,kick something,think about something,sit down,CC,action,mind,action,0.37,0.6,0.23,0.7,0.42,-0.29
subj_64,Magical,get sick,see something,get tired,CO,bio,mind,bio,0.38,0.62,0.25,0.39,0.34,-0.06
subj_64,Magical,see something,take a walk,hear something,CO,mind,action,mind,0.2,0.58,0.38,0.42,0.18,-0.24
subj_64,Magical,hear something,take a walk,see something,CO,mind,action,mind,0.25,0.58,0.33,0.44,0.18,-0.27
subj_64,Magical,think about something,get sick,remember something,CO,mind,bio,mind,0.25,0.65,0.4,0.08,0.15,0.08
subj_64,Magical,remember something,take a walk,think about something,CO,mind,action,mind,0.24,0.61,0.37,0.07,0.15,0.08
subj_64,Magical,choose what to do,experience pain,remember something,CO,mind,bio,mind,0.2,0.57,0.36,0.15,0.36,0.22
subj_64,Magical,feel scared,see something,get tired,CC,bio,mind,bio,0.12,0.54,0.42,0.51,0.4,-0.11
subj_64,Magical,experience pain,kick something,get tired,CO,bio,action,bio,0.13,0.51,0.38,0.43,0.41,-0.02
subj_64,Magical,take a walk,think about something,sit down,CC,action,mind,action,0.26,0.58,0.32,0.77,0.33,-0.44
subj_64,Magical,sit down,experience pain,jump up and down,CO,action,bio,action,0.13,0.58,0.45,0.54,0.3,-0.23
subj_64,Magical,jump up and down,see something,sit down,CC,action,mind,action,0.29,0.6,0.32,0.83,0.3,-0.52
subj_64,Magical,get tired,jump up and down,feel scared,CO,bio,action,bio,0.1,0.54,0.43,0.42,0.4,-0.02
subj_64,Magical,reach for something,become hungry,kick something,CO,action,bio,action,0.21,0.56,0.35,0.54,0.4,-0.15
subj_64,Magical,become hungry,take a walk,feel scared,CC,bio,action,bio,0.18,0.55,0.37,0.67,0.44,-0.22
subj_64,Magical,kick something,think about something,sit down,CC,action,mind,action,0.37,0.6,0.23,0.7,0.42,-0.29
subj_65,Magical,choose what to do,experience pain,remember something,CC,mind,bio,mind,0.2,0.57,0.36,0.15,0.36,0.22
subj_65,Magical,get sick,see something,get tired,CO,bio,mind,bio,0.38,0.62,0.25,0.39,0.34,-0.06
subj_65,Magical,experience pain,kick something,get tired,CO,bio,action,bio,0.13,0.51,0.38,0.43,0.41,-0.02
subj_65,Magical,remember something,take a walk,think about something,CO,mind,action,mind,0.24,0.61,0.37,0.07,0.15,0.08
subj_65,Magical,feel scared,see something,get tired,CC,bio,mind,bio,0.12,0.54,0.42,0.51,0.4,-0.11
subj_65,Magical,take a walk,think about something,sit down,CO,action,mind,action,0.26,0.58,0.32,0.77,0.33,-0.44
subj_65,Magical,become hungry,take a walk,feel scared,CC,bio,action,bio,0.18,0.55,0.37,0.67,0.44,-0.22
subj_65,Magical,sit down,experience pain,jump up and down,CO,action,bio,action,0.13,0.58,0.45,0.54,0.3,-0.23
subj_65,Magical,think about something,get sick,remember something,CO,mind,bio,mind,0.25,0.65,0.4,0.08,0.15,0.08
subj_65,Magical,reach for something,become hungry,kick something,CO,action,bio,action,0.21,0.56,0.35,0.54,0.4,-0.15
subj_65,Magical,see something,take a walk,hear something,CO,mind,action,mind,0.2,0.58,0.38,0.42,0.18,-0.24
subj_65,Magical,jump up and down,see something,sit down,CO,action,mind,action,0.29,0.6,0.32,0.83,0.3,-0.52
subj_65,Magical,hear something,take a walk,see something,CO,mind,action,mind,0.25,0.58,0.33,0.44,0.18,-0.27
subj_65,Magical,get tired,jump up and down,feel scared,CC,bio,action,bio,0.1,0.54,0.43,0.42,0.4,-0.02
subj_65,Magical,kick something,think about something,sit down,CO,action,mind,action,0.37,0.6,0.23,0.7,0.42,-0.29
subj_66,Magical,sit down,experience pain,jump up and down,CC,action,bio,action,0.13,0.58,0.45,0.54,0.3,-0.23
subj_66,Magical,see something,take a walk,hear something,CC,mind,action,mind,0.2,0.58,0.38,0.42,0.18,-0.24
subj_66,Magical,get tired,jump up and down,feel scared,CC,bio,action,bio,0.1,0.54,0.43,0.42,0.4,-0.02
subj_66,Magical,remember something,take a walk,think about something,CO,mind,action,mind,0.24,0.61,0.37,0.07,0.15,0.08
subj_66,Magical,reach for something,become hungry,kick something,CC,action,bio,action,0.21,0.56,0.35,0.54,0.4,-0.15
subj_66,Magical,hear something,take a walk,see something,CC,mind,action,mind,0.25,0.58,0.33,0.44,0.18,-0.27
subj_66,Magical,kick something,think about something,sit down,CO,action,mind,action,0.37,0.6,0.23,0.7,0.42,-0.29
subj_66,Magical,get sick,see something,get tired,CO,bio,mind,bio,0.38,0.62,0.25,0.39,0.34,-0.06
subj_66,Magical,choose what to do,experience pain,remember something,CO,mind,bio,mind,0.2,0.57,0.36,0.15,0.36,0.22
subj_66,Magical,become hungry,take a walk,feel scared,CC,bio,action,bio,0.18,0.55,0.37,0.67,0.44,-0.22
subj_66,Magical,experience pain,kick something,get tired,CC,bio,action,bio,0.13,0.51,0.38,0.43,0.41,-0.02
subj_66,Magical,think about something,get sick,remember something,CO,mind,bio,mind,0.25,0.65,0.4,0.08,0.15,0.08
subj_66,Magical,feel scared,see something,get tired,CC,bio,mind,bio,0.12,0.54,0.42,0.51,0.4,-0.11
subj_66,Magical,take a walk,think about something,sit down,CC,action,mind,action,0.26,0.58,0.32,0.77,0.33,-0.44
subj_66,Magical,jump up and down,see something,sit down,CC,action,mind,action,0.29,0.6,0.32,0.83,0.3,-0.52
subj_67,Magical,choose what to do,experience pain,remember something,CO,mind,bio,mind,0.2,0.57,0.36,0.15,0.36,0.22
subj_67,Magical,feel scared,see something,get tired,CC,bio,mind,bio,0.12,0.54,0.42,0.51,0.4,-0.11
subj_67,Magical,sit down,experience pain,jump up and down,CO,action,bio,action,0.13,0.58,0.45,0.54,0.3,-0.23
subj_67,Magical,experience pain,kick something,get tired,CC,bio,action,bio,0.13,0.51,0.38,0.43,0.41,-0.02
subj_67,Magical,take a walk,think about something,sit down,CC,action,mind,action,0.26,0.58,0.32,0.77,0.33,-0.44
subj_67,Magical,hear something,take a walk,see something,CO,mind,action,mind,0.25,0.58,0.33,0.44,0.18,-0.27
subj_67,Magical,get tired,jump up and down,feel scared,CC,bio,action,bio,0.1,0.54,0.43,0.42,0.4,-0.02
subj_67,Magical,see something,take a walk,hear something,CC,mind,action,mind,0.2,0.58,0.38,0.42,0.18,-0.24
subj_67,Magical,think about something,get sick,remember something,CO,mind,bio,mind,0.25,0.65,0.4,0.08,0.15,0.08
subj_67,Magical,remember something,take a walk,think about something,CO,mind,action,mind,0.24,0.61,0.37,0.07,0.15,0.08
subj_67,Magical,become hungry,take a walk,feel scared,CC,bio,action,bio,0.18,0.55,0.37,0.67,0.44,-0.22
subj_67,Magical,jump up and down,see something,sit down,CO,action,mind,action,0.29,0.6,0.32,0.83,0.3,-0.52
subj_67,Magical,kick something,think about something,sit down,CC,action,mind,action,0.37,0.6,0.23,0.7,0.42,-0.29
subj_67,Magical,reach for something,become hungry,kick something,CC,action,bio,action,0.21,0.56,0.35,0.54,0.4,-0.15
subj_67,Magical,get sick,see something,get tired,CO,bio,mind,bio,0.38,0.62,0.25,0.39,0.34,-0.06
subj_68,Magical,remember something,take a walk,think about something,CO,mind,action,mind,0.24,0.61,0.37,0.07,0.15,0.08
subj_68,Magical,get sick,see something,get tired,CO,bio,mind,bio,0.38,0.62,0.25,0.39,0.34,-0.06
subj_68,Magical,get tired,jump up and down,feel scared,CC,bio,action,bio,0.1,0.54,0.43,0.42,0.4,-0.02
subj_68,Magical,think about something,get sick,remember something,CO,mind,bio,mind,0.25,0.65,0.4,0.08,0.15,0.08
subj_68,Magical,jump up and down,see something,sit down,CC,action,mind,action,0.29,0.6,0.32,0.83,0.3,-0.52
subj_68,Magical,feel scared,see something,get tired,CC,bio,mind,bio,0.12,0.54,0.42,0.51,0.4,-0.11
subj_68,Magical,see something,take a walk,hear something,CO,mind,action,mind,0.2,0.58,0.38,0.42,0.18,-0.24
subj_68,Magical,kick something,think about something,sit down,CC,action,mind,action,0.37,0.6,0.23,0.7,0.42,-0.29
subj_68,Magical,reach for something,become hungry,kick something,CC,action,bio,action,0.21,0.56,0.35,0.54,0.4,-0.15
subj_68,Magical,experience pain,kick something,get tired,CC,bio,action,bio,0.13,0.51,0.38,0.43,0.41,-0.02
subj_68,Magical,choose what to do,experience pain,remember something,CC,mind,bio,mind,0.2,0.57,0.36,0.15,0.36,0.22
subj_68,Magical,sit down,experience pain,jump up and down,CC,action,bio,action,0.13,0.58,0.45,0.54,0.3,-0.23
subj_68,Magical,hear something,take a walk,see something,CO,mind,action,mind,0.25,0.58,0.33,0.44,0.18,-0.27
subj_68,Magical,become hungry,take a walk,feel scared,CC,bio,action,bio,0.18,0.55,0.37,0.67,0.44,-0.22
subj_68,Magical,take a walk,think about something,sit down,CC,action,mind,action,0.26,0.58,0.32,0.77,0.33,-0.44
subj_69,Magical,choose what to do,experience pain,remember something,CO,mind,bio,mind,0.2,0.57,0.36,0.15,0.36,0.22
subj_69,Magical,get tired,jump up and down,feel scared,CC,bio,action,bio,0.1,0.54,0.43,0.42,0.4,-0.02
subj_69,Magical,become hungry,take a walk,feel scared,CC,bio,action,bio,0.18,0.55,0.37,0.67,0.44,-0.22
subj_69,Magical,hear something,take a walk,see something,CO,mind,action,mind,0.25,0.58,0.33,0.44,0.18,-0.27
subj_69,Magical,think about something,get sick,remember something,CO,mind,bio,mind,0.25,0.65,0.4,0.08,0.15,0.08
subj_69,Magical,reach for something,become hungry,kick something,CO,action,bio,action,0.21,0.56,0.35,0.54,0.4,-0.15
subj_69,Magical,get sick,see something,get tired,CC,bio,mind,bio,0.38,0.62,0.25,0.39,0.34,-0.06
subj_69,Magical,experience pain,kick something,get tired,CO,bio,action,bio,0.13,0.51,0.38,0.43,0.41,-0.02
subj_69,Magical,feel scared,see something,get tired,CC,bio,mind,bio,0.12,0.54,0.42,0.51,0.4,-0.11
subj_69,Magical,see something,take a walk,hear something,CO,mind,action,mind,0.2,0.58,0.38,0.42,0.18,-0.24
subj_69,Magical,kick something,think about something,sit down,CO,action,mind,action,0.37,0.6,0.23,0.7,0.42,-0.29
subj_69,Magical,remember something,take a walk,think about something,CO,mind,action,mind,0.24,0.61,0.37,0.07,0.15,0.08
subj_69,Magical,jump up and down,see something,sit down,CO,action,mind,action,0.29,0.6,0.32,0.83,0.3,-0.52
subj_69,Magical,take a walk,think about something,sit down,CO,action,mind,action,0.26,0.58,0.32,0.77,0.33,-0.44
subj_69,Magical,sit down,experience pain,jump up and down,CO,action,bio,action,0.13,0.58,0.45,0.54,0.3,-0.23
subj_70,Magical,sit down,experience pain,jump up and down,CO,action,bio,action,0.13,0.58,0.45,0.54,0.3,-0.23
subj_70,Magical,take a walk,think about something,sit down,CO,action,mind,action,0.26,0.58,0.32,0.77,0.33,-0.44
subj_70,Magical,see something,take a walk,hear something,CO,mind,action,mind,0.2,0.58,0.38,0.42,0.18,-0.24
subj_70,Magical,kick something,think about something,sit down,CO,action,mind,action,0.37,0.6,0.23,0.7,0.42,-0.29
subj_70,Magical,reach for something,become hungry,kick something,CO,action,bio,action,0.21,0.56,0.35,0.54,0.4,-0.15
subj_70,Magical,think about something,get sick,remember something,CO,mind,bio,mind,0.25,0.65,0.4,0.08,0.15,0.08
subj_70,Magical,feel scared,see something,get tired,CO,bio,mind,bio,0.12,0.54,0.42,0.51,0.4,-0.11
subj_70,Magical,get sick,see something,get tired,CO,bio,mind,bio,0.38,0.62,0.25,0.39,0.34,-0.06
subj_70,Magical,get tired,jump up and down,feel scared,CO,bio,action,bio,0.1,0.54,0.43,0.42,0.4,-0.02
subj_70,Magical,choose what to do,experience pain,remember something,CO,mind,bio,mind,0.2,0.57,0.36,0.15,0.36,0.22
subj_70,Magical,experience pain,kick something,get tired,CO,bio,action,bio,0.13,0.51,0.38,0.43,0.41,-0.02
subj_70,Magical,become hungry,take a walk,feel scared,CC,bio,action,bio,0.18,0.55,0.37,0.67,0.44,-0.22
subj_70,Magical,remember something,take a walk,think about something,CO,mind,action,mind,0.24,0.61,0.37,0.07,0.15,0.08
subj_70,Magical,jump up and down,see something,sit down,CO,action,mind,action,0.29,0.6,0.32,0.83,0.3,-0.52
subj_70,Magical,hear something,take a walk,see something,CO,mind,action,mind,0.25,0.58,0.33,0.44,0.18,-0.27
subj_71,Magical,experience pain,kick something,get tired,CC,bio,action,bio,0.13,0.51,0.38,0.43,0.41,-0.02
subj_71,Magical,kick something,think about something,sit down,CC,action,mind,action,0.37,0.6,0.23,0.7,0.42,-0.29
subj_71,Magical,sit down,experience pain,jump up and down,CO,action,bio,action,0.13,0.58,0.45,0.54,0.3,-0.23
subj_71,Magical,hear something,take a walk,see something,CO,mind,action,mind,0.25,0.58,0.33,0.44,0.18,-0.27
subj_71,Magical,think about something,get sick,remember something,CO,mind,bio,mind,0.25,0.65,0.4,0.08,0.15,0.08
subj_71,Magical,get tired,jump up and down,feel scared,CC,bio,action,bio,0.1,0.54,0.43,0.42,0.4,-0.02
subj_71,Magical,jump up and down,see something,sit down,CO,action,mind,action,0.29,0.6,0.32,0.83,0.3,-0.52
subj_71,Magical,reach for something,become hungry,kick something,CO,action,bio,action,0.21,0.56,0.35,0.54,0.4,-0.15
subj_71,Magical,see something,take a walk,hear something,CO,mind,action,mind,0.2,0.58,0.38,0.42,0.18,-0.24
subj_71,Magical,get sick,see something,get tired,CO,bio,mind,bio,0.38,0.62,0.25,0.39,0.34,-0.06
subj_71,Magical,become hungry,take a walk,feel scared,CO,bio,action,bio,0.18,0.55,0.37,0.67,0.44,-0.22
subj_71,Magical,feel scared,see something,get tired,CO,bio,mind,bio,0.12,0.54,0.42,0.51,0.4,-0.11
subj_71,Magical,take a walk,think about something,sit down,CO,action,mind,action,0.26,0.58,0.32,0.77,0.33,-0.44
subj_71,Magical,remember something,take a walk,think about something,CO,mind,action,mind,0.24,0.61,0.37,0.07,0.15,0.08
subj_71,Magical,choose what to do,experience pain,remember something,CO,mind,bio,mind,0.2,0.57,0.36,0.15,0.36,0.22
subj_72,Magical,take a walk,think about something,sit down,CC,action,mind,action,0.26,0.58,0.32,0.77,0.33,-0.44
subj_72,Magical,hear something,take a walk,see something,CO,mind,action,mind,0.25,0.58,0.33,0.44,0.18,-0.27
subj_72,Magical,jump up and down,see something,sit down,CC,action,mind,action,0.29,0.6,0.32,0.83,0.3,-0.52
subj_72,Magical,sit down,experience pain,jump up and down,CC,action,bio,action,0.13,0.58,0.45,0.54,0.3,-0.23
subj_72,Magical,see something,take a walk,hear something,CO,mind,action,mind,0.2,0.58,0.38,0.42,0.18,-0.24
subj_72,Magical,kick something,think about something,sit down,CC,action,mind,action,0.37,0.6,0.23,0.7,0.42,-0.29
subj_72,Magical,choose what to do,experience pain,remember something,CO,mind,bio,mind,0.2,0.57,0.36,0.15,0.36,0.22
subj_72,Magical,reach for something,become hungry,kick something,CO,action,bio,action,0.21,0.56,0.35,0.54,0.4,-0.15
subj_72,Magical,get sick,see something,get tired,CO,bio,mind,bio,0.38,0.62,0.25,0.39,0.34,-0.06
subj_72,Magical,feel scared,see something,get tired,CC,bio,mind,bio,0.12,0.54,0.42,0.51,0.4,-0.11
subj_72,Magical,become hungry,take a walk,feel scared,CC,bio,action,bio,0.18,0.55,0.37,0.67,0.44,-0.22
subj_72,Magical,get tired,jump up and down,feel scared,CC,bio,action,bio,0.1,0.54,0.43,0.42,0.4,-0.02
subj_72,Magical,think about something,get sick,remember something,CO,mind,bio,mind,0.25,0.65,0.4,0.08,0.15,0.08
subj_72,Magical,remember something,take a walk,think about something,CO,mind,action,mind,0.24,0.61,0.37,0.07,0.15,0.08
subj_72,Magical,experience pain,kick something,get tired,CC,bio,action,bio,0.13,0.51,0.38,0.43,0.41,-0.02
subj_73,Magical,reach for something,become hungry,kick something,CC,action,bio,action,0.21,0.56,0.35,0.54,0.4,-0.15
subj_73,Magical,remember something,take a walk,think about something,CO,mind,action,mind,0.24,0.61,0.37,0.07,0.15,0.08
subj_73,Magical,hear something,take a walk,see something,CO,mind,action,mind,0.25,0.58,0.33,0.44,0.18,-0.27
subj_73,Magical,kick something,think about something,sit down,CO,action,mind,action,0.37,0.6,0.23,0.7,0.42,-0.29
subj_73,Magical,sit down,experience pain,jump up and down,CO,action,bio,action,0.13,0.58,0.45,0.54,0.3,-0.23
subj_73,Magical,feel scared,see something,get tired,CC,bio,mind,bio,0.12,0.54,0.42,0.51,0.4,-0.11
subj_73,Magical,experience pain,kick something,get tired,CC,bio,action,bio,0.13,0.51,0.38,0.43,0.41,-0.02
subj_73,Magical,become hungry,take a walk,feel scared,CC,bio,action,bio,0.18,0.55,0.37,0.67,0.44,-0.22
subj_73,Magical,choose what to do,experience pain,remember something,CC,mind,bio,mind,0.2,0.57,0.36,0.15,0.36,0.22
subj_73,Magical,take a walk,think about something,sit down,CC,action,mind,action,0.26,0.58,0.32,0.77,0.33,-0.44
subj_73,Magical,see something,take a walk,hear something,CO,mind,action,mind,0.2,0.58,0.38,0.42,0.18,-0.24
subj_73,Magical,think about something,get sick,remember something,CO,mind,bio,mind,0.25,0.65,0.4,0.08,0.15,0.08
subj_73,Magical,jump up and down,see something,sit down,CC,action,mind,action,0.29,0.6,0.32,0.83,0.3,-0.52
subj_73,Magical,get sick,see something,get tired,CO,bio,mind,bio,0.38,0.62,0.25,0.39,0.34,-0.06
subj_73,Magical,get tired,jump up and down,feel scared,CC,bio,action,bio,0.1,0.54,0.43,0.42,0.4,-0.02
subj_74,Ordinary,reach for something,become hungry,kick something,CO,action,bio,action,0.21,0.56,0.35,0.54,0.4,-0.15
subj_74,Ordinary,sit down,experience pain,jump up and down,CC,action,bio,action,0.13,0.58,0.45,0.54,0.3,-0.23
subj_74,Ordinary,take a walk,think about something,sit down,CC,action,mind,action,0.26,0.58,0.32,0.77,0.33,-0.44
subj_74,Ordinary,experience pain,kick something,get tired,CC,bio,action,bio,0.13,0.51,0.38,0.43,0.41,-0.02
subj_74,Ordinary,think about something,get sick,remember something,CO,mind,bio,mind,0.25,0.65,0.4,0.08,0.15,0.08
subj_74,Ordinary,kick something,think about something,sit down,CC,action,mind,action,0.37,0.6,0.23,0.7,0.42,-0.29
subj_74,Ordinary,see something,take a walk,hear something,CC,mind,action,mind,0.2,0.58,0.38,0.42,0.18,-0.24
subj_74,Ordinary,remember something,take a walk,think about something,CO,mind,action,mind,0.24,0.61,0.37,0.07,0.15,0.08
subj_74,Ordinary,become hungry,take a walk,feel scared,CC,bio,action,bio,0.18,0.55,0.37,0.67,0.44,-0.22
subj_74,Ordinary,hear something,take a walk,see something,CC,mind,action,mind,0.25,0.58,0.33,0.44,0.18,-0.27
subj_74,Ordinary,feel scared,see something,get tired,CC,bio,mind,bio,0.12,0.54,0.42,0.51,0.4,-0.11
subj_74,Ordinary,get tired,jump up and down,feel scared,CC,bio,action,bio,0.1,0.54,0.43,0.42,0.4,-0.02
subj_74,Ordinary,get sick,see something,get tired,CO,bio,mind,bio,0.38,0.62,0.25,0.39,0.34,-0.06
subj_74,Ordinary,jump up and down,see something,sit down,CC,action,mind,action,0.29,0.6,0.32,0.83,0.3,-0.52
subj_74,Ordinary,choose what to do,experience pain,remember something,CO,mind,bio,mind,0.2,0.57,0.36,0.15,0.36,0.22
subj_75,Magical,get sick,see something,get tired,CO,bio,mind,bio,0.38,0.62,0.25,0.39,0.34,-0.06
subj_75,Magical,experience pain,kick something,get tired,CC,bio,action,bio,0.13,0.51,0.38,0.43,0.41,-0.02
subj_75,Magical,feel scared,see something,get tired,CC,bio,mind,bio,0.12,0.54,0.42,0.51,0.4,-0.11
subj_75,Magical,reach for something,become hungry,kick something,CC,action,bio,action,0.21,0.56,0.35,0.54,0.4,-0.15
subj_75,Magical,sit down,experience pain,jump up and down,CC,action,bio,action,0.13,0.58,0.45,0.54,0.3,-0.23
subj_75,Magical,get tired,jump up and down,feel scared,CC,bio,action,bio,0.1,0.54,0.43,0.42,0.4,-0.02
subj_75,Magical,remember something,take a walk,think about something,CO,mind,action,mind,0.24,0.61,0.37,0.07,0.15,0.08
subj_75,Magical,become hungry,take a walk,feel scared,CC,bio,action,bio,0.18,0.55,0.37,0.67,0.44,-0.22
subj_75,Magical,choose what to do,experience pain,remember something,CO,mind,bio,mind,0.2,0.57,0.36,0.15,0.36,0.22
subj_75,Magical,jump up and down,see something,sit down,CC,action,mind,action,0.29,0.6,0.32,0.83,0.3,-0.52
subj_75,Magical,hear something,take a walk,see something,CO,mind,action,mind,0.25,0.58,0.33,0.44,0.18,-0.27
subj_75,Magical,take a walk,think about something,sit down,CC,action,mind,action,0.26,0.58,0.32,0.77,0.33,-0.44
subj_75,Magical,kick something,think about something,sit down,CC,action,mind,action,0.37,0.6,0.23,0.7,0.42,-0.29
subj_75,Magical,think about something,get sick,remember something,CO,mind,bio,mind,0.25,0.65,0.4,0.08,0.15,0.08
subj_75,Magical,see something,take a walk,hear something,CC,mind,action,mind,0.2,0.58,0.38,0.42,0.18,-0.24
subj_76,Ordinary,reach for something,become hungry,kick something,CC,action,bio,action,0.21,0.56,0.35,0.54,0.4,-0.15
subj_76,Ordinary,get tired,jump up and down,feel scared,CC,bio,action,bio,0.1,0.54,0.43,0.42,0.4,-0.02
subj_76,Ordinary,become hungry,take a walk,feel scared,CC,bio,action,bio,0.18,0.55,0.37,0.67,0.44,-0.22
subj_76,Ordinary,kick something,think about something,sit down,CO,action,mind,action,0.37,0.6,0.23,0.7,0.42,-0.29
subj_76,Ordinary,see something,take a walk,hear something,CO,mind,action,mind,0.2,0.58,0.38,0.42,0.18,-0.24
subj_76,Ordinary,take a walk,think about something,sit down,CO,action,mind,action,0.26,0.58,0.32,0.77,0.33,-0.44
subj_76,Ordinary,remember something,take a walk,think about something,CO,mind,action,mind,0.24,0.61,0.37,0.07,0.15,0.08
subj_76,Ordinary,feel scared,see something,get tired,CC,bio,mind,bio,0.12,0.54,0.42,0.51,0.4,-0.11
subj_76,Ordinary,hear something,take a walk,see something,CO,mind,action,mind,0.25,0.58,0.33,0.44,0.18,-0.27
subj_76,Ordinary,choose what to do,experience pain,remember something,CO,mind,bio,mind,0.2,0.57,0.36,0.15,0.36,0.22
subj_76,Ordinary,sit down,experience pain,jump up and down,CO,action,bio,action,0.13,0.58,0.45,0.54,0.3,-0.23
subj_76,Ordinary,jump up and down,see something,sit down,CO,action,mind,action,0.29,0.6,0.32,0.83,0.3,-0.52
subj_76,Ordinary,experience pain,kick something,get tired,CC,bio,action,bio,0.13,0.51,0.38,0.43,0.41,-0.02
subj_76,Ordinary,get sick,see something,get tired,CO,bio,mind,bio,0.38,0.62,0.25,0.39,0.34,-0.06
subj_76,Ordinary,think about something,get sick,remember something,CO,mind,bio,mind,0.25,0.65,0.4,0.08,0.15,0.08
subj_77,Ordinary,feel scared,see something,get tired,CC,bio,mind,bio,0.12,0.54,0.42,0.51,0.4,-0.11
subj_77,Ordinary,hear something,take a walk,see something,CO,mind,action,mind,0.25,0.58,0.33,0.44,0.18,-0.27
subj_77,Ordinary,become hungry,take a walk,feel scared,CC,bio,action,bio,0.18,0.55,0.37,0.67,0.44,-0.22
subj_77,Ordinary,sit down,experience pain,jump up and down,CC,action,bio,action,0.13,0.58,0.45,0.54,0.3,-0.23
subj_77,Ordinary,reach for something,become hungry,kick something,CC,action,bio,action,0.21,0.56,0.35,0.54,0.4,-0.15
subj_77,Ordinary,see something,take a walk,hear something,CO,mind,action,mind,0.2,0.58,0.38,0.42,0.18,-0.24
subj_77,Ordinary,experience pain,kick something,get tired,CC,bio,action,bio,0.13,0.51,0.38,0.43,0.41,-0.02
subj_77,Ordinary,jump up and down,see something,sit down,CC,action,mind,action,0.29,0.6,0.32,0.83,0.3,-0.52
subj_77,Ordinary,choose what to do,experience pain,remember something,CO,mind,bio,mind,0.2,0.57,0.36,0.15,0.36,0.22
subj_77,Ordinary,think about something,get sick,remember something,CO,mind,bio,mind,0.25,0.65,0.4,0.08,0.15,0.08
subj_77,Ordinary,get tired,jump up and down,feel scared,CC,bio,action,bio,0.1,0.54,0.43,0.42,0.4,-0.02
subj_77,Ordinary,get sick,see something,get tired,CO,bio,mind,bio,0.38,0.62,0.25,0.39,0.34,-0.06
subj_77,Ordinary,remember something,take a walk,think about something,CO,mind,action,mind,0.24,0.61,0.37,0.07,0.15,0.08
subj_77,Ordinary,take a walk,think about something,sit down,CC,action,mind,action,0.26,0.58,0.32,0.77,0.33,-0.44
subj_77,Ordinary,kick something,think about something,sit down,CC,action,mind,action,0.37,0.6,0.23,0.7,0.42,-0.29
subj_78,Ordinary,kick something,think about something,sit down,CC,action,mind,action,0.37,0.6,0.23,0.7,0.42,-0.29
subj_78,Ordinary,feel scared,see something,get tired,CC,bio,mind,bio,0.12,0.54,0.42,0.51,0.4,-0.11
subj_78,Ordinary,get sick,see something,get tired,CC,bio,mind,bio,0.38,0.62,0.25,0.39,0.34,-0.06
subj_78,Ordinary,sit down,experience pain,jump up and down,CC,action,bio,action,0.13,0.58,0.45,0.54,0.3,-0.23
subj_78,Ordinary,get tired,jump up and down,feel scared,CC,bio,action,bio,0.1,0.54,0.43,0.42,0.4,-0.02
subj_78,Ordinary,hear something,take a walk,see something,CC,mind,action,mind,0.25,0.58,0.33,0.44,0.18,-0.27
subj_78,Ordinary,remember something,take a walk,think about something,CO,mind,action,mind,0.24,0.61,0.37,0.07,0.15,0.08
subj_78,Ordinary,experience pain,kick something,get tired,CC,bio,action,bio,0.13,0.51,0.38,0.43,0.41,-0.02
subj_78,Ordinary,become hungry,take a walk,feel scared,CC,bio,action,bio,0.18,0.55,0.37,0.67,0.44,-0.22
subj_78,Ordinary,take a walk,think about something,sit down,CC,action,mind,action,0.26,0.58,0.32,0.77,0.33,-0.44
subj_78,Ordinary,reach for something,become hungry,kick something,CO,action,bio,action,0.21,0.56,0.35,0.54,0.4,-0.15
subj_78,Ordinary,think about something,get sick,remember something,CO,mind,bio,mind,0.25,0.65,0.4,0.08,0.15,0.08
subj_78,Ordinary,jump up and down,see something,sit down,CC,action,mind,action,0.29,0.6,0.32,0.83,0.3,-0.52
subj_78,Ordinary,choose what to do,experience pain,remember something,CO,mind,bio,mind,0.2,0.57,0.36,0.15,0.36,0.22
subj_78,Ordinary,see something,take a walk,hear something,CC,mind,action,mind,0.2,0.58,0.38,0.42,0.18,-0.24
subj_79,Magical,jump up and down,see something,sit down,CC,action,mind,action,0.29,0.6,0.32,0.83,0.3,-0.52
subj_79,Magical,take a walk,think about something,sit down,CC,action,mind,action,0.26,0.58,0.32,0.77,0.33,-0.44
subj_79,Magical,feel scared,see something,get tired,CC,bio,mind,bio,0.12,0.54,0.42,0.51,0.4,-0.11
subj_79,Magical,hear something,take a walk,see something,CC,mind,action,mind,0.25,0.58,0.33,0.44,0.18,-0.27
subj_79,Magical,become hungry,take a walk,feel scared,CO,bio,action,bio,0.18,0.55,0.37,0.67,0.44,-0.22
subj_79,Magical,experience pain,kick something,get tired,CC,bio,action,bio,0.13,0.51,0.38,0.43,0.41,-0.02
subj_79,Magical,sit down,experience pain,jump up and down,CC,action,bio,action,0.13,0.58,0.45,0.54,0.3,-0.23
subj_79,Magical,see something,take a walk,hear something,CC,mind,action,mind,0.2,0.58,0.38,0.42,0.18,-0.24
subj_79,Magical,kick something,think about something,sit down,CC,action,mind,action,0.37,0.6,0.23,0.7,0.42,-0.29
subj_79,Magical,think about something,get sick,remember something,CO,mind,bio,mind,0.25,0.65,0.4,0.08,0.15,0.08
subj_79,Magical,get tired,jump up and down,feel scared,CC,bio,action,bio,0.1,0.54,0.43,0.42,0.4,-0.02
subj_79,Magical,reach for something,become hungry,kick something,CC,action,bio,action,0.21,0.56,0.35,0.54,0.4,-0.15
subj_79,Magical,get sick,see something,get tired,CO,bio,mind,bio,0.38,0.62,0.25,0.39,0.34,-0.06
subj_79,Magical,remember something,take a walk,think about something,CO,mind,action,mind,0.24,0.61,0.37,0.07,0.15,0.08
subj_79,Magical,choose what to do,experience pain,remember something,CO,mind,bio,mind,0.2,0.57,0.36,0.15,0.36,0.22
subj_80,Ordinary,feel scared,see something,get tired,CC,bio,mind,bio,0.12,0.54,0.42,0.51,0.4,-0.11
subj_80,Ordinary,become hungry,take a walk,feel scared,CC,bio,action,bio,0.18,0.55,0.37,0.67,0.44,-0.22
subj_80,Ordinary,think about something,get sick,remember something,CO,mind,bio,mind,0.25,0.65,0.4,0.08,0.15,0.08
subj_80,Ordinary,experience pain,kick something,get tired,CC,bio,action,bio,0.13,0.51,0.38,0.43,0.41,-0.02
subj_80,Ordinary,take a walk,think about something,sit down,CO,action,mind,action,0.26,0.58,0.32,0.77,0.33,-0.44
subj_80,Ordinary,choose what to do,experience pain,remember something,CO,mind,bio,mind,0.2,0.57,0.36,0.15,0.36,0.22
subj_80,Ordinary,jump up and down,see something,sit down,CC,action,mind,action,0.29,0.6,0.32,0.83,0.3,-0.52
subj_80,Ordinary,kick something,think about something,sit down,CO,action,mind,action,0.37,0.6,0.23,0.7,0.42,-0.29
subj_80,Ordinary,get sick,see something,get tired,CO,bio,mind,bio,0.38,0.62,0.25,0.39,0.34,-0.06
subj_80,Ordinary,sit down,experience pain,jump up and down,CO,action,bio,action,0.13,0.58,0.45,0.54,0.3,-0.23
subj_80,Ordinary,hear something,take a walk,see something,CC,mind,action,mind,0.25,0.58,0.33,0.44,0.18,-0.27
subj_80,Ordinary,remember something,take a walk,think about something,CO,mind,action,mind,0.24,0.61,0.37,0.07,0.15,0.08
subj_80,Ordinary,see something,take a walk,hear something,CO,mind,action,mind,0.2,0.58,0.38,0.42,0.18,-0.24
subj_80,Ordinary,reach for something,become hungry,kick something,CC,action,bio,action,0.21,0.56,0.35,0.54,0.4,-0.15
subj_80,Ordinary,get tired,jump up and down,feel scared,CC,bio,action,bio,0.1,0.54,0.43,0.42,0.4,-0.02
subj_81,Magical,feel scared,see something,get tired,CC,bio,mind,bio,0.12,0.54,0.42,0.51,0.4,-0.11
subj_81,Magical,experience pain,kick something,get tired,CC,bio,action,bio,0.13,0.51,0.38,0.43,0.41,-0.02
subj_81,Magical,hear something,take a walk,see something,CC,mind,action,mind,0.25,0.58,0.33,0.44,0.18,-0.27
subj_81,Magical,kick something,think about something,sit down,CC,action,mind,action,0.37,0.6,0.23,0.7,0.42,-0.29
subj_81,Magical,remember something,take a walk,think about something,CO,mind,action,mind,0.24,0.61,0.37,0.07,0.15,0.08
subj_81,Magical,jump up and down,see something,sit down,CC,action,mind,action,0.29,0.6,0.32,0.83,0.3,-0.52
subj_81,Magical,get tired,jump up and down,feel scared,CC,bio,action,bio,0.1,0.54,0.43,0.42,0.4,-0.02
subj_81,Magical,take a walk,think about something,sit down,CC,action,mind,action,0.26,0.58,0.32,0.77,0.33,-0.44
subj_81,Magical,reach for something,become hungry,kick something,CC,action,bio,action,0.21,0.56,0.35,0.54,0.4,-0.15
subj_81,Magical,choose what to do,experience pain,remember something,CO,mind,bio,mind,0.2,0.57,0.36,0.15,0.36,0.22
subj_81,Magical,sit down,experience pain,jump up and down,CC,action,bio,action,0.13,0.58,0.45,0.54,0.3,-0.23
subj_81,Magical,become hungry,take a walk,feel scared,CC,bio,action,bio,0.18,0.55,0.37,0.67,0.44,-0.22
subj_81,Magical,see something,take a walk,hear something,CC,mind,action,mind,0.2,0.58,0.38,0.42,0.18,-0.24
subj_81,Magical,get sick,see something,get tired,CO,bio,mind,bio,0.38,0.62,0.25,0.39,0.34,-0.06
subj_81,Magical,think about something,get sick,remember something,CO,mind,bio,mind,0.25,0.65,0.4,0.08,0.15,0.08
subj_82,Ordinary,take a walk,think about something,sit down,CC,action,mind,action,0.26,0.58,0.32,0.77,0.33,-0.44
subj_82,Ordinary,kick something,think about something,sit down,CC,action,mind,action,0.37,0.6,0.23,0.7,0.42,-0.29
subj_82,Ordinary,sit down,experience pain,jump up and down,CC,action,bio,action,0.13,0.58,0.45,0.54,0.3,-0.23
subj_82,Ordinary,get sick,see something,get tired,CC,bio,mind,bio,0.38,0.62,0.25,0.39,0.34,-0.06
subj_82,Ordinary,think about something,get sick,remember something,CO,mind,bio,mind,0.25,0.65,0.4,0.08,0.15,0.08
subj_82,Ordinary,hear something,take a walk,see something,CC,mind,action,mind,0.25,0.58,0.33,0.44,0.18,-0.27
subj_82,Ordinary,feel scared,see something,get tired,CC,bio,mind,bio,0.12,0.54,0.42,0.51,0.4,-0.11
subj_82,Ordinary,jump up and down,see something,sit down,CC,action,mind,action,0.29,0.6,0.32,0.83,0.3,-0.52
subj_82,Ordinary,experience pain,kick something,get tired,CC,bio,action,bio,0.13,0.51,0.38,0.43,0.41,-0.02
subj_82,Ordinary,get tired,jump up and down,feel scared,CC,bio,action,bio,0.1,0.54,0.43,0.42,0.4,-0.02
subj_82,Ordinary,choose what to do,experience pain,remember something,CO,mind,bio,mind,0.2,0.57,0.36,0.15,0.36,0.22
subj_82,Ordinary,remember something,take a walk,think about something,CO,mind,action,mind,0.24,0.61,0.37,0.07,0.15,0.08
subj_82,Ordinary,become hungry,take a walk,feel scared,CC,bio,action,bio,0.18,0.55,0.37,0.67,0.44,-0.22
subj_82,Ordinary,reach for something,become hungry,kick something,CO,action,bio,action,0.21,0.56,0.35,0.54,0.4,-0.15
subj_82,Ordinary,see something,take a walk,hear something,CC,mind,action,mind,0.2,0.58,0.38,0.42,0.18,-0.24
subj_83,Ordinary,reach for something,become hungry,kick something,CO,action,bio,action,0.21,0.56,0.35,0.54,0.4,-0.15
subj_83,Ordinary,get tired,jump up and down,feel scared,CC,bio,action,bio,0.1,0.54,0.43,0.42,0.4,-0.02
subj_83,Ordinary,sit down,experience pain,jump up and down,CC,action,bio,action,0.13,0.58,0.45,0.54,0.3,-0.23
subj_83,Ordinary,get sick,see something,get tired,CO,bio,mind,bio,0.38,0.62,0.25,0.39,0.34,-0.06
subj_83,Ordinary,think about something,get sick,remember something,CO,mind,bio,mind,0.25,0.65,0.4,0.08,0.15,0.08
subj_83,Ordinary,become hungry,take a walk,feel scared,CC,bio,action,bio,0.18,0.55,0.37,0.67,0.44,-0.22
subj_83,Ordinary,hear something,take a walk,see something,CC,mind,action,mind,0.25,0.58,0.33,0.44,0.18,-0.27
subj_83,Ordinary,experience pain,kick something,get tired,CO,bio,action,bio,0.13,0.51,0.38,0.43,0.41,-0.02
subj_83,Ordinary,remember something,take a walk,think about something,CO,mind,action,mind,0.24,0.61,0.37,0.07,0.15,0.08
subj_83,Ordinary,see something,take a walk,hear something,CC,mind,action,mind,0.2,0.58,0.38,0.42,0.18,-0.24
subj_83,Ordinary,kick something,think about something,sit down,CC,action,mind,action,0.37,0.6,0.23,0.7,0.42,-0.29
subj_83,Ordinary,feel scared,see something,get tired,CC,bio,mind,bio,0.12,0.54,0.42,0.51,0.4,-0.11
subj_83,Ordinary,jump up and down,see something,sit down,CO,action,mind,action,0.29,0.6,0.32,0.83,0.3,-0.52
subj_83,Ordinary,take a walk,think about something,sit down,CC,action,mind,action,0.26,0.58,0.32,0.77,0.33,-0.44
subj_83,Ordinary,choose what to do,experience pain,remember something,CO,mind,bio,mind,0.2,0.57,0.36,0.15,0.36,0.22
subj_84,Magical,become hungry,take a walk,feel scared,CC,bio,action,bio,0.18,0.55,0.37,0.67,0.44,-0.22
subj_84,Magical,reach for something,become hungry,kick something,CO,action,bio,action,0.21,0.56,0.35,0.54,0.4,-0.15
subj_84,Magical,sit down,experience pain,jump up and down,CO,action,bio,action,0.13,0.58,0.45,0.54,0.3,-0.23
subj_84,Magical,get sick,see something,get tired,CO,bio,mind,bio,0.38,0.62,0.25,0.39,0.34,-0.06
subj_84,Magical,jump up and down,see something,sit down,CC,action,mind,action,0.29,0.6,0.32,0.83,0.3,-0.52
subj_84,Magical,kick something,think about something,sit down,CC,action,mind,action,0.37,0.6,0.23,0.7,0.42,-0.29
subj_84,Magical,think about something,get sick,remember something,CO,mind,bio,mind,0.25,0.65,0.4,0.08,0.15,0.08
subj_84,Magical,hear something,take a walk,see something,CO,mind,action,mind,0.25,0.58,0.33,0.44,0.18,-0.27
subj_84,Magical,experience pain,kick something,get tired,CC,bio,action,bio,0.13,0.51,0.38,0.43,0.41,-0.02
subj_84,Magical,remember something,take a walk,think about something,CO,mind,action,mind,0.24,0.61,0.37,0.07,0.15,0.08
subj_84,Magical,see something,take a walk,hear something,CO,mind,action,mind,0.2,0.58,0.38,0.42,0.18,-0.24
subj_84,Magical,take a walk,think about something,sit down,CO,action,mind,action,0.26,0.58,0.32,0.77,0.33,-0.44
subj_84,Magical,get tired,jump up and down,feel scared,CC,bio,action,bio,0.1,0.54,0.43,0.42,0.4,-0.02
subj_84,Magical,choose what to do,experience pain,remember something,CO,mind,bio,mind,0.2,0.57,0.36,0.15,0.36,0.22
subj_84,Magical,feel scared,see something,get tired,CO,bio,mind,bio,0.12,0.54,0.42,0.51,0.4,-0.11
subj_85,Ordinary,experience pain,kick something,get tired,CC,bio,action,bio,0.13,0.51,0.38,0.43,0.41,-0.02
subj_85,Ordinary,see something,take a walk,hear something,CC,mind,action,mind,0.2,0.58,0.38,0.42,0.18,-0.24
subj_85,Ordinary,feel scared,see something,get tired,CC,bio,mind,bio,0.12,0.54,0.42,0.51,0.4,-0.11
subj_85,Ordinary,sit down,experience pain,jump up and down,CC,action,bio,action,0.13,0.58,0.45,0.54,0.3,-0.23
subj_85,Ordinary,reach for something,become hungry,kick something,CO,action,bio,action,0.21,0.56,0.35,0.54,0.4,-0.15
subj_85,Ordinary,get sick,see something,get tired,CO,bio,mind,bio,0.38,0.62,0.25,0.39,0.34,-0.06
subj_85,Ordinary,think about something,get sick,remember something,CO,mind,bio,mind,0.25,0.65,0.4,0.08,0.15,0.08
subj_85,Ordinary,choose what to do,experience pain,remember something,CO,mind,bio,mind,0.2,0.57,0.36,0.15,0.36,0.22
subj_85,Ordinary,hear something,take a walk,see something,CO,mind,action,mind,0.25,0.58,0.33,0.44,0.18,-0.27
subj_85,Ordinary,remember something,take a walk,think about something,CO,mind,action,mind,0.24,0.61,0.37,0.07,0.15,0.08
subj_85,Ordinary,jump up and down,see something,sit down,CC,action,mind,action,0.29,0.6,0.32,0.83,0.3,-0.52
subj_85,Ordinary,get tired,jump up and down,feel scared,CC,bio,action,bio,0.1,0.54,0.43,0.42,0.4,-0.02
subj_85,Ordinary,kick something,think about something,sit down,CC,action,mind,action,0.37,0.6,0.23,0.7,0.42,-0.29
subj_85,Ordinary,take a walk,think about something,sit down,CC,action,mind,action,0.26,0.58,0.32,0.77,0.33,-0.44
subj_85,Ordinary,become hungry,take a walk,feel scared,CC,bio,action,bio,0.18,0.55,0.37,0.67,0.44,-0.22
subj_86,Magical,choose what to do,experience pain,remember something,CC,mind,bio,mind,0.2,0.57,0.36,0.15,0.36,0.22
subj_86,Magical,remember something,take a walk,think about something,CO,mind,action,mind,0.24,0.61,0.37,0.07,0.15,0.08
subj_86,Magical,get sick,see something,get tired,CO,bio,mind,bio,0.38,0.62,0.25,0.39,0.34,-0.06
subj_86,Magical,reach for something,become hungry,kick something,CO,action,bio,action,0.21,0.56,0.35,0.54,0.4,-0.15
subj_86,Magical,kick something,think about something,sit down,CO,action,mind,action,0.37,0.6,0.23,0.7,0.42,-0.29
subj_86,Magical,hear something,take a walk,see something,CO,mind,action,mind,0.25,0.58,0.33,0.44,0.18,-0.27
subj_86,Magical,get tired,jump up and down,feel scared,CC,bio,action,bio,0.1,0.54,0.43,0.42,0.4,-0.02
subj_86,Magical,jump up and down,see something,sit down,CO,action,mind,action,0.29,0.6,0.32,0.83,0.3,-0.52
subj_86,Magical,think about something,get sick,remember something,CO,mind,bio,mind,0.25,0.65,0.4,0.08,0.15,0.08
subj_86,Magical,feel scared,see something,get tired,CC,bio,mind,bio,0.12,0.54,0.42,0.51,0.4,-0.11
subj_86,Magical,take a walk,think about something,sit down,CO,action,mind,action,0.26,0.58,0.32,0.77,0.33,-0.44
subj_86,Magical,become hungry,take a walk,feel scared,CC,bio,action,bio,0.18,0.55,0.37,0.67,0.44,-0.22
subj_86,Magical,sit down,experience pain,jump up and down,CO,action,bio,action,0.13,0.58,0.45,0.54,0.3,-0.23
subj_86,Magical,see something,take a walk,hear something,CO,mind,action,mind,0.2,0.58,0.38,0.42,0.18,-0.24
subj_86,Magical,experience pain,kick something,get tired,CC,bio,action,bio,0.13,0.51,0.38,0.43,0.41,-0.02
subj_87,Magical,become hungry,take a walk,feel scared,CC,bio,action,bio,0.18,0.55,0.37,0.67,0.44,-0.22
subj_87,Magical,jump up and down,see something,sit down,CC,action,mind,action,0.29,0.6,0.32,0.83,0.3,-0.52
subj_87,Magical,reach for something,become hungry,kick something,CO,action,bio,action,0.21,0.56,0.35,0.54,0.4,-0.15
subj_87,Magical,choose what to do,experience pain,remember something,CO,mind,bio,mind,0.2,0.57,0.36,0.15,0.36,0.22
subj_87,Magical,feel scared,see something,get tired,CC,bio,mind,bio,0.12,0.54,0.42,0.51,0.4,-0.11
subj_87,Magical,remember something,take a walk,think about something,CO,mind,action,mind,0.24,0.61,0.37,0.07,0.15,0.08
subj_87,Magical,take a walk,think about something,sit down,CC,action,mind,action,0.26,0.58,0.32,0.77,0.33,-0.44
subj_87,Magical,kick something,think about something,sit down,CC,action,mind,action,0.37,0.6,0.23,0.7,0.42,-0.29
subj_87,Magical,experience pain,kick something,get tired,CC,bio,action,bio,0.13,0.51,0.38,0.43,0.41,-0.02
subj_87,Magical,get sick,see something,get tired,CC,bio,mind,bio,0.38,0.62,0.25,0.39,0.34,-0.06
subj_87,Magical,think about something,get sick,remember something,CO,mind,bio,mind,0.25,0.65,0.4,0.08,0.15,0.08
subj_87,Magical,hear something,take a walk,see something,CO,mind,action,mind,0.25,0.58,0.33,0.44,0.18,-0.27
subj_87,Magical,get tired,jump up and down,feel scared,CC,bio,action,bio,0.1,0.54,0.43,0.42,0.4,-0.02
subj_87,Magical,see something,take a walk,hear something,CC,mind,action,mind,0.2,0.58,0.38,0.42,0.18,-0.24
subj_87,Magical,sit down,experience pain,jump up and down,CC,action,bio,action,0.13,0.58,0.45,0.54,0.3,-0.23
subj_88,Magical,get tired,jump up and down,feel scared,CC,bio,action,bio,0.1,0.54,0.43,0.42,0.4,-0.02
subj_88,Magical,experience pain,kick something,get tired,CC,bio,action,bio,0.13,0.51,0.38,0.43,0.41,-0.02
subj_88,Magical,see something,take a walk,hear something,CC,mind,action,mind,0.2,0.58,0.38,0.42,0.18,-0.24
subj_88,Magical,choose what to do,experience pain,remember something,CO,mind,bio,mind,0.2,0.57,0.36,0.15,0.36,0.22
subj_88,Magical,think about something,get sick,remember something,CO,mind,bio,mind,0.25,0.65,0.4,0.08,0.15,0.08
subj_88,Magical,reach for something,become hungry,kick something,CC,action,bio,action,0.21,0.56,0.35,0.54,0.4,-0.15
subj_88,Magical,hear something,take a walk,see something,CC,mind,action,mind,0.25,0.58,0.33,0.44,0.18,-0.27
subj_88,Magical,take a walk,think about something,sit down,CC,action,mind,action,0.26,0.58,0.32,0.77,0.33,-0.44
subj_88,Magical,sit down,experience pain,jump up and down,CC,action,bio,action,0.13,0.58,0.45,0.54,0.3,-0.23
subj_88,Magical,become hungry,take a walk,feel scared,CC,bio,action,bio,0.18,0.55,0.37,0.67,0.44,-0.22
subj_88,Magical,jump up and down,see something,sit down,CC,action,mind,action,0.29,0.6,0.32,0.83,0.3,-0.52
subj_88,Magical,kick something,think about something,sit down,CC,action,mind,action,0.37,0.6,0.23,0.7,0.42,-0.29
subj_88,Magical,remember something,take a walk,think about something,CO,mind,action,mind,0.24,0.61,0.37,0.07,0.15,0.08
subj_88,Magical,get sick,see something,get tired,CO,bio,mind,bio,0.38,0.62,0.25,0.39,0.34,-0.06
subj_88,Magical,feel scared,see something,get tired,CC,bio,mind,bio,0.12,0.54,0.42,0.51,0.4,-0.11
subj_89,Ordinary,sit down,experience pain,jump up and down,CO,action,bio,action,0.13,0.58,0.45,0.54,0.3,-0.23
subj_89,Ordinary,reach for something,become hungry,kick something,CO,action,bio,action,0.21,0.56,0.35,0.54,0.4,-0.15
subj_89,Ordinary,experience pain,kick something,get tired,CO,bio,action,bio,0.13,0.51,0.38,0.43,0.41,-0.02
subj_89,Ordinary,feel scared,see something,get tired,CC,bio,mind,bio,0.12,0.54,0.42,0.51,0.4,-0.11
subj_89,Ordinary,choose what to do,experience pain,remember something,CO,mind,bio,mind,0.2,0.57,0.36,0.15,0.36,0.22
subj_89,Ordinary,get sick,see something,get tired,CC,bio,mind,bio,0.38,0.62,0.25,0.39,0.34,-0.06
subj_89,Ordinary,become hungry,take a walk,feel scared,CC,bio,action,bio,0.18,0.55,0.37,0.67,0.44,-0.22
subj_89,Ordinary,take a walk,think about something,sit down,CC,action,mind,action,0.26,0.58,0.32,0.77,0.33,-0.44
subj_89,Ordinary,jump up and down,see something,sit down,CC,action,mind,action,0.29,0.6,0.32,0.83,0.3,-0.52
subj_89,Ordinary,kick something,think about something,sit down,CC,action,mind,action,0.37,0.6,0.23,0.7,0.42,-0.29
subj_89,Ordinary,get tired,jump up and down,feel scared,CC,bio,action,bio,0.1,0.54,0.43,0.42,0.4,-0.02
subj_89,Ordinary,hear something,take a walk,see something,CC,mind,action,mind,0.25,0.58,0.33,0.44,0.18,-0.27
subj_89,Ordinary,remember something,take a walk,think about something,CO,mind,action,mind,0.24,0.61,0.37,0.07,0.15,0.08
subj_89,Ordinary,see something,take a walk,hear something,CC,mind,action,mind,0.2,0.58,0.38,0.42,0.18,-0.24
subj_89,Ordinary,think about something,get sick,remember something,CO,mind,bio,mind,0.25,0.65,0.4,0.08,0.15,0.08
subj_90,Magical,remember something,take a walk,think about something,CO,mind,action,mind,0.24,0.61,0.37,0.07,0.15,0.08
subj_90,Magical,get sick,see something,get tired,CO,bio,mind,bio,0.38,0.62,0.25,0.39,0.34,-0.06
subj_90,Magical,kick something,think about something,sit down,CO,action,mind,action,0.37,0.6,0.23,0.7,0.42,-0.29
subj_90,Magical,reach for something,become hungry,kick something,CO,action,bio,action,0.21,0.56,0.35,0.54,0.4,-0.15
subj_90,Magical,see something,take a walk,hear something,CC,mind,action,mind,0.2,0.58,0.38,0.42,0.18,-0.24
subj_90,Magical,jump up and down,see something,sit down,CO,action,mind,action,0.29,0.6,0.32,0.83,0.3,-0.52
subj_90,Magical,hear something,take a walk,see something,CC,mind,action,mind,0.25,0.58,0.33,0.44,0.18,-0.27
subj_90,Magical,choose what to do,experience pain,remember something,CO,mind,bio,mind,0.2,0.57,0.36,0.15,0.36,0.22
subj_90,Magical,get tired,jump up and down,feel scared,CC,bio,action,bio,0.1,0.54,0.43,0.42,0.4,-0.02
subj_90,Magical,become hungry,take a walk,feel scared,CC,bio,action,bio,0.18,0.55,0.37,0.67,0.44,-0.22
subj_90,Magical,feel scared,see something,get tired,CC,bio,mind,bio,0.12,0.54,0.42,0.51,0.4,-0.11
subj_90,Magical,sit down,experience pain,jump up and down,CC,action,bio,action,0.13,0.58,0.45,0.54,0.3,-0.23
subj_90,Magical,think about something,get sick,remember something,CO,mind,bio,mind,0.25,0.65,0.4,0.08,0.15,0.08
subj_90,Magical,experience pain,kick something,get tired,CO,bio,action,bio,0.13,0.51,0.38,0.43,0.41,-0.02
subj_90,Magical,take a walk,think about something,sit down,CC,action,mind,action,0.26,0.58,0.32,0.77,0.33,-0.44
subj_91,Ordinary,experience pain,kick something,get tired,CC,bio,action,bio,0.13,0.51,0.38,0.43,0.41,-0.02
subj_91,Ordinary,see something,take a walk,hear something,CC,mind,action,mind,0.2,0.58,0.38,0.42,0.18,-0.24
subj_91,Ordinary,become hungry,take a walk,feel scared,CC,bio,action,bio,0.18,0.55,0.37,0.67,0.44,-0.22
subj_91,Ordinary,feel scared,see something,get tired,CC,bio,mind,bio,0.12,0.54,0.42,0.51,0.4,-0.11
subj_91,Ordinary,get sick,see something,get tired,CO,bio,mind,bio,0.38,0.62,0.25,0.39,0.34,-0.06
subj_91,Ordinary,jump up and down,see something,sit down,CC,action,mind,action,0.29,0.6,0.32,0.83,0.3,-0.52
subj_91,Ordinary,hear something,take a walk,see something,CC,mind,action,mind,0.25,0.58,0.33,0.44,0.18,-0.27
subj_91,Ordinary,kick something,think about something,sit down,CC,action,mind,action,0.37,0.6,0.23,0.7,0.42,-0.29
subj_91,Ordinary,remember something,take a walk,think about something,CO,mind,action,mind,0.24,0.61,0.37,0.07,0.15,0.08
subj_91,Ordinary,think about something,get sick,remember something,CO,mind,bio,mind,0.25,0.65,0.4,0.08,0.15,0.08
subj_91,Ordinary,sit down,experience pain,jump up and down,CC,action,bio,action,0.13,0.58,0.45,0.54,0.3,-0.23
subj_91,Ordinary,get tired,jump up and down,feel scared,CC,bio,action,bio,0.1,0.54,0.43,0.42,0.4,-0.02
subj_91,Ordinary,take a walk,think about something,sit down,CC,action,mind,action,0.26,0.58,0.32,0.77,0.33,-0.44
subj_91,Ordinary,choose what to do,experience pain,remember something,CO,mind,bio,mind,0.2,0.57,0.36,0.15,0.36,0.22
subj_91,Ordinary,reach for something,become hungry,kick something,CC,action,bio,action,0.21,0.56,0.35,0.54,0.4,-0.15
subj_92,Ordinary,experience pain,kick something,get tired,CC,bio,action,bio,0.13,0.51,0.38,0.43,0.41,-0.02
subj_92,Ordinary,get sick,see something,get tired,CC,bio,mind,bio,0.38,0.62,0.25,0.39,0.34,-0.06
subj_92,Ordinary,become hungry,take a walk,feel scared,CC,bio,action,bio,0.18,0.55,0.37,0.67,0.44,-0.22
subj_92,Ordinary,get tired,jump up and down,feel scared,CC,bio,action,bio,0.1,0.54,0.43,0.42,0.4,-0.02
subj_92,Ordinary,choose what to do,experience pain,remember something,CO,mind,bio,mind,0.2,0.57,0.36,0.15,0.36,0.22
subj_92,Ordinary,see something,take a walk,hear something,CC,mind,action,mind,0.2,0.58,0.38,0.42,0.18,-0.24
subj_92,Ordinary,sit down,experience pain,jump up and down,CC,action,bio,action,0.13,0.58,0.45,0.54,0.3,-0.23
subj_92,Ordinary,hear something,take a walk,see something,CC,mind,action,mind,0.25,0.58,0.33,0.44,0.18,-0.27
subj_92,Ordinary,take a walk,think about something,sit down,CC,action,mind,action,0.26,0.58,0.32,0.77,0.33,-0.44
subj_92,Ordinary,kick something,think about something,sit down,CC,action,mind,action,0.37,0.6,0.23,0.7,0.42,-0.29
subj_92,Ordinary,reach for something,become hungry,kick something,CC,action,bio,action,0.21,0.56,0.35,0.54,0.4,-0.15
subj_92,Ordinary,think about something,get sick,remember something,CO,mind,bio,mind,0.25,0.65,0.4,0.08,0.15,0.08
subj_92,Ordinary,jump up and down,see something,sit down,CC,action,mind,action,0.29,0.6,0.32,0.83,0.3,-0.52
subj_92,Ordinary,feel scared,see something,get tired,CC,bio,mind,bio,0.12,0.54,0.42,0.51,0.4,-0.11
subj_92,Ordinary,remember something,take a walk,think about something,CO,mind,action,mind,0.24,0.61,0.37,0.07,0.15,0.08
subj_93,Magical,hear something,take a walk,see something,CO,mind,action,mind,0.25,0.58,0.33,0.44,0.18,-0.27
subj_93,Magical,become hungry,take a walk,feel scared,CO,bio,action,bio,0.18,0.55,0.37,0.67,0.44,-0.22
subj_93,Magical,experience pain,kick something,get tired,CO,bio,action,bio,0.13,0.51,0.38,0.43,0.41,-0.02
subj_93,Magical,take a walk,think about something,sit down,CO,action,mind,action,0.26,0.58,0.32,0.77,0.33,-0.44
subj_93,Magical,remember something,take a walk,think about something,CO,mind,action,mind,0.24,0.61,0.37,0.07,0.15,0.08
subj_93,Magical,reach for something,become hungry,kick something,CC,action,bio,action,0.21,0.56,0.35,0.54,0.4,-0.15
subj_93,Magical,get tired,jump up and down,feel scared,CO,bio,action,bio,0.1,0.54,0.43,0.42,0.4,-0.02
subj_93,Magical,sit down,experience pain,jump up and down,CC,action,bio,action,0.13,0.58,0.45,0.54,0.3,-0.23
subj_93,Magical,jump up and down,see something,sit down,CC,action,mind,action,0.29,0.6,0.32,0.83,0.3,-0.52
subj_93,Magical,kick something,think about something,sit down,CC,action,mind,action,0.37,0.6,0.23,0.7,0.42,-0.29
subj_93,Magical,feel scared,see something,get tired,CC,bio,mind,bio,0.12,0.54,0.42,0.51,0.4,-0.11
subj_93,Magical,think about something,get sick,remember something,CO,mind,bio,mind,0.25,0.65,0.4,0.08,0.15,0.08
subj_93,Magical,get sick,see something,get tired,CO,bio,mind,bio,0.38,0.62,0.25,0.39,0.34,-0.06
subj_93,Magical,choose what to do,experience pain,remember something,CO,mind,bio,mind,0.2,0.57,0.36,0.15,0.36,0.22
subj_93,Magical,see something,take a walk,hear something,CO,mind,action,mind,0.2,0.58,0.38,0.42,0.18,-0.24
subj_94,Ordinary,remember something,take a walk,think about something,CO,mind,action,mind,0.24,0.61,0.37,0.07,0.15,0.08
subj_94,Ordinary,feel scared,see something,get tired,CC,bio,mind,bio,0.12,0.54,0.42,0.51,0.4,-0.11
subj_94,Ordinary,become hungry,take a walk,feel scared,CC,bio,action,bio,0.18,0.55,0.37,0.67,0.44,-0.22
subj_94,Ordinary,take a walk,think about something,sit down,CC,action,mind,action,0.26,0.58,0.32,0.77,0.33,-0.44
subj_94,Ordinary,get tired,jump up and down,feel scared,CC,bio,action,bio,0.1,0.54,0.43,0.42,0.4,-0.02
subj_94,Ordinary,sit down,experience pain,jump up and down,CO,action,bio,action,0.13,0.58,0.45,0.54,0.3,-0.23
subj_94,Ordinary,kick something,think about something,sit down,CC,action,mind,action,0.37,0.6,0.23,0.7,0.42,-0.29
subj_94,Ordinary,hear something,take a walk,see something,CO,mind,action,mind,0.25,0.58,0.33,0.44,0.18,-0.27
subj_94,Ordinary,choose what to do,experience pain,remember something,CO,mind,bio,mind,0.2,0.57,0.36,0.15,0.36,0.22
subj_94,Ordinary,see something,take a walk,hear something,CC,mind,action,mind,0.2,0.58,0.38,0.42,0.18,-0.24
subj_94,Ordinary,get sick,see something,get tired,CO,bio,mind,bio,0.38,0.62,0.25,0.39,0.34,-0.06
subj_94,Ordinary,reach for something,become hungry,kick something,CO,action,bio,action,0.21,0.56,0.35,0.54,0.4,-0.15
subj_94,Ordinary,jump up and down,see something,sit down,CC,action,mind,action,0.29,0.6,0.32,0.83,0.3,-0.52
subj_94,Ordinary,experience pain,kick something,get tired,CC,bio,action,bio,0.13,0.51,0.38,0.43,0.41,-0.02
subj_94,Ordinary,think about something,get sick,remember something,CO,mind,bio,mind,0.25,0.65,0.4,0.08,0.15,0.08
subj_95,Magical,feel scared,see something,get tired,CC,bio,mind,bio,0.12,0.54,0.42,0.51,0.4,-0.11
subj_95,Magical,take a walk,think about something,sit down,CO,action,mind,action,0.26,0.58,0.32,0.77,0.33,-0.44
subj_95,Magical,think about something,get sick,remember something,CO,mind,bio,mind,0.25,0.65,0.4,0.08,0.15,0.08
subj_95,Magical,get tired,jump up and down,feel scared,CO,bio,action,bio,0.1,0.54,0.43,0.42,0.4,-0.02
subj_95,Magical,sit down,experience pain,jump up and down,CO,action,bio,action,0.13,0.58,0.45,0.54,0.3,-0.23
subj_95,Magical,reach for something,become hungry,kick something,CO,action,bio,action,0.21,0.56,0.35,0.54,0.4,-0.15
subj_95,Magical,get sick,see something,get tired,CO,bio,mind,bio,0.38,0.62,0.25,0.39,0.34,-0.06
subj_95,Magical,see something,take a walk,hear something,CO,mind,action,mind,0.2,0.58,0.38,0.42,0.18,-0.24
subj_95,Magical,experience pain,kick something,get tired,CO,bio,action,bio,0.13,0.51,0.38,0.43,0.41,-0.02
subj_95,Magical,kick something,think about something,sit down,CO,action,mind,action,0.37,0.6,0.23,0.7,0.42,-0.29
subj_95,Magical,jump up and down,see something,sit down,CO,action,mind,action,0.29,0.6,0.32,0.83,0.3,-0.52
subj_95,Magical,choose what to do,experience pain,remember something,CO,mind,bio,mind,0.2,0.57,0.36,0.15,0.36,0.22
subj_95,Magical,remember something,take a walk,think about something,CO,mind,action,mind,0.24,0.61,0.37,0.07,0.15,0.08
subj_95,Magical,become hungry,take a walk,feel scared,CC,bio,action,bio,0.18,0.55,0.37,0.67,0.44,-0.22
subj_95,Magical,hear something,take a walk,see something,CO,mind,action,mind,0.25,0.58,0.33,0.44,0.18,-0.27
subj_96,Magical,become hungry,take a walk,feel scared,CC,bio,action,bio,0.18,0.55,0.37,0.67,0.44,-0.22
subj_96,Magical,experience pain,kick something,get tired,CC,bio,action,bio,0.13,0.51,0.38,0.43,0.41,-0.02
subj_96,Magical,see something,take a walk,hear something,CO,mind,action,mind,0.2,0.58,0.38,0.42,0.18,-0.24
subj_96,Magical,get sick,see something,get tired,CO,bio,mind,bio,0.38,0.62,0.25,0.39,0.34,-0.06
subj_96,Magical,reach for something,become hungry,kick something,CO,action,bio,action,0.21,0.56,0.35,0.54,0.4,-0.15
subj_96,Magical,feel scared,see something,get tired,CC,bio,mind,bio,0.12,0.54,0.42,0.51,0.4,-0.11
subj_96,Magical,remember something,take a walk,think about something,CO,mind,action,mind,0.24,0.61,0.37,0.07,0.15,0.08
subj_96,Magical,sit down,experience pain,jump up and down,CO,action,bio,action,0.13,0.58,0.45,0.54,0.3,-0.23
subj_96,Magical,hear something,take a walk,see something,CO,mind,action,mind,0.25,0.58,0.33,0.44,0.18,-0.27
subj_96,Magical,think about something,get sick,remember something,CO,mind,bio,mind,0.25,0.65,0.4,0.08,0.15,0.08
subj_96,Magical,kick something,think about something,sit down,CO,action,mind,action,0.37,0.6,0.23,0.7,0.42,-0.29
subj_96,Magical,choose what to do,experience pain,remember something,CO,mind,bio,mind,0.2,0.57,0.36,0.15,0.36,0.22
subj_96,Magical,jump up and down,see something,sit down,CO,action,mind,action,0.29,0.6,0.32,0.83,0.3,-0.52
subj_96,Magical,take a walk,think about something,sit down,CO,action,mind,action,0.26,0.58,0.32,0.77,0.33,-0.44
subj_96,Magical,get tired,jump up and down,feel scared,CC,bio,action,bio,0.1,0.54,0.43,0.42,0.4,-0.02
subj_97,Ordinary,kick something,think about something,sit down,CC,action,mind,action,0.37,0.6,0.23,0.7,0.42,-0.29
subj_97,Ordinary,feel scared,see something,get tired,CC,bio,mind,bio,0.12,0.54,0.42,0.51,0.4,-0.11
subj_97,Ordinary,hear something,take a walk,see something,CC,mind,action,mind,0.25,0.58,0.33,0.44,0.18,-0.27
subj_97,Ordinary,get sick,see something,get tired,CC,bio,mind,bio,0.38,0.62,0.25,0.39,0.34,-0.06
subj_97,Ordinary,reach for something,become hungry,kick something,CC,action,bio,action,0.21,0.56,0.35,0.54,0.4,-0.15
subj_97,Ordinary,get tired,jump up and down,feel scared,CC,bio,action,bio,0.1,0.54,0.43,0.42,0.4,-0.02
subj_97,Ordinary,jump up and down,see something,sit down,CC,action,mind,action,0.29,0.6,0.32,0.83,0.3,-0.52
subj_97,Ordinary,remember something,take a walk,think about something,CO,mind,action,mind,0.24,0.61,0.37,0.07,0.15,0.08
subj_97,Ordinary,choose what to do,experience pain,remember something,CC,mind,bio,mind,0.2,0.57,0.36,0.15,0.36,0.22
subj_97,Ordinary,see something,take a walk,hear something,CC,mind,action,mind,0.2,0.58,0.38,0.42,0.18,-0.24
subj_97,Ordinary,think about something,get sick,remember something,CO,mind,bio,mind,0.25,0.65,0.4,0.08,0.15,0.08
subj_97,Ordinary,become hungry,take a walk,feel scared,CC,bio,action,bio,0.18,0.55,0.37,0.67,0.44,-0.22
subj_97,Ordinary,take a walk,think about something,sit down,CC,action,mind,action,0.26,0.58,0.32,0.77,0.33,-0.44
subj_97,Ordinary,experience pain,kick something,get tired,CC,bio,action,bio,0.13,0.51,0.38,0.43,0.41,-0.02
subj_97,Ordinary,sit down,experience pain,jump up and down,CC,action,bio,action,0.13,0.58,0.45,0.54,0.3,-0.23
subj_98,Magical,get tired,jump up and down,feel scared,CC,bio,action,bio,0.1,0.54,0.43,0.42,0.4,-0.02
subj_98,Magical,feel scared,see something,get tired,CC,bio,mind,bio,0.12,0.54,0.42,0.51,0.4,-0.11
subj_98,Magical,take a walk,think about something,sit down,CC,action,mind,action,0.26,0.58,0.32,0.77,0.33,-0.44
subj_98,Magical,remember something,take a walk,think about something,CO,mind,action,mind,0.24,0.61,0.37,0.07,0.15,0.08
subj_98,Magical,kick something,think about something,sit down,CO,action,mind,action,0.37,0.6,0.23,0.7,0.42,-0.29
subj_98,Magical,become hungry,take a walk,feel scared,CC,bio,action,bio,0.18,0.55,0.37,0.67,0.44,-0.22
subj_98,Magical,get sick,see something,get tired,CO,bio,mind,bio,0.38,0.62,0.25,0.39,0.34,-0.06
subj_98,Magical,see something,take a walk,hear something,CC,mind,action,mind,0.2,0.58,0.38,0.42,0.18,-0.24
subj_98,Magical,jump up and down,see something,sit down,CO,action,mind,action,0.29,0.6,0.32,0.83,0.3,-0.52
subj_98,Magical,experience pain,kick something,get tired,CC,bio,action,bio,0.13,0.51,0.38,0.43,0.41,-0.02
subj_98,Magical,think about something,get sick,remember something,CO,mind,bio,mind,0.25,0.65,0.4,0.08,0.15,0.08
subj_98,Magical,hear something,take a walk,see something,CC,mind,action,mind,0.25,0.58,0.33,0.44,0.18,-0.27
subj_98,Magical,reach for something,become hungry,kick something,CC,action,bio,action,0.21,0.56,0.35,0.54,0.4,-0.15
subj_98,Magical,choose what to do,experience pain,remember something,CC,mind,bio,mind,0.2,0.57,0.36,0.15,0.36,0.22
subj_98,Magical,sit down,experience pain,jump up and down,CC,action,bio,action,0.13,0.58,0.45,0.54,0.3,-0.23
subj_99,Ordinary,think about something,get sick,remember something,CO,mind,bio,mind,0.25,0.65,0.4,0.08,0.15,0.08
subj_99,Ordinary,experience pain,kick something,get tired,CC,bio,action,bio,0.13,0.51,0.38,0.43,0.41,-0.02
subj_99,Ordinary,get tired,jump up and down,feel scared,CC,bio,action,bio,0.1,0.54,0.43,0.42,0.4,-0.02
subj_99,Ordinary,feel scared,see something,get tired,CC,bio,mind,bio,0.12,0.54,0.42,0.51,0.4,-0.11
subj_99,Ordinary,hear something,take a walk,see something,CC,mind,action,mind,0.25,0.58,0.33,0.44,0.18,-0.27
subj_99,Ordinary,jump up and down,see something,sit down,CC,action,mind,action,0.29,0.6,0.32,0.83,0.3,-0.52
subj_99,Ordinary,get sick,see something,get tired,CC,bio,mind,bio,0.38,0.62,0.25,0.39,0.34,-0.06
subj_99,Ordinary,remember something,take a walk,think about something,CO,mind,action,mind,0.24,0.61,0.37,0.07,0.15,0.08
subj_99,Ordinary,reach for something,become hungry,kick something,CO,action,bio,action,0.21,0.56,0.35,0.54,0.4,-0.15
subj_99,Ordinary,choose what to do,experience pain,remember something,CO,mind,bio,mind,0.2,0.57,0.36,0.15,0.36,0.22
subj_99,Ordinary,kick something,think about something,sit down,CC,action,mind,action,0.37,0.6,0.23,0.7,0.42,-0.29
subj_99,Ordinary,sit down,experience pain,jump up and down,CC,action,bio,action,0.13,0.58,0.45,0.54,0.3,-0.23
subj_99,Ordinary,see something,take a walk,hear something,CC,mind,action,mind,0.2,0.58,0.38,0.42,0.18,-0.24
subj_99,Ordinary,take a walk,think about something,sit down,CC,action,mind,action,0.26,0.58,0.32,0.77,0.33,-0.44
subj_99,Ordinary,become hungry,take a walk,feel scared,CC,bio,action,bio,0.18,0.55,0.37,0.67,0.44,-0.22
subj_100,Magical,become hungry,take a walk,feel scared,CC,bio,action,bio,0.18,0.55,0.37,0.67,0.44,-0.22
subj_100,Magical,kick something,think about something,sit down,CC,action,mind,action,0.37,0.6,0.23,0.7,0.42,-0.29
subj_100,Magical,jump up and down,see something,sit down,CO,action,mind,action,0.29,0.6,0.32,0.83,0.3,-0.52
subj_100,Magical,get sick,see something,get tired,CO,bio,mind,bio,0.38,0.62,0.25,0.39,0.34,-0.06
subj_100,Magical,sit down,experience pain,jump up and down,CO,action,bio,action,0.13,0.58,0.45,0.54,0.3,-0.23
subj_100,Magical,remember something,take a walk,think about something,CC,mind,action,mind,0.24,0.61,0.37,0.07,0.15,0.08
subj_100,Magical,reach for something,become hungry,kick something,CC,action,bio,action,0.21,0.56,0.35,0.54,0.4,-0.15
subj_100,Magical,experience pain,kick something,get tired,CO,bio,action,bio,0.13,0.51,0.38,0.43,0.41,-0.02
subj_100,Magical,take a walk,think about something,sit down,CC,action,mind,action,0.26,0.58,0.32,0.77,0.33,-0.44
subj_100,Magical,get tired,jump up and down,feel scared,CC,bio,action,bio,0.1,0.54,0.43,0.42,0.4,-0.02
subj_100,Magical,choose what to do,experience pain,remember something,CO,mind,bio,mind,0.2,0.57,0.36,0.15,0.36,0.22
subj_100,Magical,see something,take a walk,hear something,CO,mind,action,mind,0.2,0.58,0.38,0.42,0.18,-0.24
subj_100,Magical,think about something,get sick,remember something,CO,mind,bio,mind,0.25,0.65,0.4,0.08,0.15,0.08
subj_100,Magical,feel scared,see something,get tired,CO,bio,mind,bio,0.12,0.54,0.42,0.51,0.4,-0.11
subj_100,Magical,hear something,take a walk,see something,CO,mind,action,mind,0.25,0.58,0.33,0.44,0.18,-0.27
subj_101,Magical,get tired,jump up and down,feel scared,CC,bio,action,bio,0.1,0.54,0.43,0.42,0.4,-0.02
subj_101,Magical,hear something,take a walk,see something,CC,mind,action,mind,0.25,0.58,0.33,0.44,0.18,-0.27
subj_101,Magical,reach for something,become hungry,kick something,CC,action,bio,action,0.21,0.56,0.35,0.54,0.4,-0.15
subj_101,Magical,sit down,experience pain,jump up and down,CC,action,bio,action,0.13,0.58,0.45,0.54,0.3,-0.23
subj_101,Magical,remember something,take a walk,think about something,CO,mind,action,mind,0.24,0.61,0.37,0.07,0.15,0.08
subj_101,Magical,feel scared,see something,get tired,CC,bio,mind,bio,0.12,0.54,0.42,0.51,0.4,-0.11
subj_101,Magical,jump up and down,see something,sit down,CC,action,mind,action,0.29,0.6,0.32,0.83,0.3,-0.52
subj_101,Magical,take a walk,think about something,sit down,CC,action,mind,action,0.26,0.58,0.32,0.77,0.33,-0.44
subj_101,Magical,see something,take a walk,hear something,CC,mind,action,mind,0.2,0.58,0.38,0.42,0.18,-0.24
subj_101,Magical,experience pain,kick something,get tired,CC,bio,action,bio,0.13,0.51,0.38,0.43,0.41,-0.02
subj_101,Magical,get sick,see something,get tired,CO,bio,mind,bio,0.38,0.62,0.25,0.39,0.34,-0.06
subj_101,Magical,become hungry,take a walk,feel scared,CC,bio,action,bio,0.18,0.55,0.37,0.67,0.44,-0.22
subj_101,Magical,choose what to do,experience pain,remember something,CC,mind,bio,mind,0.2,0.57,0.36,0.15,0.36,0.22
subj_101,Magical,kick something,think about something,sit down,CC,action,mind,action,0.37,0.6,0.23,0.7,0.42,-0.29
subj_101,Magical,think about something,get sick,remember something,CO,mind,bio,mind,0.25,0.65,0.4,0.08,0.15,0.08
subj_102,Ordinary,kick something,think about something,sit down,CC,action,mind,action,0.37,0.6,0.23,0.7,0.42,-0.29
subj_102,Ordinary,see something,take a walk,hear something,CC,mind,action,mind,0.2,0.58,0.38,0.42,0.18,-0.24
subj_102,Ordinary,experience pain,kick something,get tired,CC,bio,action,bio,0.13,0.51,0.38,0.43,0.41,-0.02
subj_102,Ordinary,sit down,experience pain,jump up and down,CC,action,bio,action,0.13,0.58,0.45,0.54,0.3,-0.23
subj_102,Ordinary,get tired,jump up and down,feel scared,CC,bio,action,bio,0.1,0.54,0.43,0.42,0.4,-0.02
subj_102,Ordinary,choose what to do,experience pain,remember something,CC,mind,bio,mind,0.2,0.57,0.36,0.15,0.36,0.22
subj_102,Ordinary,remember something,take a walk,think about something,CO,mind,action,mind,0.24,0.61,0.37,0.07,0.15,0.08
subj_102,Ordinary,jump up and down,see something,sit down,CC,action,mind,action,0.29,0.6,0.32,0.83,0.3,-0.52
subj_102,Ordinary,feel scared,see something,get tired,CC,bio,mind,bio,0.12,0.54,0.42,0.51,0.4,-0.11
subj_102,Ordinary,get sick,see something,get tired,CO,bio,mind,bio,0.38,0.62,0.25,0.39,0.34,-0.06
subj_102,Ordinary,hear something,take a walk,see something,CC,mind,action,mind,0.25,0.58,0.33,0.44,0.18,-0.27
subj_102,Ordinary,reach for something,become hungry,kick something,CC,action,bio,action,0.21,0.56,0.35,0.54,0.4,-0.15
subj_102,Ordinary,think about something,get sick,remember something,CO,mind,bio,mind,0.25,0.65,0.4,0.08,0.15,0.08
subj_102,Ordinary,become hungry,take a walk,feel scared,CC,bio,action,bio,0.18,0.55,0.37,0.67,0.44,-0.22
subj_102,Ordinary,take a walk,think about something,sit down,CC,action,mind,action,0.26,0.58,0.32,0.77,0.33,-0.44
subj_103,Magical,experience pain,kick something,get tired,CC,bio,action,bio,0.13,0.51,0.38,0.43,0.41,-0.02
subj_103,Magical,jump up and down,see something,sit down,CC,action,mind,action,0.29,0.6,0.32,0.83,0.3,-0.52
subj_103,Magical,kick something,think about something,sit down,CO,action,mind,action,0.37,0.6,0.23,0.7,0.42,-0.29
subj_103,Magical,choose what to do,experience pain,remember something,CO,mind,bio,mind,0.2,0.57,0.36,0.15,0.36,0.22
subj_103,Magical,remember something,take a walk,think about something,CO,mind,action,mind,0.24,0.61,0.37,0.07,0.15,0.08
subj_103,Magical,get tired,jump up and down,feel scared,CC,bio,action,bio,0.1,0.54,0.43,0.42,0.4,-0.02
subj_103,Magical,take a walk,think about something,sit down,CO,action,mind,action,0.26,0.58,0.32,0.77,0.33,-0.44
subj_103,Magical,think about something,get sick,remember something,CO,mind,bio,mind,0.25,0.65,0.4,0.08,0.15,0.08
subj_103,Magical,reach for something,become hungry,kick something,CC,action,bio,action,0.21,0.56,0.35,0.54,0.4,-0.15
subj_103,Magical,feel scared,see something,get tired,CC,bio,mind,bio,0.12,0.54,0.42,0.51,0.4,-0.11
subj_103,Magical,become hungry,take a walk,feel scared,CC,bio,action,bio,0.18,0.55,0.37,0.67,0.44,-0.22
subj_103,Magical,sit down,experience pain,jump up and down,CO,action,bio,action,0.13,0.58,0.45,0.54,0.3,-0.23
subj_103,Magical,see something,take a walk,hear something,CO,mind,action,mind,0.2,0.58,0.38,0.42,0.18,-0.24
subj_103,Magical,hear something,take a walk,see something,CO,mind,action,mind,0.25,0.58,0.33,0.44,0.18,-0.27
subj_103,Magical,get sick,see something,get tired,CO,bio,mind,bio,0.38,0.62,0.25,0.39,0.34,-0.06
subj_104,Magical,think about something,get sick,remember something,CO,mind,bio,mind,0.25,0.65,0.4,0.08,0.15,0.08
subj_104,Magical,get tired,jump up and down,feel scared,CC,bio,action,bio,0.1,0.54,0.43,0.42,0.4,-0.02
subj_104,Magical,sit down,experience pain,jump up and down,CO,action,bio,action,0.13,0.58,0.45,0.54,0.3,-0.23
subj_104,Magical,choose what to do,experience pain,remember something,CO,mind,bio,mind,0.2,0.57,0.36,0.15,0.36,0.22
subj_104,Magical,hear something,take a walk,see something,CC,mind,action,mind,0.25,0.58,0.33,0.44,0.18,-0.27
subj_104,Magical,jump up and down,see something,sit down,CO,action,mind,action,0.29,0.6,0.32,0.83,0.3,-0.52
subj_104,Magical,get sick,see something,get tired,CO,bio,mind,bio,0.38,0.62,0.25,0.39,0.34,-0.06
subj_104,Magical,reach for something,become hungry,kick something,CO,action,bio,action,0.21,0.56,0.35,0.54,0.4,-0.15
subj_104,Magical,remember something,take a walk,think about something,CO,mind,action,mind,0.24,0.61,0.37,0.07,0.15,0.08
subj_104,Magical,see something,take a walk,hear something,CC,mind,action,mind,0.2,0.58,0.38,0.42,0.18,-0.24
subj_104,Magical,experience pain,kick something,get tired,CC,bio,action,bio,0.13,0.51,0.38,0.43,0.41,-0.02
subj_104,Magical,kick something,think about something,sit down,CO,action,mind,action,0.37,0.6,0.23,0.7,0.42,-0.29
subj_104,Magical,feel scared,see something,get tired,CC,bio,mind,bio,0.12,0.54,0.42,0.51,0.4,-0.11
subj_104,Magical,become hungry,take a walk,feel scared,CC,bio,action,bio,0.18,0.55,0.37,0.67,0.44,-0.22
subj_104,Magical,take a walk,think about something,sit down,CO,action,mind,action,0.26,0.58,0.32,0.77,0.33,-0.44
subj_105,Ordinary,hear something,take a walk,see something,CO,mind,action,mind,0.25,0.58,0.33,0.44,0.18,-0.27
subj_105,Ordinary,see something,take a walk,hear something,CC,mind,action,mind,0.2,0.58,0.38,0.42,0.18,-0.24
subj_105,Ordinary,kick something,think about something,sit down,CC,action,mind,action,0.37,0.6,0.23,0.7,0.42,-0.29
subj_105,Ordinary,take a walk,think about something,sit down,CC,action,mind,action,0.26,0.58,0.32,0.77,0.33,-0.44
subj_105,Ordinary,reach for something,become hungry,kick something,CC,action,bio,action,0.21,0.56,0.35,0.54,0.4,-0.15
subj_105,Ordinary,experience pain,kick something,get tired,CC,bio,action,bio,0.13,0.51,0.38,0.43,0.41,-0.02
subj_105,Ordinary,sit down,experience pain,jump up and down,CC,action,bio,action,0.13,0.58,0.45,0.54,0.3,-0.23
subj_105,Ordinary,think about something,get sick,remember something,CO,mind,bio,mind,0.25,0.65,0.4,0.08,0.15,0.08
subj_105,Ordinary,jump up and down,see something,sit down,CC,action,mind,action,0.29,0.6,0.32,0.83,0.3,-0.52
subj_105,Ordinary,get sick,see something,get tired,CO,bio,mind,bio,0.38,0.62,0.25,0.39,0.34,-0.06
subj_105,Ordinary,get tired,jump up and down,feel scared,CC,bio,action,bio,0.1,0.54,0.43,0.42,0.4,-0.02
subj_105,Ordinary,feel scared,see something,get tired,CC,bio,mind,bio,0.12,0.54,0.42,0.51,0.4,-0.11
subj_105,Ordinary,remember something,take a walk,think about something,CO,mind,action,mind,0.24,0.61,0.37,0.07,0.15,0.08
subj_105,Ordinary,choose what to do,experience pain,remember something,CO,mind,bio,mind,0.2,0.57,0.36,0.15,0.36,0.22
subj_105,Ordinary,become hungry,take a walk,feel scared,CC,bio,action,bio,0.18,0.55,0.37,0.67,0.44,-0.22
