subject_id,condition,first_item,middle_causal,middle_similar,third_item,response,domain_first_item,domain_third_item,domain_middle_causal,domain_middle_similar,freesort_minus_causal_distance_causal,rank_causal,freesort_minus_causal_distance_similar,rank_similar,joint_distance_difference
subj_01,Intrinsic Cause,see something,take a walk,remember something,hear something,Intrinsic,mind,mind,action,mind,0.58,1,0.05,13,0.5299999999999999
subj_01,Intrinsic Cause,become hungry,think about something,get tired,feel scared,Direct,bio,bio,mind,bio,0.7,1,-0.06,13,0.76
subj_01,Intrinsic Cause,choose what to do,take a walk,see something,hear something,Intrinsic,mind,mind,action,mind,0.49,1,-0.13,13,0.62
subj_01,Intrinsic Cause,get tired,choose what to do,become hungry,feel scared,Intrinsic,bio,bio,mind,bio,0.53,3,-0.12,13,0.65
subj_01,Intrinsic Cause,jump up and down,get tired,take a walk,sit down,Intrinsic,action,action,bio,action,0.66,2,-0.4,13,1.06
subj_01,Intrinsic Cause,remember something,feel scared,think about something,hear something,Intrinsic,mind,mind,bio,mind,0.46,3,-0.09,12,0.55
subj_01,Intrinsic Cause,take a walk,see something,jump up and down,reach for something,Intrinsic,action,action,mind,action,0.54,6,-0.33,13,0.8700000000000001
subj_01,Intrinsic Cause,get sick,remember something,experience pain,become hungry,Intrinsic,bio,bio,mind,bio,0.52,3,-0.05,13,0.5700000000000001
subj_01,Intrinsic Cause,sit down,experience pain,take a walk,jump up and down,Intrinsic,action,action,bio,action,0.4,5,-0.57,13,0.97
subj_02,Intrinsic Cause,get tired,choose what to do,become hungry,feel scared,Intrinsic,bio,bio,mind,bio,0.53,3,-0.12,13,0.65
subj_02,Intrinsic Cause,remember something,feel scared,think about something,hear something,Intrinsic,mind,mind,bio,mind,0.46,3,-0.09,12,0.55
subj_02,Intrinsic Cause,get sick,remember something,experience pain,become hungry,Intrinsic,bio,bio,mind,bio,0.52,3,-0.05,13,0.5700000000000001
subj_02,Intrinsic Cause,take a walk,see something,jump up and down,reach for something,Intrinsic,action,action,mind,action,0.54,6,-0.33,13,0.8700000000000001
subj_02,Intrinsic Cause,sit down,experience pain,take a walk,jump up and down,Intrinsic,action,action,bio,action,0.4,5,-0.57,13,0.97
subj_02,Intrinsic Cause,choose what to do,take a walk,see something,hear something,Intrinsic,mind,mind,action,mind,0.49,1,-0.13,13,0.62
subj_02,Intrinsic Cause,jump up and down,get tired,take a walk,sit down,Intrinsic,action,action,bio,action,0.66,2,-0.4,13,1.06
subj_02,Intrinsic Cause,become hungry,think about something,get tired,feel scared,Intrinsic,bio,bio,mind,bio,0.7,1,-0.06,13,0.76
subj_02,Intrinsic Cause,see something,take a walk,remember something,hear something,Intrinsic,mind,mind,action,mind,0.58,1,0.05,13,0.5299999999999999
subj_03,Causal Chain,choose what to do,take a walk,see something,hear something,Intrinsic,mind,mind,action,mind,0.49,1,-0.13,13,0.62
subj_03,Causal Chain,get sick,remember something,experience pain,become hungry,Intrinsic,bio,bio,mind,bio,0.52,3,-0.05,13,0.5700000000000001
subj_03,Causal Chain,see something,take a walk,remember something,hear something,Intrinsic,mind,mind,action,mind,0.58,1,0.05,13,0.5299999999999999
subj_03,Causal Chain,sit down,experience pain,take a walk,jump up and down,Intrinsic,action,action,bio,action,0.4,5,-0.57,13,0.97
subj_03,Causal Chain,take a walk,see something,jump up and down,reach for something,Intrinsic,action,action,mind,action,0.54,6,-0.33,13,0.8700000000000001
subj_03,Causal Chain,become hungry,think about something,get tired,feel scared,Direct,bio,bio,mind,bio,0.7,1,-0.06,13,0.76
subj_03,Causal Chain,remember something,feel scared,think about something,hear something,Intrinsic,mind,mind,bio,mind,0.46,3,-0.09,12,0.55
subj_03,Causal Chain,get tired,choose what to do,become hungry,feel scared,Direct,bio,bio,mind,bio,0.53,3,-0.12,13,0.65
subj_03,Causal Chain,jump up and down,get tired,take a walk,sit down,Direct,action,action,bio,action,0.66,2,-0.4,13,1.06
subj_04,Causal Chain,get tired,choose what to do,become hungry,feel scared,Intrinsic,bio,bio,mind,bio,0.53,3,-0.12,13,0.65
subj_04,Causal Chain,see something,take a walk,remember something,hear something,Direct,mind,mind,action,mind,0.58,1,0.05,13,0.5299999999999999
subj_04,Causal Chain,choose what to do,take a walk,see something,hear something,Intrinsic,mind,mind,action,mind,0.49,1,-0.13,13,0.62
subj_04,Causal Chain,become hungry,think about something,get tired,feel scared,Intrinsic,bio,bio,mind,bio,0.7,1,-0.06,13,0.76
subj_04,Causal Chain,take a walk,see something,jump up and down,reach for something,Intrinsic,action,action,mind,action,0.54,6,-0.33,13,0.8700000000000001
subj_04,Causal Chain,remember something,feel scared,think about something,hear something,Direct,mind,mind,bio,mind,0.46,3,-0.09,12,0.55
subj_04,Causal Chain,jump up and down,get tired,take a walk,sit down,Direct,action,action,bio,action,0.66,2,-0.4,13,1.06
subj_04,Causal Chain,get sick,remember something,experience pain,become hungry,Intrinsic,bio,bio,mind,bio,0.52,3,-0.05,13,0.5700000000000001
subj_04,Causal Chain,sit down,experience pain,take a walk,jump up and down,Intrinsic,action,action,bio,action,0.4,5,-0.57,13,0.97
subj_05,Intrinsic Cause,remember something,feel scared,think about something,hear something,Intrinsic,mind,mind,bio,mind,0.46,3,-0.09,12,0.55
subj_05,Intrinsic Cause,get tired,choose what to do,become hungry,feel scared,Intrinsic,bio,bio,mind,bio,0.53,3,-0.12,13,0.65
subj_05,Intrinsic Cause,see something,take a walk,remember something,hear something,Intrinsic,mind,mind,action,mind,0.58,1,0.05,13,0.5299999999999999
subj_05,Intrinsic Cause,jump up and down,get tired,take a walk,sit down,Intrinsic,action,action,bio,action,0.66,2,-0.4,13,1.06
subj_05,Intrinsic Cause,take a walk,see something,jump up and down,reach for something,Intrinsic,action,action,mind,action,0.54,6,-0.33,13,0.8700000000000001
subj_05,Intrinsic Cause,get sick,remember something,experience pain,become hungry,Intrinsic,bio,bio,mind,bio,0.52,3,-0.05,13,0.5700000000000001
subj_05,Intrinsic Cause,become hungry,think about something,get tired,feel scared,Intrinsic,bio,bio,mind,bio,0.7,1,-0.06,13,0.76
subj_05,Intrinsic Cause,choose what to do,take a walk,see something,hear something,Intrinsic,mind,mind,action,mind,0.49,1,-0.13,13,0.62
subj_05,Intrinsic Cause,sit down,experience pain,take a walk,jump up and down,Intrinsic,action,action,bio,action,0.4,5,-0.57,13,0.97
subj_06,Causal Chain,take a walk,see something,jump up and down,reach for something,Direct,action,action,mind,action,0.54,6,-0.33,13,0.8700000000000001
subj_06,Causal Chain,remember something,feel scared,think about something,hear something,Intrinsic,mind,mind,bio,mind,0.46,3,-0.09,12,0.55
subj_06,Causal Chain,sit down,experience pain,take a walk,jump up and down,Direct,action,action,bio,action,0.4,5,-0.57,13,0.97
subj_06,Causal Chain,get sick,remember something,experience pain,become hungry,Direct,bio,bio,mind,bio,0.52,3,-0.05,13,0.5700000000000001
subj_06,Causal Chain,choose what to do,take a walk,see something,hear something,Intrinsic,mind,mind,action,mind,0.49,1,-0.13,13,0.62
subj_06,Causal Chain,get tired,choose what to do,become hungry,feel scared,Intrinsic,bio,bio,mind,bio,0.53,3,-0.12,13,0.65
subj_06,Causal Chain,jump up and down,get tired,take a walk,sit down,Direct,action,action,bio,action,0.66,2,-0.4,13,1.06
subj_06,Causal Chain,see something,take a walk,remember something,hear something,Intrinsic,mind,mind,action,mind,0.58,1,0.05,13,0.5299999999999999
subj_06,Causal Chain,become hungry,think about something,get tired,feel scared,Direct,bio,bio,mind,bio,0.7,1,-0.06,13,0.76
subj_07,Causal Chain,sit down,experience pain,take a walk,jump up and down,Direct,action,action,bio,action,0.4,5,-0.57,13,0.97
subj_07,Causal Chain,see something,take a walk,remember something,hear something,Direct,mind,mind,action,mind,0.58,1,0.05,13,0.5299999999999999
subj_07,Causal Chain,become hungry,think about something,get tired,feel scared,Direct,bio,bio,mind,bio,0.7,1,-0.06,13,0.76
subj_07,Causal Chain,jump up and down,get tired,take a walk,sit down,Direct,action,action,bio,action,0.66,2,-0.4,13,1.06
subj_07,Causal Chain,get tired,choose what to do,become hungry,feel scared,Direct,bio,bio,mind,bio,0.53,3,-0.12,13,0.65
subj_07,Causal Chain,choose what to do,take a walk,see something,hear something,Direct,mind,mind,action,mind,0.49,1,-0.13,13,0.62
subj_07,Causal Chain,take a walk,see something,jump up and down,reach for something,Direct,action,action,mind,action,0.54,6,-0.33,13,0.8700000000000001
subj_07,Causal Chain,remember something,feel scared,think about something,hear something,Intrinsic,mind,mind,bio,mind,0.46,3,-0.09,12,0.55
subj_07,Causal Chain,get sick,remember something,experience pain,become hungry,Direct,bio,bio,mind,bio,0.52,3,-0.05,13,0.5700000000000001
subj_08,Causal Chain,become hungry,think about something,get tired,feel scared,Direct,bio,bio,mind,bio,0.7,1,-0.06,13,0.76
subj_08,Causal Chain,sit down,experience pain,take a walk,jump up and down,Direct,action,action,bio,action,0.4,5,-0.57,13,0.97
subj_08,Causal Chain,see something,take a walk,remember something,hear something,Intrinsic,mind,mind,action,mind,0.58,1,0.05,13,0.5299999999999999
subj_08,Causal Chain,remember something,feel scared,think about something,hear something,Intrinsic,mind,mind,bio,mind,0.46,3,-0.09,12,0.55
subj_08,Causal Chain,get tired,choose what to do,become hungry,feel scared,Intrinsic,bio,bio,mind,bio,0.53,3,-0.12,13,0.65
subj_08,Causal Chain,get sick,remember something,experience pain,become hungry,Intrinsic,bio,bio,mind,bio,0.52,3,-0.05,13,0.5700000000000001
subj_08,Causal Chain,take a walk,see something,jump up and down,reach for something,Direct,action,action,mind,action,0.54,6,-0.33,13,0.8700000000000001
subj_08,Causal Chain,jump up and down,get tired,take a walk,sit down,Direct,action,action,bio,action,0.66,2,-0.4,13,1.06
subj_08,Causal Chain,choose what to do,take a walk,see something,hear something,Intrinsic,mind,mind,action,mind,0.49,1,-0.13,13,0.62
subj_09,Causal Chain,choose what to do,take a walk,see something,hear something,Direct,mind,mind,action,mind,0.49,1,-0.13,13,0.62
subj_09,Causal Chain,get sick,remember something,experience pain,become hungry,Intrinsic,bio,bio,mind,bio,0.52,3,-0.05,13,0.5700000000000001
subj_09,Causal Chain,see something,take a walk,remember something,hear something,Direct,mind,mind,action,mind,0.58,1,0.05,13,0.5299999999999999
subj_09,Causal Chain,get tired,choose what to do,become hungry,feel scared,Direct,bio,bio,mind,bio,0.53,3,-0.12,13,0.65
subj_09,Causal Chain,remember something,feel scared,think about something,hear something,Intrinsic,mind,mind,bio,mind,0.46,3,-0.09,12,0.55
subj_09,Causal Chain,sit down,experience pain,take a walk,jump up and down,Direct,action,action,bio,action,0.4,5,-0.57,13,0.97
subj_09,Causal Chain,become hungry,think about something,get tired,feel scared,Direct,bio,bio,mind,bio,0.7,1,-0.06,13,0.76
subj_09,Causal Chain,jump up and down,get tired,take a walk,sit down,Direct,action,action,bio,action,0.66,2,-0.4,13,1.06
subj_09,Causal Chain,take a walk,see something,jump up and down,reach for something,Direct,action,action,mind,action,0.54,6,-0.33,13,0.8700000000000001
subj_10,Causal Chain,get sick,remember something,experience pain,become hungry,Intrinsic,bio,bio,mind,bio,0.52,3,-0.05,13,0.5700000000000001
subj_10,Causal Chain,take a walk,see something,jump up and down,reach for something,Direct,action,action,mind,action,0.54,6,-0.33,13,0.8700000000000001
subj_10,Causal Chain,sit down,experience pain,take a walk,jump up and down,Direct,action,action,bio,action,0.4,5,-0.57,13,0.97
subj_10,Causal Chain,jump up and down,get tired,take a walk,sit down,Direct,action,action,bio,action,0.66,2,-0.4,13,1.06
subj_10,Causal Chain,see something,take a walk,remember something,hear something,Direct,mind,mind,action,mind,0.58,1,0.05,13,0.5299999999999999
subj_10,Causal Chain,choose what to do,take a walk,see something,hear something,Direct,mind,mind,action,mind,0.49,1,-0.13,13,0.62
subj_10,Causal Chain,get tired,choose what to do,become hungry,feel scared,Direct,bio,bio,mind,bio,0.53,3,-0.12,13,0.65
subj_10,Causal Chain,become hungry,think about something,get tired,feel scared,Direct,bio,bio,mind,bio,0.7,1,-0.06,13,0.76
subj_10,Causal Chain,remember something,feel scared,think about something,hear something,Direct,mind,mind,bio,mind,0.46,3,-0.09,12,0.55
subj_11,Causal Chain,remember something,feel scared,think about something,hear something,Direct,mind,mind,bio,mind,0.46,3,-0.09,12,0.55
subj_11,Causal Chain,choose what to do,take a walk,see something,hear something,Intrinsic,mind,mind,action,mind,0.49,1,-0.13,13,0.62
subj_11,Causal Chain,take a walk,see something,jump up and down,reach for something,Direct,action,action,mind,action,0.54,6,-0.33,13,0.8700000000000001
subj_11,Causal Chain,get tired,choose what to do,become hungry,feel scared,Intrinsic,bio,bio,mind,bio,0.53,3,-0.12,13,0.65
subj_11,Causal Chain,sit down,experience pain,take a walk,jump up and down,Direct,action,action,bio,action,0.4,5,-0.57,13,0.97
subj_11,Causal Chain,get sick,remember something,experience pain,become hungry,Intrinsic,bio,bio,mind,bio,0.52,3,-0.05,13,0.5700000000000001
subj_11,Causal Chain,become hungry,think about something,get tired,feel scared,Direct,bio,bio,mind,bio,0.7,1,-0.06,13,0.76
subj_11,Causal Chain,see something,take a walk,remember something,hear something,Intrinsic,mind,mind,action,mind,0.58,1,0.05,13,0.5299999999999999
subj_11,Causal Chain,jump up and down,get tired,take a walk,sit down,Direct,action,action,bio,action,0.66,2,-0.4,13,1.06
subj_12,Intrinsic Cause,get tired,choose what to do,become hungry,feel scared,Intrinsic,bio,bio,mind,bio,0.53,3,-0.12,13,0.65
subj_12,Intrinsic Cause,see something,take a walk,remember something,hear something,Intrinsic,mind,mind,action,mind,0.58,1,0.05,13,0.5299999999999999
subj_12,Intrinsic Cause,become hungry,think about something,get tired,feel scared,Intrinsic,bio,bio,mind,bio,0.7,1,-0.06,13,0.76
subj_12,Intrinsic Cause,choose what to do,take a walk,see something,hear something,Intrinsic,mind,mind,action,mind,0.49,1,-0.13,13,0.62
subj_12,Intrinsic Cause,sit down,experience pain,take a walk,jump up and down,Intrinsic,action,action,bio,action,0.4,5,-0.57,13,0.97
subj_12,Intrinsic Cause,get sick,remember something,experience pain,become hungry,Intrinsic,bio,bio,mind,bio,0.52,3,-0.05,13,0.5700000000000001
subj_12,Intrinsic Cause,jump up and down,get tired,take a walk,sit down,Intrinsic,action,action,bio,action,0.66,2,-0.4,13,1.06
subj_12,Intrinsic Cause,take a walk,see something,jump up and down,reach for something,Intrinsic,action,action,mind,action,0.54,6,-0.33,13,0.8700000000000001
subj_12,Intrinsic Cause,remember something,feel scared,think about something,hear something,Intrinsic,mind,mind,bio,mind,0.46,3,-0.09,12,0.55
subj_13,Causal Chain,choose what to do,take a walk,see something,hear something,Direct,mind,mind,action,mind,0.49,1,-0.13,13,0.62
subj_13,Causal Chain,become hungry,think about something,get tired,feel scared,Direct,bio,bio,mind,bio,0.7,1,-0.06,13,0.76
subj_13,Causal Chain,take a walk,see something,jump up and down,reach for something,Direct,action,action,mind,action,0.54,6,-0.33,13,0.8700000000000001
subj_13,Causal Chain,sit down,experience pain,take a walk,jump up and down,Direct,action,action,bio,action,0.4,5,-0.57,13,0.97
subj_13,Causal Chain,jump up and down,get tired,take a walk,sit down,Direct,action,action,bio,action,0.66,2,-0.4,13,1.06
subj_13,Causal Chain,remember something,feel scared,think about something,hear something,Direct,mind,mind,bio,mind,0.46,3,-0.09,12,0.55
subj_13,Causal Chain,get sick,remember something,experience pain,become hungry,Direct,bio,bio,mind,bio,0.52,3,-0.05,13,0.5700000000000001
subj_13,Causal Chain,get tired,choose what to do,become hungry,feel scared,Direct,bio,bio,mind,bio,0.53,3,-0.12,13,0.65
subj_13,Causal Chain,see something,take a walk,remember something,hear something,Direct,mind,mind,action,mind,0.58,1,0.05,13,0.5299999999999999
subj_14,Intrinsic Cause,remember something,feel scared,think about something,hear something,Intrinsic,mind,mind,bio,mind,0.46,3,-0.09,12,0.55
subj_14,Intrinsic Cause,see something,take a walk,remember something,hear something,Intrinsic,mind,mind,action,mind,0.58,1,0.05,13,0.5299999999999999
subj_14,Intrinsic Cause,sit down,experience pain,take a walk,jump up and down,Intrinsic,action,action,bio,action,0.4,5,-0.57,13,0.97
subj_14,Intrinsic Cause,take a walk,see something,jump up and down,reach for something,Intrinsic,action,action,mind,action,0.54,6,-0.33,13,0.8700000000000001
subj_14,Intrinsic Cause,choose what to do,take a walk,see something,hear something,Intrinsic,mind,mind,action,mind,0.49,1,-0.13,13,0.62
subj_14,Intrinsic Cause,get sick,remember something,experience pain,become hungry,Intrinsic,bio,bio,mind,bio,0.52,3,-0.05,13,0.5700000000000001
subj_14,Intrinsic Cause,jump up and down,get tired,take a walk,sit down,Intrinsic,action,action,bio,action,0.66,2,-0.4,13,1.06
subj_14,Intrinsic Cause,get tired,choose what to do,become hungry,feel scared,Intrinsic,bio,bio,mind,bio,0.53,3,-0.12,13,0.65
subj_14,Intrinsic Cause,become hungry,think about something,get tired,feel scared,Intrinsic,bio,bio,mind,bio,0.7,1,-0.06,13,0.76
subj_15,Causal Chain,take a walk,see something,jump up and down,reach for something,Direct,action,action,mind,action,0.54,6,-0.33,13,0.8700000000000001
subj_15,Causal Chain,become hungry,think about something,get tired,feel scared,Intrinsic,bio,bio,mind,bio,0.7,1,-0.06,13,0.76
subj_15,Causal Chain,remember something,feel scared,think about something,hear something,Intrinsic,mind,mind,bio,mind,0.46,3,-0.09,12,0.55
subj_15,Causal Chain,choose what to do,take a walk,see something,hear something,Direct,mind,mind,action,mind,0.49,1,-0.13,13,0.62
subj_15,Causal Chain,sit down,experience pain,take a walk,jump up and down,Direct,action,action,bio,action,0.4,5,-0.57,13,0.97
subj_15,Causal Chain,see something,take a walk,remember something,hear something,Direct,mind,mind,action,mind,0.58,1,0.05,13,0.5299999999999999
subj_15,Causal Chain,jump up and down,get tired,take a walk,sit down,Direct,action,action,bio,action,0.66,2,-0.4,13,1.06
subj_15,Causal Chain,get sick,remember something,experience pain,become hungry,Intrinsic,bio,bio,mind,bio,0.52,3,-0.05,13,0.5700000000000001
subj_15,Causal Chain,get tired,choose what to do,become hungry,feel scared,Intrinsic,bio,bio,mind,bio,0.53,3,-0.12,13,0.65
subj_16,Intrinsic Cause,get tired,choose what to do,become hungry,feel scared,Intrinsic,bio,bio,mind,bio,0.53,3,-0.12,13,0.65
subj_16,Intrinsic Cause,see something,take a walk,remember something,hear something,Intrinsic,mind,mind,action,mind,0.58,1,0.05,13,0.5299999999999999
subj_16,Intrinsic Cause,choose what to do,take a walk,see something,hear something,Intrinsic,mind,mind,action,mind,0.49,1,-0.13,13,0.62
subj_16,Intrinsic Cause,become hungry,think about something,get tired,feel scared,Intrinsic,bio,bio,mind,bio,0.7,1,-0.06,13,0.76
subj_16,Intrinsic Cause,get sick,remember something,experience pain,become hungry,Intrinsic,bio,bio,mind,bio,0.52,3,-0.05,13,0.5700000000000001
subj_16,Intrinsic Cause,remember something,feel scared,think about something,hear something,Intrinsic,mind,mind,bio,mind,0.46,3,-0.09,12,0.55
subj_16,Intrinsic Cause,jump up and down,get tired,take a walk,sit down,Intrinsic,action,action,bio,action,0.66,2,-0.4,13,1.06
subj_16,Intrinsic Cause,take a walk,see something,jump up and down,reach for something,Intrinsic,action,action,mind,action,0.54,6,-0.33,13,0.8700000000000001
subj_16,Intrinsic Cause,sit down,experience pain,take a walk,jump up and down,Intrinsic,action,action,bio,action,0.4,5,-0.57,13,0.97
subj_17,Causal Chain,choose what to do,take a walk,see something,hear something,Intrinsic,mind,mind,action,mind,0.49,1,-0.13,13,0.62
subj_17,Causal Chain,take a walk,see something,jump up and down,reach for something,Direct,action,action,mind,action,0.54,6,-0.33,13,0.8700000000000001
subj_17,Causal Chain,jump up and down,get tired,take a walk,sit down,Direct,action,action,bio,action,0.66,2,-0.4,13,1.06
subj_17,Causal Chain,see something,take a walk,remember something,hear something,Direct,mind,mind,action,mind,0.58,1,0.05,13,0.5299999999999999
subj_17,Causal Chain,get sick,remember something,experience pain,become hungry,Intrinsic,bio,bio,mind,bio,0.52,3,-0.05,13,0.5700000000000001
subj_17,Causal Chain,sit down,experience pain,take a walk,jump up and down,Direct,action,action,bio,action,0.4,5,-0.57,13,0.97
subj_17,Causal Chain,get tired,choose what to do,become hungry,feel scared,Intrinsic,bio,bio,mind,bio,0.53,3,-0.12,13,0.65
subj_17,Causal Chain,remember something,feel scared,think about something,hear something,Direct,mind,mind,bio,mind,0.46,3,-0.09,12,0.55
subj_17,Causal Chain,become hungry,think about something,get tired,feel scared,Direct,bio,bio,mind,bio,0.7,1,-0.06,13,0.76
subj_18,Intrinsic Cause,get sick,remember something,experience pain,become hungry,Intrinsic,bio,bio,mind,bio,0.52,3,-0.05,13,0.5700000000000001
subj_18,Intrinsic Cause,remember something,feel scared,think about something,hear something,Intrinsic,mind,mind,bio,mind,0.46,3,-0.09,12,0.55
subj_18,Intrinsic Cause,become hungry,think about something,get tired,feel scared,Intrinsic,bio,bio,mind,bio,0.7,1,-0.06,13,0.76
subj_18,Intrinsic Cause,choose what to do,take a walk,see something,hear something,Intrinsic,mind,mind,action,mind,0.49,1,-0.13,13,0.62
subj_18,Intrinsic Cause,sit down,experience pain,take a walk,jump up and down,Intrinsic,action,action,bio,action,0.4,5,-0.57,13,0.97
subj_18,Intrinsic Cause,jump up and down,get tired,take a walk,sit down,Direct,action,action,bio,action,0.66,2,-0.4,13,1.06
subj_18,Intrinsic Cause,get tired,choose what to do,become hungry,feel scared,Intrinsic,bio,bio,mind,bio,0.53,3,-0.12,13,0.65
subj_18,Intrinsic Cause,see something,take a walk,remember something,hear something,Intrinsic,mind,mind,action,mind,0.58,1,0.05,13,0.5299999999999999
subj_18,Intrinsic Cause,take a walk,see something,jump up and down,reach for something,Intrinsic,action,action,mind,action,0.54,6,-0.33,13,0.8700000000000001
subj_19,Intrinsic Cause,choose what to do,take a walk,see something,hear something,Intrinsic,mind,mind,action,mind,0.49,1,-0.13,13,0.62
subj_19,Intrinsic Cause,see something,take a walk,remember something,hear something,Intrinsic,mind,mind,action,mind,0.58,1,0.05,13,0.5299999999999999
subj_19,Intrinsic Cause,sit down,experience pain,take a walk,jump up and down,Intrinsic,action,action,bio,action,0.4,5,-0.57,13,0.97
subj_19,Intrinsic Cause,get tired,choose what to do,become hungry,feel scared,Intrinsic,bio,bio,mind,bio,0.53,3,-0.12,13,0.65
subj_19,Intrinsic Cause,take a walk,see something,jump up and down,reach for something,Intrinsic,action,action,mind,action,0.54,6,-0.33,13,0.8700000000000001
subj_19,Intrinsic Cause,remember something,feel scared,think about something,hear something,Intrinsic,mind,mind,bio,mind,0.46,3,-0.09,12,0.55
subj_19,Intrinsic Cause,get sick,remember something,experience pain,become hungry,Intrinsic,bio,bio,mind,bio,0.52,3,-0.05,13,0.5700000000000001
subj_19,Intrinsic Cause,become hungry,think about something,get tired,feel scared,Intrinsic,bio,bio,mind,bio,0.7,1,-0.06,13,0.76
subj_19,Intrinsic Cause,jump up and down,get tired,take a walk,sit down,Intrinsic,action,action,bio,action,0.66,2,-0.4,13,1.06
subj_20,Causal Chain,remember something,feel scared,think about something,hear something,Direct,mind,mind,bio,mind,0.46,3,-0.09,12,0.55
subj_20,Causal Chain,take a walk,see something,jump up and down,reach for something,Direct,action,action,mind,action,0.54,6,-0.33,13,0.8700000000000001
subj_20,Causal Chain,see something,take a walk,remember something,hear something,Direct,mind,mind,action,mind,0.58,1,0.05,13,0.5299999999999999
subj_20,Causal Chain,choose what to do,take a walk,see something,hear something,Direct,mind,mind,action,mind,0.49,1,-0.13,13,0.62
subj_20,Causal Chain,get tired,choose what to do,become hungry,feel scared,Direct,bio,bio,mind,bio,0.53,3,-0.12,13,0.65
subj_20,Causal Chain,jump up and down,get tired,take a walk,sit down,Direct,action,action,bio,action,0.66,2,-0.4,13,1.06
subj_20,Causal Chain,get sick,remember something,experience pain,become hungry,Intrinsic,bio,bio,mind,bio,0.52,3,-0.05,13,0.5700000000000001
subj_20,Causal Chain,sit down,experience pain,take a walk,jump up and down,Direct,action,action,bio,action,0.4,5,-0.57,13,0.97
subj_20,Causal Chain,become hungry,think about something,get tired,feel scared,Direct,bio,bio,mind,bio,0.7,1,-0.06,13,0.76
subj_21,Causal Chain,choose what to do,take a walk,see something,hear something,Intrinsic,mind,mind,action,mind,0.49,1,-0.13,13,0.62
subj_21,Causal Chain,take a walk,see something,jump up and down,reach for something,Direct,action,action,mind,action,0.54,6,-0.33,13,0.8700000000000001
subj_21,Causal Chain,jump up and down,get tired,take a walk,sit down,Direct,action,action,bio,action,0.66,2,-0.4,13,1.06
subj_21,Causal Chain,see something,take a walk,remember something,hear something,Direct,mind,mind,action,mind,0.58,1,0.05,13,0.5299999999999999
subj_21,Causal Chain,remember something,feel scared,think about something,hear something,Intrinsic,mind,mind,bio,mind,0.46,3,-0.09,12,0.55
subj_21,Causal Chain,become hungry,think about something,get tired,feel scared,Direct,bio,bio,mind,bio,0.7,1,-0.06,13,0.76
subj_21,Causal Chain,sit down,experience pain,take a walk,jump up and down,Direct,action,action,bio,action,0.4,5,-0.57,13,0.97
subj_21,Causal Chain,get sick,remember something,experience pain,become hungry,Intrinsic,bio,bio,mind,bio,0.52,3,-0.05,13,0.5700000000000001
subj_21,Causal Chain,get tired,choose what to do,become hungry,feel scared,Intrinsic,bio,bio,mind,bio,0.53,3,-0.12,13,0.65
subj_22,Intrinsic Cause,remember something,feel scared,think about something,hear something,Intrinsic,mind,mind,bio,mind,0.46,3,-0.09,12,0.55
subj_22,Intrinsic Cause,jump up and down,get tired,take a walk,sit down,Intrinsic,action,action,bio,action,0.66,2,-0.4,13,1.06
subj_22,Intrinsic Cause,take a walk,see something,jump up and down,reach for something,Direct,action,action,mind,action,0.54,6,-0.33,13,0.8700000000000001
subj_22,Intrinsic Cause,choose what to do,take a walk,see something,hear something,Intrinsic,mind,mind,action,mind,0.49,1,-0.13,13,0.62
subj_22,Intrinsic Cause,sit down,experience pain,take a walk,jump up and down,Intrinsic,action,action,bio,action,0.4,5,-0.57,13,0.97
subj_22,Intrinsic Cause,become hungry,think about something,get tired,feel scared,Direct,bio,bio,mind,bio,0.7,1,-0.06,13,0.76
subj_22,Intrinsic Cause,get sick,remember something,experience pain,become hungry,Intrinsic,bio,bio,mind,bio,0.52,3,-0.05,13,0.5700000000000001
subj_22,Intrinsic Cause,get tired,choose what to do,become hungry,feel scared,Intrinsic,bio,bio,mind,bio,0.53,3,-0.12,13,0.65
subj_22,Intrinsic Cause,see something,take a walk,remember something,hear something,Intrinsic,mind,mind,action,mind,0.58,1,0.05,13,0.5299999999999999
subj_23,Causal Chain,jump up and down,get tired,take a walk,sit down,Direct,action,action,bio,action,0.66,2,-0.4,13,1.06
subj_23,Causal Chain,become hungry,think about something,get tired,feel scared,Direct,bio,bio,mind,bio,0.7,1,-0.06,13,0.76
subj_23,Causal Chain,see something,take a walk,remember something,hear something,Direct,mind,mind,action,mind,0.58,1,0.05,13,0.5299999999999999
subj_23,Causal Chain,get sick,remember something,experience pain,become hungry,Direct,bio,bio,mind,bio,0.52,3,-0.05,13,0.5700000000000001
subj_23,Causal Chain,sit down,experience pain,take a walk,jump up and down,Direct,action,action,bio,action,0.4,5,-0.57,13,0.97
subj_23,Causal Chain,take a walk,see something,jump up and down,reach for something,Direct,action,action,mind,action,0.54,6,-0.33,13,0.8700000000000001
subj_23,Causal Chain,get tired,choose what to do,become hungry,feel scared,Direct,bio,bio,mind,bio,0.53,3,-0.12,13,0.65
subj_23,Causal Chain,choose what to do,take a walk,see something,hear something,Intrinsic,mind,mind,action,mind,0.49,1,-0.13,13,0.62
subj_23,Causal Chain,remember something,feel scared,think about something,hear something,Direct,mind,mind,bio,mind,0.46,3,-0.09,12,0.55
subj_24,Causal Chain,get sick,remember something,experience pain,become hungry,Intrinsic,bio,bio,mind,bio,0.52,3,-0.05,13,0.5700000000000001
subj_24,Causal Chain,take a walk,see something,jump up and down,reach for something,Direct,action,action,mind,action,0.54,6,-0.33,13,0.8700000000000001
subj_24,Causal Chain,remember something,feel scared,think about something,hear something,Intrinsic,mind,mind,bio,mind,0.46,3,-0.09,12,0.55
subj_24,Causal Chain,get tired,choose what to do,become hungry,feel scared,Direct,bio,bio,mind,bio,0.53,3,-0.12,13,0.65
subj_24,Causal Chain,choose what to do,take a walk,see something,hear something,Direct,mind,mind,action,mind,0.49,1,-0.13,13,0.62
subj_24,Causal Chain,become hungry,think about something,get tired,feel scared,Direct,bio,bio,mind,bio,0.7,1,-0.06,13,0.76
subj_24,Causal Chain,see something,take a walk,remember something,hear something,Direct,mind,mind,action,mind,0.58,1,0.05,13,0.5299999999999999
subj_24,Causal Chain,sit down,experience pain,take a walk,jump up and down,Direct,action,action,bio,action,0.4,5,-0.57,13,0.97
subj_24,Causal Chain,jump up and down,get tired,take a walk,sit down,Direct,action,action,bio,action,0.66,2,-0.4,13,1.06
subj_25,Causal Chain,sit down,experience pain,take a walk,jump up and down,Direct,action,action,bio,action,0.4,5,-0.57,13,0.97
subj_25,Causal Chain,jump up and down,get tired,take a walk,sit down,Direct,action,action,bio,action,0.66,2,-0.4,13,1.06
subj_25,Causal Chain,remember something,feel scared,think about something,hear something,Direct,mind,mind,bio,mind,0.46,3,-0.09,12,0.55
subj_25,Causal Chain,take a walk,see something,jump up and down,reach for something,Direct,action,action,mind,action,0.54,6,-0.33,13,0.8700000000000001
subj_25,Causal Chain,see something,take a walk,remember something,hear something,Direct,mind,mind,action,mind,0.58,1,0.05,13,0.5299999999999999
subj_25,Causal Chain,get sick,remember something,experience pain,become hungry,Intrinsic,bio,bio,mind,bio,0.52,3,-0.05,13,0.5700000000000001
subj_25,Causal Chain,become hungry,think about something,get tired,feel scared,Direct,bio,bio,mind,bio,0.7,1,-0.06,13,0.76
subj_25,Causal Chain,choose what to do,take a walk,see something,hear something,Direct,mind,mind,action,mind,0.49,1,-0.13,13,0.62
subj_25,Causal Chain,get tired,choose what to do,become hungry,feel scared,Direct,bio,bio,mind,bio,0.53,3,-0.12,13,0.65
subj_26,Intrinsic Cause,get sick,remember something,experience pain,become hungry,Intrinsic,bio,bio,mind,bio,0.52,3,-0.05,13,0.5700000000000001
subj_26,Intrinsic Cause,sit down,experience pain,take a walk,jump up and down,Intrinsic,action,action,bio,action,0.4,5,-0.57,13,0.97
subj_26,Intrinsic Cause,remember something,feel scared,think about something,hear something,Intrinsic,mind,mind,bio,mind,0.46,3,-0.09,12,0.55
subj_26,Intrinsic Cause,get tired,choose what to do,become hungry,feel scared,Intrinsic,bio,bio,mind,bio,0.53,3,-0.12,13,0.65
subj_26,Intrinsic Cause,become hungry,think about something,get tired,feel scared,Intrinsic,bio,bio,mind,bio,0.7,1,-0.06,13,0.76
subj_26,Intrinsic Cause,see something,take a walk,remember something,hear something,Intrinsic,mind,mind,action,mind,0.58,1,0.05,13,0.5299999999999999
subj_26,Intrinsic Cause,jump up and down,get tired,take a walk,sit down,Intrinsic,action,action,bio,action,0.66,2,-0.4,13,1.06
subj_26,Intrinsic Cause,choose what to do,take a walk,see something,hear something,Intrinsic,mind,mind,action,mind,0.49,1,-0.13,13,0.62
subj_26,Intrinsic Cause,take a walk,see something,jump up and down,reach for something,Intrinsic,action,action,mind,action,0.54,6,-0.33,13,0.8700000000000001
subj_27,Intrinsic Cause,get tired,choose what to do,become hungry,feel scared,Intrinsic,bio,bio,mind,bio,0.53,3,-0.12,13,0.65
subj_27,Intrinsic Cause,jump up and down,get tired,take a walk,sit down,Intrinsic,action,action,bio,action,0.66,2,-0.4,13,1.06
subj_27,Intrinsic Cause,sit down,experience pain,take a walk,jump up and down,Intrinsic,action,action,bio,action,0.4,5,-0.57,13,0.97
subj_27,Intrinsic Cause,get sick,remember something,experience pain,become hungry,Intrinsic,bio,bio,mind,bio,0.52,3,-0.05,13,0.5700000000000001
subj_27,Intrinsic Cause,see something,take a walk,remember something,hear something,Intrinsic,mind,mind,action,mind,0.58,1,0.05,13,0.5299999999999999
subj_27,Intrinsic Cause,take a walk,see something,jump up and down,reach for something,Intrinsic,action,action,mind,action,0.54,6,-0.33,13,0.8700000000000001
subj_27,Intrinsic Cause,remember something,feel scared,think about something,hear something,Intrinsic,mind,mind,bio,mind,0.46,3,-0.09,12,0.55
subj_27,Intrinsic Cause,choose what to do,take a walk,see something,hear something,Intrinsic,mind,mind,action,mind,0.49,1,-0.13,13,0.62
subj_27,Intrinsic Cause,become hungry,think about something,get tired,feel scared,Intrinsic,bio,bio,mind,bio,0.7,1,-0.06,13,0.76
subj_28,Intrinsic Cause,remember something,feel scared,think about something,hear something,Intrinsic,mind,mind,bio,mind,0.46,3,-0.09,12,0.55
subj_28,Intrinsic Cause,sit down,experience pain,take a walk,jump up and down,Intrinsic,action,action,bio,action,0.4,5,-0.57,13,0.97
subj_28,Intrinsic Cause,choose what to do,take a walk,see something,hear something,Intrinsic,mind,mind,action,mind,0.49,1,-0.13,13,0.62
subj_28,Intrinsic Cause,take a walk,see something,jump up and down,reach for something,Direct,action,action,mind,action,0.54,6,-0.33,13,0.8700000000000001
subj_28,Intrinsic Cause,become hungry,think about something,get tired,feel scared,Intrinsic,bio,bio,mind,bio,0.7,1,-0.06,13,0.76
subj_28,Intrinsic Cause,jump up and down,get tired,take a walk,sit down,Intrinsic,action,action,bio,action,0.66,2,-0.4,13,1.06
subj_28,Intrinsic Cause,see something,take a walk,remember something,hear something,Intrinsic,mind,mind,action,mind,0.58,1,0.05,13,0.5299999999999999
subj_28,Intrinsic Cause,get sick,remember something,experience pain,become hungry,Intrinsic,bio,bio,mind,bio,0.52,3,-0.05,13,0.5700000000000001
subj_28,Intrinsic Cause,get tired,choose what to do,become hungry,feel scared,Intrinsic,bio,bio,mind,bio,0.53,3,-0.12,13,0.65
subj_29,Intrinsic Cause,take a walk,see something,jump up and down,reach for something,Intrinsic,action,action,mind,action,0.54,6,-0.33,13,0.8700000000000001
subj_29,Intrinsic Cause,see something,take a walk,remember something,hear something,Intrinsic,mind,mind,action,mind,0.58,1,0.05,13,0.5299999999999999
subj_29,Intrinsic Cause,get sick,remember something,experience pain,become hungry,Intrinsic,bio,bio,mind,bio,0.52,3,-0.05,13,0.5700000000000001
subj_29,Intrinsic Cause,jump up and down,get tired,take a walk,sit down,Intrinsic,action,action,bio,action,0.66,2,-0.4,13,1.06
subj_29,Intrinsic Cause,sit down,experience pain,take a walk,jump up and down,Intrinsic,action,action,bio,action,0.4,5,-0.57,13,0.97
subj_29,Intrinsic Cause,become hungry,think about something,get tired,feel scared,Direct,bio,bio,mind,bio,0.7,1,-0.06,13,0.76
subj_29,Intrinsic Cause,choose what to do,take a walk,see something,hear something,Intrinsic,mind,mind,action,mind,0.49,1,-0.13,13,0.62
subj_29,Intrinsic Cause,remember something,feel scared,think about something,hear something,Intrinsic,mind,mind,bio,mind,0.46,3,-0.09,12,0.55
subj_29,Intrinsic Cause,get tired,choose what to do,become hungry,feel scared,Intrinsic,bio,bio,mind,bio,0.53,3,-0.12,13,0.65
subj_30,Causal Chain,become hungry,think about something,get tired,feel scared,Direct,bio,bio,mind,bio,0.7,1,-0.06,13,0.76
subj_30,Causal Chain,sit down,experience pain,take a walk,jump up and down,Direct,action,action,bio,action,0.4,5,-0.57,13,0.97
subj_30,Causal Chain,see something,take a walk,remember something,hear something,Direct,mind,mind,action,mind,0.58,1,0.05,13,0.5299999999999999
subj_30,Causal Chain,take a walk,see something,jump up and down,reach for something,Direct,action,action,mind,action,0.54,6,-0.33,13,0.8700000000000001
subj_30,Causal Chain,get sick,remember something,experience pain,become hungry,Intrinsic,bio,bio,mind,bio,0.52,3,-0.05,13,0.5700000000000001
subj_30,Causal Chain,jump up and down,get tired,take a walk,sit down,Direct,action,action,bio,action,0.66,2,-0.4,13,1.06
subj_30,Causal Chain,remember something,feel scared,think about something,hear something,Direct,mind,mind,bio,mind,0.46,3,-0.09,12,0.55
subj_30,Causal Chain,get tired,choose what to do,become hungry,feel scared,Intrinsic,bio,bio,mind,bio,0.53,3,-0.12,13,0.65
subj_30,Causal Chain,choose what to do,take a walk,see something,hear something,Direct,mind,mind,action,mind,0.49,1,-0.13,13,0.62
subj_31,Intrinsic Cause,sit down,experience pain,take a walk,jump up and down,Intrinsic,action,action,bio,action,0.4,5,-0.57,13,0.97
subj_31,Intrinsic Cause,see something,take a walk,remember something,hear something,Intrinsic,mind,mind,action,mind,0.58,1,0.05,13,0.5299999999999999
subj_31,Intrinsic Cause,remember something,feel scared,think about something,hear something,Intrinsic,mind,mind,bio,mind,0.46,3,-0.09,12,0.55
subj_31,Intrinsic Cause,become hungry,think about something,get tired,feel scared,Intrinsic,bio,bio,mind,bio,0.7,1,-0.06,13,0.76
subj_31,Intrinsic Cause,choose what to do,take a walk,see something,hear something,Intrinsic,mind,mind,action,mind,0.49,1,-0.13,13,0.62
subj_31,Intrinsic Cause,take a walk,see something,jump up and down,reach for something,Direct,action,action,mind,action,0.54,6,-0.33,13,0.8700000000000001
subj_31,Intrinsic Cause,jump up and down,get tired,take a walk,sit down,Intrinsic,action,action,bio,action,0.66,2,-0.4,13,1.06
subj_31,Intrinsic Cause,get tired,choose what to do,become hungry,feel scared,Intrinsic,bio,bio,mind,bio,0.53,3,-0.12,13,0.65
subj_31,Intrinsic Cause,get sick,remember something,experience pain,become hungry,Intrinsic,bio,bio,mind,bio,0.52,3,-0.05,13,0.5700000000000001
subj_32,Causal Chain,get sick,remember something,experience pain,become hungry,Intrinsic,bio,bio,mind,bio,0.52,3,-0.05,13,0.5700000000000001
subj_32,Causal Chain,sit down,experience pain,take a walk,jump up and down,Direct,action,action,bio,action,0.4,5,-0.57,13,0.97
subj_32,Causal Chain,become hungry,think about something,get tired,feel scared,Intrinsic,bio,bio,mind,bio,0.7,1,-0.06,13,0.76
subj_32,Causal Chain,see something,take a walk,remember something,hear something,Direct,mind,mind,action,mind,0.58,1,0.05,13,0.5299999999999999
subj_32,Causal Chain,take a walk,see something,jump up and down,reach for something,Direct,action,action,mind,action,0.54,6,-0.33,13,0.8700000000000001
subj_32,Causal Chain,get tired,choose what to do,become hungry,feel scared,Intrinsic,bio,bio,mind,bio,0.53,3,-0.12,13,0.65
subj_32,Causal Chain,remember something,feel scared,think about something,hear something,Intrinsic,mind,mind,bio,mind,0.46,3,-0.09,12,0.55
subj_32,Causal Chain,jump up and down,get tired,take a walk,sit down,Direct,action,action,bio,action,0.66,2,-0.4,13,1.06
subj_32,Causal Chain,choose what to do,take a walk,see something,hear something,Direct,mind,mind,action,mind,0.49,1,-0.13,13,0.62
subj_33,Intrinsic Cause,jump up and down,get tired,take a walk,sit down,Direct,action,action,bio,action,0.66,2,-0.4,13,1.06
subj_33,Intrinsic Cause,see something,take a walk,remember something,hear something,Intrinsic,mind,mind,action,mind,0.58,1,0.05,13,0.5299999999999999
subj_33,Intrinsic Cause,remember something,feel scared,think about something,hear something,Intrinsic,mind,mind,bio,mind,0.46,3,-0.09,12,0.55
subj_33,Intrinsic Cause,take a walk,see something,jump up and down,reach for something,Direct,action,action,mind,action,0.54,6,-0.33,13,0.8700000000000001
subj_33,Intrinsic Cause,sit down,experience pain,take a walk,jump up and down,Intrinsic,action,action,bio,action,0.4,5,-0.57,13,0.97
subj_33,Intrinsic Cause,get tired,choose what to do,become hungry,feel scared,Intrinsic,bio,bio,mind,bio,0.53,3,-0.12,13,0.65
subj_33,Intrinsic Cause,choose what to do,take a walk,see something,hear something,Intrinsic,mind,mind,action,mind,0.49,1,-0.13,13,0.62
subj_33,Intrinsic Cause,get sick,remember something,experience pain,become hungry,Intrinsic,bio,bio,mind,bio,0.52,3,-0.05,13,0.5700000000000001
subj_33,Intrinsic Cause,become hungry,think about something,get tired,feel scared,Intrinsic,bio,bio,mind,bio,0.7,1,-0.06,13,0.76
subj_34,Intrinsic Cause,remember something,feel scared,think about something,hear something,Intrinsic,mind,mind,bio,mind,0.46,3,-0.09,12,0.55
subj_34,Intrinsic Cause,see something,take a walk,remember something,hear something,Intrinsic,mind,mind,action,mind,0.58,1,0.05,13,0.5299999999999999
subj_34,Intrinsic Cause,choose what to do,take a walk,see something,hear something,Intrinsic,mind,mind,action,mind,0.49,1,-0.13,13,0.62
subj_34,Intrinsic Cause,take a walk,see something,jump up and down,reach for something,Intrinsic,action,action,mind,action,0.54,6,-0.33,13,0.8700000000000001
subj_34,Intrinsic Cause,become hungry,think about something,get tired,feel scared,Intrinsic,bio,bio,mind,bio,0.7,1,-0.06,13,0.76
subj_34,Intrinsic Cause,get tired,choose what to do,become hungry,feel scared,Intrinsic,bio,bio,mind,bio,0.53,3,-0.12,13,0.65
subj_34,Intrinsic Cause,jump up and down,get tired,take a walk,sit down,Intrinsic,action,action,bio,action,0.66,2,-0.4,13,1.06
subj_34,Intrinsic Cause,get sick,remember something,experience pain,become hungry,Intrinsic,bio,bio,mind,bio,0.52,3,-0.05,13,0.5700000000000001
subj_34,Intrinsic Cause,sit down,experience pain,take a walk,jump up and down,Intrinsic,action,action,bio,action,0.4,5,-0.57,13,0.97
subj_35,Intrinsic Cause,get sick,remember something,experience pain,become hungry,Intrinsic,bio,bio,mind,bio,0.52,3,-0.05,13,0.5700000000000001
subj_35,Intrinsic Cause,remember something,feel scared,think about something,hear something,Intrinsic,mind,mind,bio,mind,0.46,3,-0.09,12,0.55
subj_35,Intrinsic Cause,get tired,choose what to do,become hungry,feel scared,Direct,bio,bio,mind,bio,0.53,3,-0.12,13,0.65
subj_35,Intrinsic Cause,take a walk,see something,jump up and down,reach for something,Intrinsic,action,action,mind,action,0.54,6,-0.33,13,0.8700000000000001
subj_35,Intrinsic Cause,jump up and down,get tired,take a walk,sit down,Intrinsic,action,action,bio,action,0.66,2,-0.4,13,1.06
subj_35,Intrinsic Cause,become hungry,think about something,get tired,feel scared,Intrinsic,bio,bio,mind,bio,0.7,1,-0.06,13,0.76
subj_35,Intrinsic Cause,sit down,experience pain,take a walk,jump up and down,Intrinsic,action,action,bio,action,0.4,5,-0.57,13,0.97
subj_35,Intrinsic Cause,choose what to do,take a walk,see something,hear something,Direct,mind,mind,action,mind,0.49,1,-0.13,13,0.62
subj_35,Intrinsic Cause,see something,take a walk,remember something,hear something,Intrinsic,mind,mind,action,mind,0.58,1,0.05,13,0.5299999999999999
subj_36,Causal Chain,choose what to do,take a walk,see something,hear something,Intrinsic,mind,mind,action,mind,0.49,1,-0.13,13,0.62
subj_36,Causal Chain,remember something,feel scared,think about something,hear something,Direct,mind,mind,bio,mind,0.46,3,-0.09,12,0.55
subj_36,Causal Chain,get sick,remember something,experience pain,become hungry,Intrinsic,bio,bio,mind,bio,0.52,3,-0.05,13,0.5700000000000001
subj_36,Causal Chain,take a walk,see something,jump up and down,reach for something,Direct,action,action,mind,action,0.54,6,-0.33,13,0.8700000000000001
subj_36,Causal Chain,sit down,experience pain,take a walk,jump up and down,Direct,action,action,bio,action,0.4,5,-0.57,13,0.97
subj_36,Causal Chain,get tired,choose what to do,become hungry,feel scared,Direct,bio,bio,mind,bio,0.53,3,-0.12,13,0.65
subj_36,Causal Chain,jump up and down,get tired,take a walk,sit down,Direct,action,action,bio,action,0.66,2,-0.4,13,1.06
subj_36,Causal Chain,become hungry,think about something,get tired,feel scared,Intrinsic,bio,bio,mind,bio,0.7,1,-0.06,13,0.76
subj_36,Causal Chain,see something,take a walk,remember something,hear something,Direct,mind,mind,action,mind,0.58,1,0.05,13,0.5299999999999999
subj_37,Causal Chain,choose what to do,take a walk,see something,hear something,Intrinsic,mind,mind,action,mind,0.49,1,-0.13,13,0.62
subj_37,Causal Chain,jump up and down,get tired,take a walk,sit down,Direct,action,action,bio,action,0.66,2,-0.4,13,1.06
subj_37,Causal Chain,get tired,choose what to do,become hungry,feel scared,Intrinsic,bio,bio,mind,bio,0.53,3,-0.12,13,0.65
subj_37,Causal Chain,take a walk,see something,jump up and down,reach for something,Direct,action,action,mind,action,0.54,6,-0.33,13,0.8700000000000001
subj_37,Causal Chain,remember something,feel scared,think about something,hear something,Direct,mind,mind,bio,mind,0.46,3,-0.09,12,0.55
subj_37,Causal Chain,get sick,remember something,experience pain,become hungry,Direct,bio,bio,mind,bio,0.52,3,-0.05,13,0.5700000000000001
subj_37,Causal Chain,sit down,experience pain,take a walk,jump up and down,Direct,action,action,bio,action,0.4,5,-0.57,13,0.97
subj_37,Causal Chain,see something,take a walk,remember something,hear something,Direct,mind,mind,action,mind,0.58,1,0.05,13,0.5299999999999999
subj_37,Causal Chain,become hungry,think about something,get tired,feel scared,Direct,bio,bio,mind,bio,0.7,1,-0.06,13,0.76
subj_38,Intrinsic Cause,get sick,remember something,experience pain,become hungry,Intrinsic,bio,bio,mind,bio,0.52,3,-0.05,13,0.5700000000000001
subj_38,Intrinsic Cause,jump up and down,get tired,take a walk,sit down,Intrinsic,action,action,bio,action,0.66,2,-0.4,13,1.06
subj_38,Intrinsic Cause,remember something,feel scared,think about something,hear something,Intrinsic,mind,mind,bio,mind,0.46,3,-0.09,12,0.55
subj_38,Intrinsic Cause,sit down,experience pain,take a walk,jump up and down,Intrinsic,action,action,bio,action,0.4,5,-0.57,13,0.97
subj_38,Intrinsic Cause,take a walk,see something,jump up and down,reach for something,Intrinsic,action,action,mind,action,0.54,6,-0.33,13,0.8700000000000001
subj_38,Intrinsic Cause,see something,take a walk,remember something,hear something,Intrinsic,mind,mind,action,mind,0.58,1,0.05,13,0.5299999999999999
subj_38,Intrinsic Cause,get tired,choose what to do,become hungry,feel scared,Intrinsic,bio,bio,mind,bio,0.53,3,-0.12,13,0.65
subj_38,Intrinsic Cause,become hungry,think about something,get tired,feel scared,Direct,bio,bio,mind,bio,0.7,1,-0.06,13,0.76
subj_38,Intrinsic Cause,choose what to do,take a walk,see something,hear something,Intrinsic,mind,mind,action,mind,0.49,1,-0.13,13,0.62
subj_39,Causal Chain,get tired,choose what to do,become hungry,feel scared,Intrinsic,bio,bio,mind,bio,0.53,3,-0.12,13,0.65
subj_39,Causal Chain,get sick,remember something,experience pain,become hungry,Intrinsic,bio,bio,mind,bio,0.52,3,-0.05,13,0.5700000000000001
subj_39,Causal Chain,remember something,feel scared,think about something,hear something,Direct,mind,mind,bio,mind,0.46,3,-0.09,12,0.55
subj_39,Causal Chain,choose what to do,take a walk,see something,hear something,Direct,mind,mind,action,mind,0.49,1,-0.13,13,0.62
subj_39,Causal Chain,take a walk,see something,jump up and down,reach for something,Direct,action,action,mind,action,0.54,6,-0.33,13,0.8700000000000001
subj_39,Causal Chain,jump up and down,get tired,take a walk,sit down,Direct,action,action,bio,action,0.66,2,-0.4,13,1.06
subj_39,Causal Chain,sit down,experience pain,take a walk,jump up and down,Direct,action,action,bio,action,0.4,5,-0.57,13,0.97
subj_39,Causal Chain,become hungry,think about something,get tired,feel scared,Direct,bio,bio,mind,bio,0.7,1,-0.06,13,0.76
subj_39,Causal Chain,see something,take a walk,remember something,hear something,Intrinsic,mind,mind,action,mind,0.58,1,0.05,13,0.5299999999999999
subj_40,Intrinsic Cause,choose what to do,take a walk,see something,hear something,Intrinsic,mind,mind,action,mind,0.49,1,-0.13,13,0.62
subj_40,Intrinsic Cause,get sick,remember something,experience pain,become hungry,Intrinsic,bio,bio,mind,bio,0.52,3,-0.05,13,0.5700000000000001
subj_40,Intrinsic Cause,become hungry,think about something,get tired,feel scared,Intrinsic,bio,bio,mind,bio,0.7,1,-0.06,13,0.76
subj_40,Intrinsic Cause,take a walk,see something,jump up and down,reach for something,Intrinsic,action,action,mind,action,0.54,6,-0.33,13,0.8700000000000001
subj_40,Intrinsic Cause,sit down,experience pain,take a walk,jump up and down,Intrinsic,action,action,bio,action,0.4,5,-0.57,13,0.97
subj_40,Intrinsic Cause,see something,take a walk,remember something,hear something,Intrinsic,mind,mind,action,mind,0.58,1,0.05,13,0.5299999999999999
subj_40,Intrinsic Cause,jump up and down,get tired,take a walk,sit down,Intrinsic,action,action,bio,action,0.66,2,-0.4,13,1.06
subj_40,Intrinsic Cause,get tired,choose what to do,become hungry,feel scared,Intrinsic,bio,bio,mind,bio,0.53,3,-0.12,13,0.65
subj_40,Intrinsic Cause,remember something,feel scared,think about something,hear something,Intrinsic,mind,mind,bio,mind,0.46,3,-0.09,12,0.55
subj_41,Intrinsic Cause,remember something,feel scared,think about something,hear something,Intrinsic,mind,mind,bio,mind,0.46,3,-0.09,12,0.55
subj_41,Intrinsic Cause,sit down,experience pain,take a walk,jump up and down,Intrinsic,action,action,bio,action,0.4,5,-0.57,13,0.97
subj_41,Intrinsic Cause,get sick,remember something,experience pain,become hungry,Intrinsic,bio,bio,mind,bio,0.52,3,-0.05,13,0.5700000000000001
subj_41,Intrinsic Cause,choose what to do,take a walk,see something,hear something,Intrinsic,mind,mind,action,mind,0.49,1,-0.13,13,0.62
subj_41,Intrinsic Cause,get tired,choose what to do,become hungry,feel scared,Intrinsic,bio,bio,mind,bio,0.53,3,-0.12,13,0.65
subj_41,Intrinsic Cause,see something,take a walk,remember something,hear something,Intrinsic,mind,mind,action,mind,0.58,1,0.05,13,0.5299999999999999
subj_41,Intrinsic Cause,take a walk,see something,jump up and down,reach for something,Intrinsic,action,action,mind,action,0.54,6,-0.33,13,0.8700000000000001
subj_41,Intrinsic Cause,jump up and down,get tired,take a walk,sit down,Intrinsic,action,action,bio,action,0.66,2,-0.4,13,1.06
subj_41,Intrinsic Cause,become hungry,think about something,get tired,feel scared,Intrinsic,bio,bio,mind,bio,0.7,1,-0.06,13,0.76
subj_42,Causal Chain,jump up and down,get tired,take a walk,sit down,Direct,action,action,bio,action,0.66,2,-0.4,13,1.06
subj_42,Causal Chain,become hungry,think about something,get tired,feel scared,Direct,bio,bio,mind,bio,0.7,1,-0.06,13,0.76
subj_42,Causal Chain,see something,take a walk,remember something,hear something,Direct,mind,mind,action,mind,0.58,1,0.05,13,0.5299999999999999
subj_42,Causal Chain,get sick,remember something,experience pain,become hungry,Direct,bio,bio,mind,bio,0.52,3,-0.05,13,0.5700000000000001
subj_42,Causal Chain,sit down,experience pain,take a walk,jump up and down,Intrinsic,action,action,bio,action,0.4,5,-0.57,13,0.97
subj_42,Causal Chain,remember something,feel scared,think about something,hear something,Direct,mind,mind,bio,mind,0.46,3,-0.09,12,0.55
subj_42,Causal Chain,take a walk,see something,jump up and down,reach for something,Direct,action,action,mind,action,0.54,6,-0.33,13,0.8700000000000001
subj_42,Causal Chain,choose what to do,take a walk,see something,hear something,Direct,mind,mind,action,mind,0.49,1,-0.13,13,0.62
subj_42,Causal Chain,get tired,choose what to do,become hungry,feel scared,Direct,bio,bio,mind,bio,0.53,3,-0.12,13,0.65
subj_43,Intrinsic Cause,see something,take a walk,remember something,hear something,Intrinsic,mind,mind,action,mind,0.58,1,0.05,13,0.5299999999999999
subj_43,Intrinsic Cause,take a walk,see something,jump up and down,reach for something,Intrinsic,action,action,mind,action,0.54,6,-0.33,13,0.8700000000000001
subj_43,Intrinsic Cause,remember something,feel scared,think about something,hear something,Intrinsic,mind,mind,bio,mind,0.46,3,-0.09,12,0.55
subj_43,Intrinsic Cause,jump up and down,get tired,take a walk,sit down,Intrinsic,action,action,bio,action,0.66,2,-0.4,13,1.06
subj_43,Intrinsic Cause,get sick,remember something,experience pain,become hungry,Intrinsic,bio,bio,mind,bio,0.52,3,-0.05,13,0.5700000000000001
subj_43,Intrinsic Cause,sit down,experience pain,take a walk,jump up and down,Intrinsic,action,action,bio,action,0.4,5,-0.57,13,0.97
subj_43,Intrinsic Cause,choose what to do,take a walk,see something,hear something,Direct,mind,mind,action,mind,0.49,1,-0.13,13,0.62
subj_43,Intrinsic Cause,become hungry,think about something,get tired,feel scared,Intrinsic,bio,bio,mind,bio,0.7,1,-0.06,13,0.76
subj_43,Intrinsic Cause,get tired,choose what to do,become hungry,feel scared,Intrinsic,bio,bio,mind,bio,0.53,3,-0.12,13,0.65
subj_44,Intrinsic Cause,remember something,feel scared,think about something,hear something,Intrinsic,mind,mind,bio,mind,0.46,3,-0.09,12,0.55
subj_44,Intrinsic Cause,sit down,experience pain,take a walk,jump up and down,Intrinsic,action,action,bio,action,0.4,5,-0.57,13,0.97
subj_44,Intrinsic Cause,get tired,choose what to do,become hungry,feel scared,Intrinsic,bio,bio,mind,bio,0.53,3,-0.12,13,0.65
subj_44,Intrinsic Cause,become hungry,think about something,get tired,feel scared,Intrinsic,bio,bio,mind,bio,0.7,1,-0.06,13,0.76
subj_44,Intrinsic Cause,jump up and down,get tired,take a walk,sit down,Intrinsic,action,action,bio,action,0.66,2,-0.4,13,1.06
subj_44,Intrinsic Cause,get sick,remember something,experience pain,become hungry,Intrinsic,bio,bio,mind,bio,0.52,3,-0.05,13,0.5700000000000001
subj_44,Intrinsic Cause,choose what to do,take a walk,see something,hear something,Intrinsic,mind,mind,action,mind,0.49,1,-0.13,13,0.62
subj_44,Intrinsic Cause,see something,take a walk,remember something,hear something,Intrinsic,mind,mind,action,mind,0.58,1,0.05,13,0.5299999999999999
subj_44,Intrinsic Cause,take a walk,see something,jump up and down,reach for something,Direct,action,action,mind,action,0.54,6,-0.33,13,0.8700000000000001
subj_45,Causal Chain,get tired,choose what to do,become hungry,feel scared,Direct,bio,bio,mind,bio,0.53,3,-0.12,13,0.65
subj_45,Causal Chain,get sick,remember something,experience pain,become hungry,Direct,bio,bio,mind,bio,0.52,3,-0.05,13,0.5700000000000001
subj_45,Causal Chain,remember something,feel scared,think about something,hear something,Direct,mind,mind,bio,mind,0.46,3,-0.09,12,0.55
subj_45,Causal Chain,choose what to do,take a walk,see something,hear something,Intrinsic,mind,mind,action,mind,0.49,1,-0.13,13,0.62
subj_45,Causal Chain,take a walk,see something,jump up and down,reach for something,Direct,action,action,mind,action,0.54,6,-0.33,13,0.8700000000000001
subj_45,Causal Chain,become hungry,think about something,get tired,feel scared,Direct,bio,bio,mind,bio,0.7,1,-0.06,13,0.76
subj_45,Causal Chain,sit down,experience pain,take a walk,jump up and down,Direct,action,action,bio,action,0.4,5,-0.57,13,0.97
subj_45,Causal Chain,jump up and down,get tired,take a walk,sit down,Direct,action,action,bio,action,0.66,2,-0.4,13,1.06
subj_45,Causal Chain,see something,take a walk,remember something,hear something,Direct,mind,mind,action,mind,0.58,1,0.05,13,0.5299999999999999
subj_46,Intrinsic Cause,take a walk,see something,jump up and down,reach for something,Intrinsic,action,action,mind,action,0.54,6,-0.33,13,0.8700000000000001
subj_46,Intrinsic Cause,jump up and down,get tired,take a walk,sit down,Intrinsic,action,action,bio,action,0.66,2,-0.4,13,1.06
subj_46,Intrinsic Cause,choose what to do,take a walk,see something,hear something,Intrinsic,mind,mind,action,mind,0.49,1,-0.13,13,0.62
subj_46,Intrinsic Cause,become hungry,think about something,get tired,feel scared,Intrinsic,bio,bio,mind,bio,0.7,1,-0.06,13,0.76
subj_46,Intrinsic Cause,get sick,remember something,experience pain,become hungry,Intrinsic,bio,bio,mind,bio,0.52,3,-0.05,13,0.5700000000000001
subj_46,Intrinsic Cause,remember something,feel scared,think about something,hear something,Intrinsic,mind,mind,bio,mind,0.46,3,-0.09,12,0.55
subj_46,Intrinsic Cause,see something,take a walk,remember something,hear something,Intrinsic,mind,mind,action,mind,0.58,1,0.05,13,0.5299999999999999
subj_46,Intrinsic Cause,get tired,choose what to do,become hungry,feel scared,Intrinsic,bio,bio,mind,bio,0.53,3,-0.12,13,0.65
subj_46,Intrinsic Cause,sit down,experience pain,take a walk,jump up and down,Intrinsic,action,action,bio,action,0.4,5,-0.57,13,0.97
subj_47,Causal Chain,sit down,experience pain,take a walk,jump up and down,Direct,action,action,bio,action,0.4,5,-0.57,13,0.97
subj_47,Causal Chain,take a walk,see something,jump up and down,reach for something,Direct,action,action,mind,action,0.54,6,-0.33,13,0.8700000000000001
subj_47,Causal Chain,remember something,feel scared,think about something,hear something,Intrinsic,mind,mind,bio,mind,0.46,3,-0.09,12,0.55
subj_47,Causal Chain,get tired,choose what to do,become hungry,feel scared,Direct,bio,bio,mind,bio,0.53,3,-0.12,13,0.65
subj_47,Causal Chain,become hungry,think about something,get tired,feel scared,Direct,bio,bio,mind,bio,0.7,1,-0.06,13,0.76
subj_47,Causal Chain,choose what to do,take a walk,see something,hear something,Direct,mind,mind,action,mind,0.49,1,-0.13,13,0.62
subj_47,Causal Chain,see something,take a walk,remember something,hear something,Direct,mind,mind,action,mind,0.58,1,0.05,13,0.5299999999999999
subj_47,Causal Chain,get sick,remember something,experience pain,become hungry,Intrinsic,bio,bio,mind,bio,0.52,3,-0.05,13,0.5700000000000001
subj_47,Causal Chain,jump up and down,get tired,take a walk,sit down,Direct,action,action,bio,action,0.66,2,-0.4,13,1.06
subj_48,Causal Chain,choose what to do,take a walk,see something,hear something,Direct,mind,mind,action,mind,0.49,1,-0.13,13,0.62
subj_48,Causal Chain,take a walk,see something,jump up and down,reach for something,Direct,action,action,mind,action,0.54,6,-0.33,13,0.8700000000000001
subj_48,Causal Chain,get sick,remember something,experience pain,become hungry,Direct,bio,bio,mind,bio,0.52,3,-0.05,13,0.5700000000000001
subj_48,Causal Chain,sit down,experience pain,take a walk,jump up and down,Direct,action,action,bio,action,0.4,5,-0.57,13,0.97
subj_48,Causal Chain,become hungry,think about something,get tired,feel scared,Direct,bio,bio,mind,bio,0.7,1,-0.06,13,0.76
subj_48,Causal Chain,see something,take a walk,remember something,hear something,Direct,mind,mind,action,mind,0.58,1,0.05,13,0.5299999999999999
subj_48,Causal Chain,get tired,choose what to do,become hungry,feel scared,Direct,bio,bio,mind,bio,0.53,3,-0.12,13,0.65
subj_48,Causal Chain,remember something,feel scared,think about something,hear something,Direct,mind,mind,bio,mind,0.46,3,-0.09,12,0.55
subj_48,Causal Chain,jump up and down,get tired,take a walk,sit down,Direct,action,action,bio,action,0.66,2,-0.4,13,1.06
subj_49,Causal Chain,get sick,remember something,experience pain,become hungry,Intrinsic,bio,bio,mind,bio,0.52,3,-0.05,13,0.5700000000000001
subj_49,Causal Chain,jump up and down,get tired,take a walk,sit down,Direct,action,action,bio,action,0.66,2,-0.4,13,1.06
subj_49,Causal Chain,take a walk,see something,jump up and down,reach for something,Direct,action,action,mind,action,0.54,6,-0.33,13,0.8700000000000001
subj_49,Causal Chain,become hungry,think about something,get tired,feel scared,Direct,bio,bio,mind,bio,0.7,1,-0.06,13,0.76
subj_49,Causal Chain,choose what to do,take a walk,see something,hear something,Direct,mind,mind,action,mind,0.49,1,-0.13,13,0.62
subj_49,Causal Chain,sit down,experience pain,take a walk,jump up and down,Intrinsic,action,action,bio,action,0.4,5,-0.57,13,0.97
subj_49,Causal Chain,see something,take a walk,remember something,hear something,Direct,mind,mind,action,mind,0.58,1,0.05,13,0.5299999999999999
subj_49,Causal Chain,get tired,choose what to do,become hungry,feel scared,Direct,bio,bio,mind,bio,0.53,3,-0.12,13,0.65
subj_49,Causal Chain,remember something,feel scared,think about something,hear something,Intrinsic,mind,mind,bio,mind,0.46,3,-0.09,12,0.55
subj_50,Intrinsic Cause,jump up and down,get tired,take a walk,sit down,Intrinsic,action,action,bio,action,0.66,2,-0.4,13,1.06
subj_50,Intrinsic Cause,choose what to do,take a walk,see something,hear something,Intrinsic,mind,mind,action,mind,0.49,1,-0.13,13,0.62
subj_50,Intrinsic Cause,become hungry,think about something,get tired,feel scared,Direct,bio,bio,mind,bio,0.7,1,-0.06,13,0.76
subj_50,Intrinsic Cause,get sick,remember something,experience pain,become hungry,Intrinsic,bio,bio,mind,bio,0.52,3,-0.05,13,0.5700000000000001
subj_50,Intrinsic Cause,get tired,choose what to do,become hungry,feel scared,Direct,bio,bio,mind,bio,0.53,3,-0.12,13,0.65
subj_50,Intrinsic Cause,take a walk,see something,jump up and down,reach for something,Direct,action,action,mind,action,0.54,6,-0.33,13,0.8700000000000001
subj_50,Intrinsic Cause,see something,take a walk,remember something,hear something,Intrinsic,mind,mind,action,mind,0.58,1,0.05,13,0.5299999999999999
subj_50,Intrinsic Cause,sit down,experience pain,take a walk,jump up and down,Intrinsic,action,action,bio,action,0.4,5,-0.57,13,0.97
subj_50,Intrinsic Cause,remember something,feel scared,think about something,hear something,Intrinsic,mind,mind,bio,mind,0.46,3,-0.09,12,0.55
subj_51,Intrinsic Cause,jump up and down,get tired,take a walk,sit down,Direct,action,action,bio,action,0.66,2,-0.4,13,1.06
subj_51,Intrinsic Cause,take a walk,see something,jump up and down,reach for something,Intrinsic,action,action,mind,action,0.54,6,-0.33,13,0.8700000000000001
subj_51,Intrinsic Cause,remember something,feel scared,think about something,hear something,Intrinsic,mind,mind,bio,mind,0.46,3,-0.09,12,0.55
subj_51,Intrinsic Cause,sit down,experience pain,take a walk,jump up and down,Intrinsic,action,action,bio,action,0.4,5,-0.57,13,0.97
subj_51,Intrinsic Cause,get tired,choose what to do,become hungry,feel scared,Intrinsic,bio,bio,mind,bio,0.53,3,-0.12,13,0.65
subj_51,Intrinsic Cause,see something,take a walk,remember something,hear something,Intrinsic,mind,mind,action,mind,0.58,1,0.05,13,0.5299999999999999
subj_51,Intrinsic Cause,become hungry,think about something,get tired,feel scared,Intrinsic,bio,bio,mind,bio,0.7,1,-0.06,13,0.76
subj_51,Intrinsic Cause,get sick,remember something,experience pain,become hungry,Intrinsic,bio,bio,mind,bio,0.52,3,-0.05,13,0.5700000000000001
subj_51,Intrinsic Cause,choose what to do,take a walk,see something,hear something,Intrinsic,mind,mind,action,mind,0.49,1,-0.13,13,0.62
subj_52,Causal Chain,sit down,experience pain,take a walk,jump up and down,Direct,action,action,bio,action,0.4,5,-0.57,13,0.97
subj_52,Causal Chain,become hungry,think about something,get tired,feel scared,Direct,bio,bio,mind,bio,0.7,1,-0.06,13,0.76
subj_52,Causal Chain,take a walk,see something,jump up and down,reach for something,Direct,action,action,mind,action,0.54,6,-0.33,13,0.8700000000000001
subj_52,Causal Chain,remember something,feel scared,think about something,hear something,Direct,mind,mind,bio,mind,0.46,3,-0.09,12,0.55
subj_52,Causal Chain,see something,take a walk,remember something,hear something,Direct,mind,mind,action,mind,0.58,1,0.05,13,0.5299999999999999
subj_52,Causal Chain,get sick,remember something,experience pain,become hungry,Intrinsic,bio,bio,mind,bio,0.52,3,-0.05,13,0.5700000000000001
subj_52,Causal Chain,jump up and down,get tired,take a walk,sit down,Direct,action,action,bio,action,0.66,2,-0.4,13,1.06
subj_52,Causal Chain,choose what to do,take a walk,see something,hear something,Direct,mind,mind,action,mind,0.49,1,-0.13,13,0.62
subj_52,Causal Chain,get tired,choose what to do,become hungry,feel scared,Intrinsic,bio,bio,mind,bio,0.53,3,-0.12,13,0.65
subj_53,Causal Chain,take a walk,see something,jump up and down,reach for something,Direct,action,action,mind,action,0.54,6,-0.33,13,0.8700000000000001
subj_53,Causal Chain,choose what to do,take a walk,see something,hear something,Intrinsic,mind,mind,action,mind,0.49,1,-0.13,13,0.62
subj_53,Causal Chain,become hungry,think about something,get tired,feel scared,Direct,bio,bio,mind,bio,0.7,1,-0.06,13,0.76
subj_53,Causal Chain,get sick,remember something,experience pain,become hungry,Intrinsic,bio,bio,mind,bio,0.52,3,-0.05,13,0.5700000000000001
subj_53,Causal Chain,get tired,choose what to do,become hungry,feel scared,Direct,bio,bio,mind,bio,0.53,3,-0.12,13,0.65
subj_53,Causal Chain,see something,take a walk,remember something,hear something,Intrinsic,mind,mind,action,mind,0.58,1,0.05,13,0.5299999999999999
subj_53,Causal Chain,jump up and down,get tired,take a walk,sit down,Direct,action,action,bio,action,0.66,2,-0.4,13,1.06
subj_53,Causal Chain,sit down,experience pain,take a walk,jump up and down,Direct,action,action,bio,action,0.4,5,-0.57,13,0.97
subj_53,Causal Chain,remember something,feel scared,think about something,hear something,Intrinsic,mind,mind,bio,mind,0.46,3,-0.09,12,0.55
subj_54,Intrinsic Cause,see something,take a walk,remember something,hear something,Intrinsic,mind,mind,action,mind,0.58,1,0.05,13,0.5299999999999999
subj_54,Intrinsic Cause,get sick,remember something,experience pain,become hungry,Intrinsic,bio,bio,mind,bio,0.52,3,-0.05,13,0.5700000000000001
subj_54,Intrinsic Cause,remember something,feel scared,think about something,hear something,Intrinsic,mind,mind,bio,mind,0.46,3,-0.09,12,0.55
subj_54,Intrinsic Cause,choose what to do,take a walk,see something,hear something,Intrinsic,mind,mind,action,mind,0.49,1,-0.13,13,0.62
subj_54,Intrinsic Cause,take a walk,see something,jump up and down,reach for something,Intrinsic,action,action,mind,action,0.54,6,-0.33,13,0.8700000000000001
subj_54,Intrinsic Cause,jump up and down,get tired,take a walk,sit down,Intrinsic,action,action,bio,action,0.66,2,-0.4,13,1.06
subj_54,Intrinsic Cause,sit down,experience pain,take a walk,jump up and down,Intrinsic,action,action,bio,action,0.4,5,-0.57,13,0.97
subj_54,Intrinsic Cause,become hungry,think about something,get tired,feel scared,Intrinsic,bio,bio,mind,bio,0.7,1,-0.06,13,0.76
subj_54,Intrinsic Cause,get tired,choose what to do,become hungry,feel scared,Intrinsic,bio,bio,mind,bio,0.53,3,-0.12,13,0.65
subj_55,Causal Chain,jump up and down,get tired,take a walk,sit down,Direct,action,action,bio,action,0.66,2,-0.4,13,1.06
subj_55,Causal Chain,become hungry,think about something,get tired,feel scared,Direct,bio,bio,mind,bio,0.7,1,-0.06,13,0.76
subj_55,Causal Chain,take a walk,see something,jump up and down,reach for something,Direct,action,action,mind,action,0.54,6,-0.33,13,0.8700000000000001
subj_55,Causal Chain,sit down,experience pain,take a walk,jump up and down,Direct,action,action,bio,action,0.4,5,-0.57,13,0.97
subj_55,Causal Chain,see something,take a walk,remember something,hear something,Direct,mind,mind,action,mind,0.58,1,0.05,13,0.5299999999999999
subj_55,Causal Chain,get sick,remember something,experience pain,become hungry,Intrinsic,bio,bio,mind,bio,0.52,3,-0.05,13,0.5700000000000001
subj_55,Causal Chain,choose what to do,take a walk,see something,hear something,Direct,mind,mind,action,mind,0.49,1,-0.13,13,0.62
subj_55,Causal Chain,remember something,feel scared,think about something,hear something,Direct,mind,mind,bio,mind,0.46,3,-0.09,12,0.55
subj_55,Causal Chain,get tired,choose what to do,become hungry,feel scared,Direct,bio,bio,mind,bio,0.53,3,-0.12,13,0.65
subj_56,Intrinsic Cause,get sick,remember something,experience pain,become hungry,Intrinsic,bio,bio,mind,bio,0.52,3,-0.05,13,0.5700000000000001
subj_56,Intrinsic Cause,see something,take a walk,remember something,hear something,Intrinsic,mind,mind,action,mind,0.58,1,0.05,13,0.5299999999999999
subj_56,Intrinsic Cause,sit down,experience pain,take a walk,jump up and down,Intrinsic,action,action,bio,action,0.4,5,-0.57,13,0.97
subj_56,Intrinsic Cause,choose what to do,take a walk,see something,hear something,Intrinsic,mind,mind,action,mind,0.49,1,-0.13,13,0.62
subj_56,Intrinsic Cause,take a walk,see something,jump up and down,reach for something,Direct,action,action,mind,action,0.54,6,-0.33,13,0.8700000000000001
subj_56,Intrinsic Cause,jump up and down,get tired,take a walk,sit down,Direct,action,action,bio,action,0.66,2,-0.4,13,1.06
subj_56,Intrinsic Cause,get tired,choose what to do,become hungry,feel scared,Intrinsic,bio,bio,mind,bio,0.53,3,-0.12,13,0.65
subj_56,Intrinsic Cause,become hungry,think about something,get tired,feel scared,Intrinsic,bio,bio,mind,bio,0.7,1,-0.06,13,0.76
subj_56,Intrinsic Cause,remember something,feel scared,think about something,hear something,Intrinsic,mind,mind,bio,mind,0.46,3,-0.09,12,0.55
subj_57,Causal Chain,sit down,experience pain,take a walk,jump up and down,Intrinsic,action,action,bio,action,0.4,5,-0.57,13,0.97
subj_57,Causal Chain,take a walk,see something,jump up and down,reach for something,Direct,action,action,mind,action,0.54,6,-0.33,13,0.8700000000000001
subj_57,Causal Chain,jump up and down,get tired,take a walk,sit down,Direct,action,action,bio,action,0.66,2,-0.4,13,1.06
subj_57,Causal Chain,choose what to do,take a walk,see something,hear something,Direct,mind,mind,action,mind,0.49,1,-0.13,13,0.62
subj_57,Causal Chain,get tired,choose what to do,become hungry,feel scared,Direct,bio,bio,mind,bio,0.53,3,-0.12,13,0.65
subj_57,Causal Chain,remember something,feel scared,think about something,hear something,Direct,mind,mind,bio,mind,0.46,3,-0.09,12,0.55
subj_57,Causal Chain,get sick,remember something,experience pain,become hungry,Intrinsic,bio,bio,mind,bio,0.52,3,-0.05,13,0.5700000000000001
subj_57,Causal Chain,become hungry,think about something,get tired,feel scared,Intrinsic,bio,bio,mind,bio,0.7,1,-0.06,13,0.76
subj_57,Causal Chain,see something,take a walk,remember something,hear something,Intrinsic,mind,mind,action,mind,0.58,1,0.05,13,0.5299999999999999
subj_58,Causal Chain,sit down,experience pain,take a walk,jump up and down,Direct,action,action,bio,action,0.4,5,-0.57,13,0.97
subj_58,Causal Chain,become hungry,think about something,get tired,feel scared,Direct,bio,bio,mind,bio,0.7,1,-0.06,13,0.76
subj_58,Causal Chain,take a walk,see something,jump up and down,reach for something,Direct,action,action,mind,action,0.54,6,-0.33,13,0.8700000000000001
subj_58,Causal Chain,remember something,feel scared,think about something,hear something,Direct,mind,mind,bio,mind,0.46,3,-0.09,12,0.55
subj_58,Causal Chain,see something,take a walk,remember something,hear something,Intrinsic,mind,mind,action,mind,0.58,1,0.05,13,0.5299999999999999
subj_58,Causal Chain,jump up and down,get tired,take a walk,sit down,Direct,action,action,bio,action,0.66,2,-0.4,13,1.06
subj_58,Causal Chain,get tired,choose what to do,become hungry,feel scared,Intrinsic,bio,bio,mind,bio,0.53,3,-0.12,13,0.65
subj_58,Causal Chain,choose what to do,take a walk,see something,hear something,Intrinsic,mind,mind,action,mind,0.49,1,-0.13,13,0.62
subj_58,Causal Chain,get sick,remember something,experience pain,become hungry,Direct,bio,bio,mind,bio,0.52,3,-0.05,13,0.5700000000000001
subj_59,Causal Chain,remember something,feel scared,think about something,hear something,Intrinsic,mind,mind,bio,mind,0.46,3,-0.09,12,0.55
subj_59,Causal Chain,take a walk,see something,jump up and down,reach for something,Direct,action,action,mind,action,0.54,6,-0.33,13,0.8700000000000001
subj_59,Causal Chain,become hungry,think about something,get tired,feel scared,Direct,bio,bio,mind,bio,0.7,1,-0.06,13,0.76
subj_59,Causal Chain,see something,take a walk,remember something,hear something,Intrinsic,mind,mind,action,mind,0.58,1,0.05,13,0.5299999999999999
subj_59,Causal Chain,get tired,choose what to do,become hungry,feel scared,Intrinsic,bio,bio,mind,bio,0.53,3,-0.12,13,0.65
subj_59,Causal Chain,jump up and down,get tired,take a walk,sit down,Direct,action,action,bio,action,0.66,2,-0.4,13,1.06
subj_59,Causal Chain,sit down,experience pain,take a walk,jump up and down,Direct,action,action,bio,action,0.4,5,-0.57,13,0.97
subj_59,Causal Chain,get sick,remember something,experience pain,become hungry,Direct,bio,bio,mind,bio,0.52,3,-0.05,13,0.5700000000000001
subj_59,Causal Chain,choose what to do,take a walk,see something,hear something,Direct,mind,mind,action,mind,0.49,1,-0.13,13,0.62
subj_60,Causal Chain,sit down,experience pain,take a walk,jump up and down,Direct,action,action,bio,action,0.4,5,-0.57,13,0.97
subj_60,Causal Chain,see something,take a walk,remember something,hear something,Direct,mind,mind,action,mind,0.58,1,0.05,13,0.5299999999999999
subj_60,Causal Chain,become hungry,think about something,get tired,feel scared,Direct,bio,bio,mind,bio,0.7,1,-0.06,13,0.76
subj_60,Causal Chain,get tired,choose what to do,become hungry,feel scared,Direct,bio,bio,mind,bio,0.53,3,-0.12,13,0.65
subj_60,Causal Chain,take a walk,see something,jump up and down,reach for something,Direct,action,action,mind,action,0.54,6,-0.33,13,0.8700000000000001
subj_60,Causal Chain,choose what to do,take a walk,see something,hear something,Direct,mind,mind,action,mind,0.49,1,-0.13,13,0.62
subj_60,Causal Chain,get sick,remember something,experience pain,become hungry,Direct,bio,bio,mind,bio,0.52,3,-0.05,13,0.5700000000000001
subj_60,Causal Chain,remember something,feel scared,think about something,hear something,Direct,mind,mind,bio,mind,0.46,3,-0.09,12,0.55
subj_60,Causal Chain,jump up and down,get tired,take a walk,sit down,Direct,action,action,bio,action,0.66,2,-0.4,13,1.06
subj_61,Causal Chain,sit down,experience pain,take a walk,jump up and down,Direct,action,action,bio,action,0.4,5,-0.57,13,0.97
subj_61,Causal Chain,choose what to do,take a walk,see something,hear something,Intrinsic,mind,mind,action,mind,0.49,1,-0.13,13,0.62
subj_61,Causal Chain,take a walk,see something,jump up and down,reach for something,Direct,action,action,mind,action,0.54,6,-0.33,13,0.8700000000000001
subj_61,Causal Chain,jump up and down,get tired,take a walk,sit down,Direct,action,action,bio,action,0.66,2,-0.4,13,1.06
subj_61,Causal Chain,see something,take a walk,remember something,hear something,Intrinsic,mind,mind,action,mind,0.58,1,0.05,13,0.5299999999999999
subj_61,Causal Chain,become hungry,think about something,get tired,feel scared,Direct,bio,bio,mind,bio,0.7,1,-0.06,13,0.76
subj_61,Causal Chain,get tired,choose what to do,become hungry,feel scared,Direct,bio,bio,mind,bio,0.53,3,-0.12,13,0.65
subj_61,Causal Chain,get sick,remember something,experience pain,become hungry,Direct,bio,bio,mind,bio,0.52,3,-0.05,13,0.5700000000000001
subj_61,Causal Chain,remember something,feel scared,think about something,hear something,Direct,mind,mind,bio,mind,0.46,3,-0.09,12,0.55
subj_62,Causal Chain,get tired,choose what to do,become hungry,feel scared,Intrinsic,bio,bio,mind,bio,0.53,3,-0.12,13,0.65
subj_62,Causal Chain,get sick,remember something,experience pain,become hungry,Intrinsic,bio,bio,mind,bio,0.52,3,-0.05,13,0.5700000000000001
subj_62,Causal Chain,jump up and down,get tired,take a walk,sit down,Direct,action,action,bio,action,0.66,2,-0.4,13,1.06
subj_62,Causal Chain,become hungry,think about something,get tired,feel scared,Intrinsic,bio,bio,mind,bio,0.7,1,-0.06,13,0.76
subj_62,Causal Chain,take a walk,see something,jump up and down,reach for something,Direct,action,action,mind,action,0.54,6,-0.33,13,0.8700000000000001
subj_62,Causal Chain,see something,take a walk,remember something,hear something,Direct,mind,mind,action,mind,0.58,1,0.05,13,0.5299999999999999
subj_62,Causal Chain,remember something,feel scared,think about something,hear something,Intrinsic,mind,mind,bio,mind,0.46,3,-0.09,12,0.55
subj_62,Causal Chain,sit down,experience pain,take a walk,jump up and down,Direct,action,action,bio,action,0.4,5,-0.57,13,0.97
subj_62,Causal Chain,choose what to do,take a walk,see something,hear something,Direct,mind,mind,action,mind,0.49,1,-0.13,13,0.62
subj_63,Causal Chain,take a walk,see something,jump up and down,reach for something,Direct,action,action,mind,action,0.54,6,-0.33,13,0.8700000000000001
subj_63,Causal Chain,become hungry,think about something,get tired,feel scared,Direct,bio,bio,mind,bio,0.7,1,-0.06,13,0.76
subj_63,Causal Chain,get tired,choose what to do,become hungry,feel scared,Direct,bio,bio,mind,bio,0.53,3,-0.12,13,0.65
subj_63,Causal Chain,jump up and down,get tired,take a walk,sit down,Direct,action,action,bio,action,0.66,2,-0.4,13,1.06
subj_63,Causal Chain,remember something,feel scared,think about something,hear something,Direct,mind,mind,bio,mind,0.46,3,-0.09,12,0.55
subj_63,Causal Chain,choose what to do,take a walk,see something,hear something,Direct,mind,mind,action,mind,0.49,1,-0.13,13,0.62
subj_63,Causal Chain,see something,take a walk,remember something,hear something,Intrinsic,mind,mind,action,mind,0.58,1,0.05,13,0.5299999999999999
subj_63,Causal Chain,sit down,experience pain,take a walk,jump up and down,Direct,action,action,bio,action,0.4,5,-0.57,13,0.97
subj_63,Causal Chain,get sick,remember something,experience pain,become hungry,Intrinsic,bio,bio,mind,bio,0.52,3,-0.05,13,0.5700000000000001
subj_64,Intrinsic Cause,remember something,feel scared,think about something,hear something,Intrinsic,mind,mind,bio,mind,0.46,3,-0.09,12,0.55
subj_64,Intrinsic Cause,get sick,remember something,experience pain,become hungry,Intrinsic,bio,bio,mind,bio,0.52,3,-0.05,13,0.5700000000000001
subj_64,Intrinsic Cause,sit down,experience pain,take a walk,jump up and down,Intrinsic,action,action,bio,action,0.4,5,-0.57,13,0.97
subj_64,Intrinsic Cause,get tired,choose what to do,become hungry,feel scared,Intrinsic,bio,bio,mind,bio,0.53,3,-0.12,13,0.65
subj_64,Intrinsic Cause,see something,take a walk,remember something,hear something,Intrinsic,mind,mind,action,mind,0.58,1,0.05,13,0.5299999999999999
subj_64,Intrinsic Cause,jump up and down,get tired,take a walk,sit down,Direct,action,action,bio,action,0.66,2,-0.4,13,1.06
subj_64,Intrinsic Cause,become hungry,think about something,get tired,feel scared,Direct,bio,bio,mind,bio,0.7,1,-0.06,13,0.76
subj_64,Intrinsic Cause,take a walk,see something,jump up and down,reach for something,Direct,action,action,mind,action,0.54,6,-0.33,13,0.8700000000000001
subj_64,Intrinsic Cause,choose what to do,take a walk,see something,hear something,Intrinsic,mind,mind,action,mind,0.49,1,-0.13,13,0.62
subj_65,Intrinsic Cause,get tired,choose what to do,become hungry,feel scared,Intrinsic,bio,bio,mind,bio,0.53,3,-0.12,13,0.65
subj_65,Intrinsic Cause,become hungry,think about something,get tired,feel scared,Intrinsic,bio,bio,mind,bio,0.7,1,-0.06,13,0.76
subj_65,Intrinsic Cause,sit down,experience pain,take a walk,jump up and down,Intrinsic,action,action,bio,action,0.4,5,-0.57,13,0.97
subj_65,Intrinsic Cause,see something,take a walk,remember something,hear something,Intrinsic,mind,mind,action,mind,0.58,1,0.05,13,0.5299999999999999
subj_65,Intrinsic Cause,get sick,remember something,experience pain,become hungry,Intrinsic,bio,bio,mind,bio,0.52,3,-0.05,13,0.5700000000000001
subj_65,Intrinsic Cause,take a walk,see something,jump up and down,reach for something,Intrinsic,action,action,mind,action,0.54,6,-0.33,13,0.8700000000000001
subj_65,Intrinsic Cause,remember something,feel scared,think about something,hear something,Intrinsic,mind,mind,bio,mind,0.46,3,-0.09,12,0.55
subj_65,Intrinsic Cause,jump up and down,get tired,take a walk,sit down,Intrinsic,action,action,bio,action,0.66,2,-0.4,13,1.06
subj_65,Intrinsic Cause,choose what to do,take a walk,see something,hear something,Intrinsic,mind,mind,action,mind,0.49,1,-0.13,13,0.62
subj_66,Intrinsic Cause,sit down,experience pain,take a walk,jump up and down,Intrinsic,action,action,bio,action,0.4,5,-0.57,13,0.97
subj_66,Intrinsic Cause,choose what to do,take a walk,see something,hear something,Intrinsic,mind,mind,action,mind,0.49,1,-0.13,13,0.62
subj_66,Intrinsic Cause,get tired,choose what to do,become hungry,feel scared,Intrinsic,bio,bio,mind,bio,0.53,3,-0.12,13,0.65
subj_66,Intrinsic Cause,take a walk,see something,jump up and down,reach for something,Intrinsic,action,action,mind,action,0.54,6,-0.33,13,0.8700000000000001
subj_66,Intrinsic Cause,see something,take a walk,remember something,hear something,Direct,mind,mind,action,mind,0.58,1,0.05,13,0.5299999999999999
subj_66,Intrinsic Cause,remember something,feel scared,think about something,hear something,Direct,mind,mind,bio,mind,0.46,3,-0.09,12,0.55
subj_66,Intrinsic Cause,become hungry,think about something,get tired,feel scared,Intrinsic,bio,bio,mind,bio,0.7,1,-0.06,13,0.76
subj_66,Intrinsic Cause,get sick,remember something,experience pain,become hungry,Intrinsic,bio,bio,mind,bio,0.52,3,-0.05,13,0.5700000000000001
subj_66,Intrinsic Cause,jump up and down,get tired,take a walk,sit down,Intrinsic,action,action,bio,action,0.66,2,-0.4,13,1.06
subj_67,Intrinsic Cause,see something,take a walk,remember something,hear something,Intrinsic,mind,mind,action,mind,0.58,1,0.05,13,0.5299999999999999
subj_67,Intrinsic Cause,jump up and down,get tired,take a walk,sit down,Intrinsic,action,action,bio,action,0.66,2,-0.4,13,1.06
subj_67,Intrinsic Cause,become hungry,think about something,get tired,feel scared,Intrinsic,bio,bio,mind,bio,0.7,1,-0.06,13,0.76
subj_67,Intrinsic Cause,take a walk,see something,jump up and down,reach for something,Intrinsic,action,action,mind,action,0.54,6,-0.33,13,0.8700000000000001
subj_67,Intrinsic Cause,choose what to do,take a walk,see something,hear something,Direct,mind,mind,action,mind,0.49,1,-0.13,13,0.62
subj_67,Intrinsic Cause,get tired,choose what to do,become hungry,feel scared,Intrinsic,bio,bio,mind,bio,0.53,3,-0.12,13,0.65
subj_67,Intrinsic Cause,get sick,remember something,experience pain,become hungry,Intrinsic,bio,bio,mind,bio,0.52,3,-0.05,13,0.5700000000000001
subj_67,Intrinsic Cause,sit down,experience pain,take a walk,jump up and down,Intrinsic,action,action,bio,action,0.4,5,-0.57,13,0.97
subj_67,Intrinsic Cause,remember something,feel scared,think about something,hear something,Intrinsic,mind,mind,bio,mind,0.46,3,-0.09,12,0.55
subj_68,Intrinsic Cause,get sick,remember something,experience pain,become hungry,Intrinsic,bio,bio,mind,bio,0.52,3,-0.05,13,0.5700000000000001
subj_68,Intrinsic Cause,remember something,feel scared,think about something,hear something,Intrinsic,mind,mind,bio,mind,0.46,3,-0.09,12,0.55
subj_68,Intrinsic Cause,become hungry,think about something,get tired,feel scared,Intrinsic,bio,bio,mind,bio,0.7,1,-0.06,13,0.76
subj_68,Intrinsic Cause,choose what to do,take a walk,see something,hear something,Intrinsic,mind,mind,action,mind,0.49,1,-0.13,13,0.62
subj_68,Intrinsic Cause,sit down,experience pain,take a walk,jump up and down,Intrinsic,action,action,bio,action,0.4,5,-0.57,13,0.97
subj_68,Intrinsic Cause,get tired,choose what to do,become hungry,feel scared,Intrinsic,bio,bio,mind,bio,0.53,3,-0.12,13,0.65
subj_68,Intrinsic Cause,see something,take a walk,remember something,hear something,Intrinsic,mind,mind,action,mind,0.58,1,0.05,13,0.5299999999999999
subj_68,Intrinsic Cause,take a walk,see something,jump up and down,reach for something,Intrinsic,action,action,mind,action,0.54,6,-0.33,13,0.8700000000000001
subj_68,Intrinsic Cause,jump up and down,get tired,take a walk,sit down,Intrinsic,action,action,bio,action,0.66,2,-0.4,13,1.06
subj_69,Intrinsic Cause,become hungry,think about something,get tired,feel scared,Intrinsic,bio,bio,mind,bio,0.7,1,-0.06,13,0.76
subj_69,Intrinsic Cause,remember something,feel scared,think about something,hear something,Intrinsic,mind,mind,bio,mind,0.46,3,-0.09,12,0.55
subj_69,Intrinsic Cause,jump up and down,get tired,take a walk,sit down,Intrinsic,action,action,bio,action,0.66,2,-0.4,13,1.06
subj_69,Intrinsic Cause,choose what to do,take a walk,see something,hear something,Intrinsic,mind,mind,action,mind,0.49,1,-0.13,13,0.62
subj_69,Intrinsic Cause,see something,take a walk,remember something,hear something,Intrinsic,mind,mind,action,mind,0.58,1,0.05,13,0.5299999999999999
subj_69,Intrinsic Cause,sit down,experience pain,take a walk,jump up and down,Intrinsic,action,action,bio,action,0.4,5,-0.57,13,0.97
subj_69,Intrinsic Cause,get sick,remember something,experience pain,become hungry,Intrinsic,bio,bio,mind,bio,0.52,3,-0.05,13,0.5700000000000001
subj_69,Intrinsic Cause,get tired,choose what to do,become hungry,feel scared,Intrinsic,bio,bio,mind,bio,0.53,3,-0.12,13,0.65
subj_69,Intrinsic Cause,take a walk,see something,jump up and down,reach for something,Direct,action,action,mind,action,0.54,6,-0.33,13,0.8700000000000001
subj_70,Causal Chain,become hungry,think about something,get tired,feel scared,Direct,bio,bio,mind,bio,0.7,1,-0.06,13,0.76
subj_70,Causal Chain,get tired,choose what to do,become hungry,feel scared,Intrinsic,bio,bio,mind,bio,0.53,3,-0.12,13,0.65
subj_70,Causal Chain,take a walk,see something,jump up and down,reach for something,Direct,action,action,mind,action,0.54,6,-0.33,13,0.8700000000000001
subj_70,Causal Chain,jump up and down,get tired,take a walk,sit down,Direct,action,action,bio,action,0.66,2,-0.4,13,1.06
subj_70,Causal Chain,remember something,feel scared,think about something,hear something,Direct,mind,mind,bio,mind,0.46,3,-0.09,12,0.55
subj_70,Causal Chain,get sick,remember something,experience pain,become hungry,Intrinsic,bio,bio,mind,bio,0.52,3,-0.05,13,0.5700000000000001
subj_70,Causal Chain,choose what to do,take a walk,see something,hear something,Direct,mind,mind,action,mind,0.49,1,-0.13,13,0.62
subj_70,Causal Chain,see something,take a walk,remember something,hear something,Intrinsic,mind,mind,action,mind,0.58,1,0.05,13,0.5299999999999999
subj_70,Causal Chain,sit down,experience pain,take a walk,jump up and down,Direct,action,action,bio,action,0.4,5,-0.57,13,0.97
subj_71,Intrinsic Cause,get sick,remember something,experience pain,become hungry,Intrinsic,bio,bio,mind,bio,0.52,3,-0.05,13,0.5700000000000001
subj_71,Intrinsic Cause,see something,take a walk,remember something,hear something,Intrinsic,mind,mind,action,mind,0.58,1,0.05,13,0.5299999999999999
subj_71,Intrinsic Cause,become hungry,think about something,get tired,feel scared,Intrinsic,bio,bio,mind,bio,0.7,1,-0.06,13,0.76
subj_71,Intrinsic Cause,sit down,experience pain,take a walk,jump up and down,Intrinsic,action,action,bio,action,0.4,5,-0.57,13,0.97
subj_71,Intrinsic Cause,remember something,feel scared,think about something,hear something,Intrinsic,mind,mind,bio,mind,0.46,3,-0.09,12,0.55
subj_71,Intrinsic Cause,take a walk,see something,jump up and down,reach for something,Intrinsic,action,action,mind,action,0.54,6,-0.33,13,0.8700000000000001
subj_71,Intrinsic Cause,jump up and down,get tired,take a walk,sit down,Intrinsic,action,action,bio,action,0.66,2,-0.4,13,1.06
subj_71,Intrinsic Cause,get tired,choose what to do,become hungry,feel scared,Intrinsic,bio,bio,mind,bio,0.53,3,-0.12,13,0.65
subj_71,Intrinsic Cause,choose what to do,take a walk,see something,hear something,Intrinsic,mind,mind,action,mind,0.49,1,-0.13,13,0.62
subj_72,Intrinsic Cause,get tired,choose what to do,become hungry,feel scared,Intrinsic,bio,bio,mind,bio,0.53,3,-0.12,13,0.65
subj_72,Intrinsic Cause,become hungry,think about something,get tired,feel scared,Intrinsic,bio,bio,mind,bio,0.7,1,-0.06,13,0.76
subj_72,Intrinsic Cause,see something,take a walk,remember something,hear something,Intrinsic,mind,mind,action,mind,0.58,1,0.05,13,0.5299999999999999
subj_72,Intrinsic Cause,remember something,feel scared,think about something,hear something,Intrinsic,mind,mind,bio,mind,0.46,3,-0.09,12,0.55
subj_72,Intrinsic Cause,choose what to do,take a walk,see something,hear something,Intrinsic,mind,mind,action,mind,0.49,1,-0.13,13,0.62
subj_72,Intrinsic Cause,take a walk,see something,jump up and down,reach for something,Intrinsic,action,action,mind,action,0.54,6,-0.33,13,0.8700000000000001
subj_72,Intrinsic Cause,get sick,remember something,experience pain,become hungry,Intrinsic,bio,bio,mind,bio,0.52,3,-0.05,13,0.5700000000000001
subj_72,Intrinsic Cause,sit down,experience pain,take a walk,jump up and down,Intrinsic,action,action,bio,action,0.4,5,-0.57,13,0.97
subj_72,Intrinsic Cause,jump up and down,get tired,take a walk,sit down,Intrinsic,action,action,bio,action,0.66,2,-0.4,13,1.06
subj_73,Intrinsic Cause,get sick,remember something,experience pain,become hungry,Intrinsic,bio,bio,mind,bio,0.52,3,-0.05,13,0.5700000000000001
subj_73,Intrinsic Cause,choose what to do,take a walk,see something,hear something,Intrinsic,mind,mind,action,mind,0.49,1,-0.13,13,0.62
subj_73,Intrinsic Cause,take a walk,see something,jump up and down,reach for something,Intrinsic,action,action,mind,action,0.54,6,-0.33,13,0.8700000000000001
subj_73,Intrinsic Cause,become hungry,think about something,get tired,feel scared,Direct,bio,bio,mind,bio,0.7,1,-0.06,13,0.76
subj_73,Intrinsic Cause,remember something,feel scared,think about something,hear something,Intrinsic,mind,mind,bio,mind,0.46,3,-0.09,12,0.55
subj_73,Intrinsic Cause,sit down,experience pain,take a walk,jump up and down,Intrinsic,action,action,bio,action,0.4,5,-0.57,13,0.97
subj_73,Intrinsic Cause,get tired,choose what to do,become hungry,feel scared,Intrinsic,bio,bio,mind,bio,0.53,3,-0.12,13,0.65
subj_73,Intrinsic Cause,see something,take a walk,remember something,hear something,Intrinsic,mind,mind,action,mind,0.58,1,0.05,13,0.5299999999999999
subj_73,Intrinsic Cause,jump up and down,get tired,take a walk,sit down,Direct,action,action,bio,action,0.66,2,-0.4,13,1.06
subj_74,Intrinsic Cause,take a walk,see something,jump up and down,reach for something,Intrinsic,action,action,mind,action,0.54,6,-0.33,13,0.8700000000000001
subj_74,Intrinsic Cause,get sick,remember something,experience pain,become hungry,Intrinsic,bio,bio,mind,bio,0.52,3,-0.05,13,0.5700000000000001
subj_74,Intrinsic Cause,jump up and down,get tired,take a walk,sit down,Intrinsic,action,action,bio,action,0.66,2,-0.4,13,1.06
subj_74,Intrinsic Cause,get tired,choose what to do,become hungry,feel scared,Intrinsic,bio,bio,mind,bio,0.53,3,-0.12,13,0.65
subj_74,Intrinsic Cause,sit down,experience pain,take a walk,jump up and down,Intrinsic,action,action,bio,action,0.4,5,-0.57,13,0.97
subj_74,Intrinsic Cause,see something,take a walk,remember something,hear something,Intrinsic,mind,mind,action,mind,0.58,1,0.05,13,0.5299999999999999
subj_74,Intrinsic Cause,remember something,feel scared,think about something,hear something,Intrinsic,mind,mind,bio,mind,0.46,3,-0.09,12,0.55
subj_74,Intrinsic Cause,become hungry,think about something,get tired,feel scared,Direct,bio,bio,mind,bio,0.7,1,-0.06,13,0.76
subj_74,Intrinsic Cause,choose what to do,take a walk,see something,hear something,Intrinsic,mind,mind,action,mind,0.49,1,-0.13,13,0.62
subj_75,Causal Chain,get tired,choose what to do,become hungry,feel scared,Direct,bio,bio,mind,bio,0.53,3,-0.12,13,0.65
subj_75,Causal Chain,choose what to do,take a walk,see something,hear something,Direct,mind,mind,action,mind,0.49,1,-0.13,13,0.62
subj_75,Causal Chain,jump up and down,get tired,take a walk,sit down,Direct,action,action,bio,action,0.66,2,-0.4,13,1.06
subj_75,Causal Chain,remember something,feel scared,think about something,hear something,Direct,mind,mind,bio,mind,0.46,3,-0.09,12,0.55
subj_75,Causal Chain,become hungry,think about something,get tired,feel scared,Direct,bio,bio,mind,bio,0.7,1,-0.06,13,0.76
subj_75,Causal Chain,get sick,remember something,experience pain,become hungry,Direct,bio,bio,mind,bio,0.52,3,-0.05,13,0.5700000000000001
subj_75,Causal Chain,see something,take a walk,remember something,hear something,Direct,mind,mind,action,mind,0.58,1,0.05,13,0.5299999999999999
subj_75,Causal Chain,take a walk,see something,jump up and down,reach for something,Intrinsic,action,action,mind,action,0.54,6,-0.33,13,0.8700000000000001
subj_75,Causal Chain,sit down,experience pain,take a walk,jump up and down,Intrinsic,action,action,bio,action,0.4,5,-0.57,13,0.97
subj_76,Causal Chain,become hungry,think about something,get tired,feel scared,Intrinsic,bio,bio,mind,bio,0.7,1,-0.06,13,0.76
subj_76,Causal Chain,choose what to do,take a walk,see something,hear something,Intrinsic,mind,mind,action,mind,0.49,1,-0.13,13,0.62
subj_76,Causal Chain,take a walk,see something,jump up and down,reach for something,Intrinsic,action,action,mind,action,0.54,6,-0.33,13,0.8700000000000001
subj_76,Causal Chain,see something,take a walk,remember something,hear something,Intrinsic,mind,mind,action,mind,0.58,1,0.05,13,0.5299999999999999
subj_76,Causal Chain,get tired,choose what to do,become hungry,feel scared,Intrinsic,bio,bio,mind,bio,0.53,3,-0.12,13,0.65
subj_76,Causal Chain,sit down,experience pain,take a walk,jump up and down,Direct,action,action,bio,action,0.4,5,-0.57,13,0.97
subj_76,Causal Chain,remember something,feel scared,think about something,hear something,Direct,mind,mind,bio,mind,0.46,3,-0.09,12,0.55
subj_76,Causal Chain,jump up and down,get tired,take a walk,sit down,Direct,action,action,bio,action,0.66,2,-0.4,13,1.06
subj_76,Causal Chain,get sick,remember something,experience pain,become hungry,Intrinsic,bio,bio,mind,bio,0.52,3,-0.05,13,0.5700000000000001
subj_77,Intrinsic Cause,become hungry,think about something,get tired,feel scared,Intrinsic,bio,bio,mind,bio,0.7,1,-0.06,13,0.76
subj_77,Intrinsic Cause,see something,take a walk,remember something,hear something,Intrinsic,mind,mind,action,mind,0.58,1,0.05,13,0.5299999999999999
subj_77,Intrinsic Cause,choose what to do,take a walk,see something,hear something,Intrinsic,mind,mind,action,mind,0.49,1,-0.13,13,0.62
subj_77,Intrinsic Cause,get sick,remember something,experience pain,become hungry,Intrinsic,bio,bio,mind,bio,0.52,3,-0.05,13,0.5700000000000001
subj_77,Intrinsic Cause,take a walk,see something,jump up and down,reach for something,Intrinsic,action,action,mind,action,0.54,6,-0.33,13,0.8700000000000001
subj_77,Intrinsic Cause,get tired,choose what to do,become hungry,feel scared,Intrinsic,bio,bio,mind,bio,0.53,3,-0.12,13,0.65
subj_77,Intrinsic Cause,remember something,feel scared,think about something,hear something,Intrinsic,mind,mind,bio,mind,0.46,3,-0.09,12,0.55
subj_77,Intrinsic Cause,jump up and down,get tired,take a walk,sit down,Intrinsic,action,action,bio,action,0.66,2,-0.4,13,1.06
subj_77,Intrinsic Cause,sit down,experience pain,take a walk,jump up and down,Intrinsic,action,action,bio,action,0.4,5,-0.57,13,0.97
subj_78,Intrinsic Cause,remember something,feel scared,think about something,hear something,Intrinsic,mind,mind,bio,mind,0.46,3,-0.09,12,0.55
subj_78,Intrinsic Cause,see something,take a walk,remember something,hear something,Intrinsic,mind,mind,action,mind,0.58,1,0.05,13,0.5299999999999999
subj_78,Intrinsic Cause,become hungry,think about something,get tired,feel scared,Direct,bio,bio,mind,bio,0.7,1,-0.06,13,0.76
subj_78,Intrinsic Cause,jump up and down,get tired,take a walk,sit down,Direct,action,action,bio,action,0.66,2,-0.4,13,1.06
subj_78,Intrinsic Cause,sit down,experience pain,take a walk,jump up and down,Intrinsic,action,action,bio,action,0.4,5,-0.57,13,0.97
subj_78,Intrinsic Cause,get tired,choose what to do,become hungry,feel scared,Direct,bio,bio,mind,bio,0.53,3,-0.12,13,0.65
subj_78,Intrinsic Cause,choose what to do,take a walk,see something,hear something,Intrinsic,mind,mind,action,mind,0.49,1,-0.13,13,0.62
subj_78,Intrinsic Cause,take a walk,see something,jump up and down,reach for something,Direct,action,action,mind,action,0.54,6,-0.33,13,0.8700000000000001
subj_78,Intrinsic Cause,get sick,remember something,experience pain,become hungry,Intrinsic,bio,bio,mind,bio,0.52,3,-0.05,13,0.5700000000000001
subj_79,Intrinsic Cause,choose what to do,take a walk,see something,hear something,Intrinsic,mind,mind,action,mind,0.49,1,-0.13,13,0.62
subj_79,Intrinsic Cause,see something,take a walk,remember something,hear something,Intrinsic,mind,mind,action,mind,0.58,1,0.05,13,0.5299999999999999
subj_79,Intrinsic Cause,jump up and down,get tired,take a walk,sit down,Intrinsic,action,action,bio,action,0.66,2,-0.4,13,1.06
subj_79,Intrinsic Cause,get tired,choose what to do,become hungry,feel scared,Intrinsic,bio,bio,mind,bio,0.53,3,-0.12,13,0.65
subj_79,Intrinsic Cause,get sick,remember something,experience pain,become hungry,Intrinsic,bio,bio,mind,bio,0.52,3,-0.05,13,0.5700000000000001
subj_79,Intrinsic Cause,sit down,experience pain,take a walk,jump up and down,Intrinsic,action,action,bio,action,0.4,5,-0.57,13,0.97
subj_79,Intrinsic Cause,become hungry,think about something,get tired,feel scared,Intrinsic,bio,bio,mind,bio,0.7,1,-0.06,13,0.76
subj_79,Intrinsic Cause,take a walk,see something,jump up and down,reach for something,Intrinsic,action,action,mind,action,0.54,6,-0.33,13,0.8700000000000001
subj_79,Intrinsic Cause,remember something,feel scared,think about something,hear something,Intrinsic,mind,mind,bio,mind,0.46,3,-0.09,12,0.55
subj_80,Intrinsic Cause,sit down,experience pain,take a walk,jump up and down,Intrinsic,action,action,bio,action,0.4,5,-0.57,13,0.97
subj_80,Intrinsic Cause,take a walk,see something,jump up and down,reach for something,Intrinsic,action,action,mind,action,0.54,6,-0.33,13,0.8700000000000001
subj_80,Intrinsic Cause,remember something,feel scared,think about something,hear something,Intrinsic,mind,mind,bio,mind,0.46,3,-0.09,12,0.55
subj_80,Intrinsic Cause,see something,take a walk,remember something,hear something,Intrinsic,mind,mind,action,mind,0.58,1,0.05,13,0.5299999999999999
subj_80,Intrinsic Cause,jump up and down,get tired,take a walk,sit down,Intrinsic,action,action,bio,action,0.66,2,-0.4,13,1.06
subj_80,Intrinsic Cause,get sick,remember something,experience pain,become hungry,Intrinsic,bio,bio,mind,bio,0.52,3,-0.05,13,0.5700000000000001
subj_80,Intrinsic Cause,choose what to do,take a walk,see something,hear something,Intrinsic,mind,mind,action,mind,0.49,1,-0.13,13,0.62
subj_80,Intrinsic Cause,become hungry,think about something,get tired,feel scared,Intrinsic,bio,bio,mind,bio,0.7,1,-0.06,13,0.76
subj_80,Intrinsic Cause,get tired,choose what to do,become hungry,feel scared,Intrinsic,bio,bio,mind,bio,0.53,3,-0.12,13,0.65
subj_81,Intrinsic Cause,choose what to do,take a walk,see something,hear something,Intrinsic,mind,mind,action,mind,0.49,1,-0.13,13,0.62
subj_81,Intrinsic Cause,take a walk,see something,jump up and down,reach for something,Intrinsic,action,action,mind,action,0.54,6,-0.33,13,0.8700000000000001
subj_81,Intrinsic Cause,see something,take a walk,remember something,hear something,Intrinsic,mind,mind,action,mind,0.58,1,0.05,13,0.5299999999999999
subj_81,Intrinsic Cause,get tired,choose what to do,become hungry,feel scared,Direct,bio,bio,mind,bio,0.53,3,-0.12,13,0.65
subj_81,Intrinsic Cause,jump up and down,get tired,take a walk,sit down,Intrinsic,action,action,bio,action,0.66,2,-0.4,13,1.06
subj_81,Intrinsic Cause,remember something,feel scared,think about something,hear something,Intrinsic,mind,mind,bio,mind,0.46,3,-0.09,12,0.55
subj_81,Intrinsic Cause,become hungry,think about something,get tired,feel scared,Intrinsic,bio,bio,mind,bio,0.7,1,-0.06,13,0.76
subj_81,Intrinsic Cause,get sick,remember something,experience pain,become hungry,Intrinsic,bio,bio,mind,bio,0.52,3,-0.05,13,0.5700000000000001
subj_81,Intrinsic Cause,sit down,experience pain,take a walk,jump up and down,Intrinsic,action,action,bio,action,0.4,5,-0.57,13,0.97
subj_82,Intrinsic Cause,see something,take a walk,remember something,hear something,Intrinsic,mind,mind,action,mind,0.58,1,0.05,13,0.5299999999999999
subj_82,Intrinsic Cause,sit down,experience pain,take a walk,jump up and down,Direct,action,action,bio,action,0.4,5,-0.57,13,0.97
subj_82,Intrinsic Cause,take a walk,see something,jump up and down,reach for something,Intrinsic,action,action,mind,action,0.54,6,-0.33,13,0.8700000000000001
subj_82,Intrinsic Cause,become hungry,think about something,get tired,feel scared,Intrinsic,bio,bio,mind,bio,0.7,1,-0.06,13,0.76
subj_82,Intrinsic Cause,get tired,choose what to do,become hungry,feel scared,Intrinsic,bio,bio,mind,bio,0.53,3,-0.12,13,0.65
subj_82,Intrinsic Cause,jump up and down,get tired,take a walk,sit down,Intrinsic,action,action,bio,action,0.66,2,-0.4,13,1.06
subj_82,Intrinsic Cause,get sick,remember something,experience pain,become hungry,Intrinsic,bio,bio,mind,bio,0.52,3,-0.05,13,0.5700000000000001
subj_82,Intrinsic Cause,choose what to do,take a walk,see something,hear something,Intrinsic,mind,mind,action,mind,0.49,1,-0.13,13,0.62
subj_82,Intrinsic Cause,remember something,feel scared,think about something,hear something,Direct,mind,mind,bio,mind,0.46,3,-0.09,12,0.55
subj_83,Causal Chain,choose what to do,take a walk,see something,hear something,Intrinsic,mind,mind,action,mind,0.49,1,-0.13,13,0.62
subj_83,Causal Chain,jump up and down,get tired,take a walk,sit down,Direct,action,action,bio,action,0.66,2,-0.4,13,1.06
subj_83,Causal Chain,sit down,experience pain,take a walk,jump up and down,Intrinsic,action,action,bio,action,0.4,5,-0.57,13,0.97
subj_83,Causal Chain,remember something,feel scared,think about something,hear something,Intrinsic,mind,mind,bio,mind,0.46,3,-0.09,12,0.55
subj_83,Causal Chain,become hungry,think about something,get tired,feel scared,Direct,bio,bio,mind,bio,0.7,1,-0.06,13,0.76
subj_83,Causal Chain,get tired,choose what to do,become hungry,feel scared,Direct,bio,bio,mind,bio,0.53,3,-0.12,13,0.65
subj_83,Causal Chain,take a walk,see something,jump up and down,reach for something,Direct,action,action,mind,action,0.54,6,-0.33,13,0.8700000000000001
subj_83,Causal Chain,get sick,remember something,experience pain,become hungry,Intrinsic,bio,bio,mind,bio,0.52,3,-0.05,13,0.5700000000000001
subj_83,Causal Chain,see something,take a walk,remember something,hear something,Intrinsic,mind,mind,action,mind,0.58,1,0.05,13,0.5299999999999999
subj_84,Causal Chain,sit down,experience pain,take a walk,jump up and down,Direct,action,action,bio,action,0.4,5,-0.57,13,0.97
subj_84,Causal Chain,get sick,remember something,experience pain,become hungry,Intrinsic,bio,bio,mind,bio,0.52,3,-0.05,13,0.5700000000000001
subj_84,Causal Chain,become hungry,think about something,get tired,feel scared,Direct,bio,bio,mind,bio,0.7,1,-0.06,13,0.76
subj_84,Causal Chain,jump up and down,get tired,take a walk,sit down,Direct,action,action,bio,action,0.66,2,-0.4,13,1.06
subj_84,Causal Chain,take a walk,see something,jump up and down,reach for something,Direct,action,action,mind,action,0.54,6,-0.33,13,0.8700000000000001
subj_84,Causal Chain,get tired,choose what to do,become hungry,feel scared,Intrinsic,bio,bio,mind,bio,0.53,3,-0.12,13,0.65
subj_84,Causal Chain,remember something,feel scared,think about something,hear something,Intrinsic,mind,mind,bio,mind,0.46,3,-0.09,12,0.55
subj_84,Causal Chain,choose what to do,take a walk,see something,hear something,Direct,mind,mind,action,mind,0.49,1,-0.13,13,0.62
subj_84,Causal Chain,see something,take a walk,remember something,hear something,Direct,mind,mind,action,mind,0.58,1,0.05,13,0.5299999999999999
subj_85,Intrinsic Cause,take a walk,see something,jump up and down,reach for something,Intrinsic,action,action,mind,action,0.54,6,-0.33,13,0.8700000000000001
subj_85,Intrinsic Cause,choose what to do,take a walk,see something,hear something,Intrinsic,mind,mind,action,mind,0.49,1,-0.13,13,0.62
subj_85,Intrinsic Cause,jump up and down,get tired,take a walk,sit down,Intrinsic,action,action,bio,action,0.66,2,-0.4,13,1.06
subj_85,Intrinsic Cause,get sick,remember something,experience pain,become hungry,Intrinsic,bio,bio,mind,bio,0.52,3,-0.05,13,0.5700000000000001
subj_85,Intrinsic Cause,remember something,feel scared,think about something,hear something,Intrinsic,mind,mind,bio,mind,0.46,3,-0.09,12,0.55
subj_85,Intrinsic Cause,sit down,experience pain,take a walk,jump up and down,Intrinsic,action,action,bio,action,0.4,5,-0.57,13,0.97
subj_85,Intrinsic Cause,see something,take a walk,remember something,hear something,Intrinsic,mind,mind,action,mind,0.58,1,0.05,13,0.5299999999999999
subj_85,Intrinsic Cause,become hungry,think about something,get tired,feel scared,Intrinsic,bio,bio,mind,bio,0.7,1,-0.06,13,0.76
subj_85,Intrinsic Cause,get tired,choose what to do,become hungry,feel scared,Direct,bio,bio,mind,bio,0.53,3,-0.12,13,0.65
subj_86,Intrinsic Cause,get tired,choose what to do,become hungry,feel scared,Intrinsic,bio,bio,mind,bio,0.53,3,-0.12,13,0.65
subj_86,Intrinsic Cause,see something,take a walk,remember something,hear something,Intrinsic,mind,mind,action,mind,0.58,1,0.05,13,0.5299999999999999
subj_86,Intrinsic Cause,jump up and down,get tired,take a walk,sit down,Intrinsic,action,action,bio,action,0.66,2,-0.4,13,1.06
subj_86,Intrinsic Cause,take a walk,see something,jump up and down,reach for something,Intrinsic,action,action,mind,action,0.54,6,-0.33,13,0.8700000000000001
subj_86,Intrinsic Cause,remember something,feel scared,think about something,hear something,Intrinsic,mind,mind,bio,mind,0.46,3,-0.09,12,0.55
subj_86,Intrinsic Cause,sit down,experience pain,take a walk,jump up and down,Intrinsic,action,action,bio,action,0.4,5,-0.57,13,0.97
subj_86,Intrinsic Cause,become hungry,think about something,get tired,feel scared,Intrinsic,bio,bio,mind,bio,0.7,1,-0.06,13,0.76
subj_86,Intrinsic Cause,get sick,remember something,experience pain,become hungry,Intrinsic,bio,bio,mind,bio,0.52,3,-0.05,13,0.5700000000000001
subj_86,Intrinsic Cause,choose what to do,take a walk,see something,hear something,Intrinsic,mind,mind,action,mind,0.49,1,-0.13,13,0.62
subj_87,Causal Chain,remember something,feel scared,think about something,hear something,Intrinsic,mind,mind,bio,mind,0.46,3,-0.09,12,0.55
subj_87,Causal Chain,get sick,remember something,experience pain,become hungry,Intrinsic,bio,bio,mind,bio,0.52,3,-0.05,13,0.5700000000000001
subj_87,Causal Chain,become hungry,think about something,get tired,feel scared,Direct,bio,bio,mind,bio,0.7,1,-0.06,13,0.76
subj_87,Causal Chain,sit down,experience pain,take a walk,jump up and down,Intrinsic,action,action,bio,action,0.4,5,-0.57,13,0.97
subj_87,Causal Chain,get tired,choose what to do,become hungry,feel scared,Intrinsic,bio,bio,mind,bio,0.53,3,-0.12,13,0.65
subj_87,Causal Chain,jump up and down,get tired,take a walk,sit down,Direct,action,action,bio,action,0.66,2,-0.4,13,1.06
subj_87,Causal Chain,see something,take a walk,remember something,hear something,Intrinsic,mind,mind,action,mind,0.58,1,0.05,13,0.5299999999999999
subj_87,Causal Chain,choose what to do,take a walk,see something,hear something,Intrinsic,mind,mind,action,mind,0.49,1,-0.13,13,0.62
subj_87,Causal Chain,take a walk,see something,jump up and down,reach for something,Direct,action,action,mind,action,0.54,6,-0.33,13,0.8700000000000001
subj_88,Intrinsic Cause,take a walk,see something,jump up and down,reach for something,Intrinsic,action,action,mind,action,0.54,6,-0.33,13,0.8700000000000001
subj_88,Intrinsic Cause,sit down,experience pain,take a walk,jump up and down,Intrinsic,action,action,bio,action,0.4,5,-0.57,13,0.97
subj_88,Intrinsic Cause,jump up and down,get tired,take a walk,sit down,Intrinsic,action,action,bio,action,0.66,2,-0.4,13,1.06
subj_88,Intrinsic Cause,become hungry,think about something,get tired,feel scared,Intrinsic,bio,bio,mind,bio,0.7,1,-0.06,13,0.76
subj_88,Intrinsic Cause,get sick,remember something,experience pain,become hungry,Intrinsic,bio,bio,mind,bio,0.52,3,-0.05,13,0.5700000000000001
subj_88,Intrinsic Cause,see something,take a walk,remember something,hear something,Intrinsic,mind,mind,action,mind,0.58,1,0.05,13,0.5299999999999999
subj_88,Intrinsic Cause,get tired,choose what to do,become hungry,feel scared,Direct,bio,bio,mind,bio,0.53,3,-0.12,13,0.65
subj_88,Intrinsic Cause,remember something,feel scared,think about something,hear something,Intrinsic,mind,mind,bio,mind,0.46,3,-0.09,12,0.55
subj_88,Intrinsic Cause,choose what to do,take a walk,see something,hear something,Intrinsic,mind,mind,action,mind,0.49,1,-0.13,13,0.62
subj_89,Intrinsic Cause,take a walk,see something,jump up and down,reach for something,Intrinsic,action,action,mind,action,0.54,6,-0.33,13,0.8700000000000001
subj_89,Intrinsic Cause,see something,take a walk,remember something,hear something,Intrinsic,mind,mind,action,mind,0.58,1,0.05,13,0.5299999999999999
subj_89,Intrinsic Cause,become hungry,think about something,get tired,feel scared,Intrinsic,bio,bio,mind,bio,0.7,1,-0.06,13,0.76
subj_89,Intrinsic Cause,jump up and down,get tired,take a walk,sit down,Intrinsic,action,action,bio,action,0.66,2,-0.4,13,1.06
subj_89,Intrinsic Cause,choose what to do,take a walk,see something,hear something,Intrinsic,mind,mind,action,mind,0.49,1,-0.13,13,0.62
subj_89,Intrinsic Cause,remember something,feel scared,think about something,hear something,Intrinsic,mind,mind,bio,mind,0.46,3,-0.09,12,0.55
subj_89,Intrinsic Cause,get sick,remember something,experience pain,become hungry,Intrinsic,bio,bio,mind,bio,0.52,3,-0.05,13,0.5700000000000001
subj_89,Intrinsic Cause,sit down,experience pain,take a walk,jump up and down,Intrinsic,action,action,bio,action,0.4,5,-0.57,13,0.97
subj_89,Intrinsic Cause,get tired,choose what to do,become hungry,feel scared,Intrinsic,bio,bio,mind,bio,0.53,3,-0.12,13,0.65
subj_90,Causal Chain,sit down,experience pain,take a walk,jump up and down,Direct,action,action,bio,action,0.4,5,-0.57,13,0.97
subj_90,Causal Chain,get sick,remember something,experience pain,become hungry,Intrinsic,bio,bio,mind,bio,0.52,3,-0.05,13,0.5700000000000001
subj_90,Causal Chain,see something,take a walk,remember something,hear something,Direct,mind,mind,action,mind,0.58,1,0.05,13,0.5299999999999999
subj_90,Causal Chain,get tired,choose what to do,become hungry,feel scared,Intrinsic,bio,bio,mind,bio,0.53,3,-0.12,13,0.65
subj_90,Causal Chain,become hungry,think about something,get tired,feel scared,Direct,bio,bio,mind,bio,0.7,1,-0.06,13,0.76
subj_90,Causal Chain,take a walk,see something,jump up and down,reach for something,Direct,action,action,mind,action,0.54,6,-0.33,13,0.8700000000000001
subj_90,Causal Chain,jump up and down,get tired,take a walk,sit down,Direct,action,action,bio,action,0.66,2,-0.4,13,1.06
subj_90,Causal Chain,choose what to do,take a walk,see something,hear something,Direct,mind,mind,action,mind,0.49,1,-0.13,13,0.62
subj_90,Causal Chain,remember something,feel scared,think about something,hear something,Direct,mind,mind,bio,mind,0.46,3,-0.09,12,0.55
subj_91,Intrinsic Cause,take a walk,see something,jump up and down,reach for something,Intrinsic,action,action,mind,action,0.54,6,-0.33,13,0.8700000000000001
subj_91,Intrinsic Cause,remember something,feel scared,think about something,hear something,Intrinsic,mind,mind,bio,mind,0.46,3,-0.09,12,0.55
subj_91,Intrinsic Cause,see something,take a walk,remember something,hear something,Intrinsic,mind,mind,action,mind,0.58,1,0.05,13,0.5299999999999999
subj_91,Intrinsic Cause,choose what to do,take a walk,see something,hear something,Intrinsic,mind,mind,action,mind,0.49,1,-0.13,13,0.62
subj_91,Intrinsic Cause,jump up and down,get tired,take a walk,sit down,Direct,action,action,bio,action,0.66,2,-0.4,13,1.06
subj_91,Intrinsic Cause,sit down,experience pain,take a walk,jump up and down,Intrinsic,action,action,bio,action,0.4,5,-0.57,13,0.97
subj_91,Intrinsic Cause,get sick,remember something,experience pain,become hungry,Intrinsic,bio,bio,mind,bio,0.52,3,-0.05,13,0.5700000000000001
subj_91,Intrinsic Cause,get tired,choose what to do,become hungry,feel scared,Direct,bio,bio,mind,bio,0.53,3,-0.12,13,0.65
subj_91,Intrinsic Cause,become hungry,think about something,get tired,feel scared,Intrinsic,bio,bio,mind,bio,0.7,1,-0.06,13,0.76
subj_92,Intrinsic Cause,jump up and down,get tired,take a walk,sit down,Direct,action,action,bio,action,0.66,2,-0.4,13,1.06
subj_92,Intrinsic Cause,remember something,feel scared,think about something,hear something,Intrinsic,mind,mind,bio,mind,0.46,3,-0.09,12,0.55
subj_92,Intrinsic Cause,get tired,choose what to do,become hungry,feel scared,Intrinsic,bio,bio,mind,bio,0.53,3,-0.12,13,0.65
subj_92,Intrinsic Cause,get sick,remember something,experience pain,become hungry,Intrinsic,bio,bio,mind,bio,0.52,3,-0.05,13,0.5700000000000001
subj_92,Intrinsic Cause,sit down,experience pain,take a walk,jump up and down,Intrinsic,action,action,bio,action,0.4,5,-0.57,13,0.97
subj_92,Intrinsic Cause,take a walk,see something,jump up and down,reach for something,Direct,action,action,mind,action,0.54,6,-0.33,13,0.8700000000000001
subj_92,Intrinsic Cause,choose what to do,take a walk,see something,hear something,Intrinsic,mind,mind,action,mind,0.49,1,-0.13,13,0.62
subj_92,Intrinsic Cause,see something,take a walk,remember something,hear something,Intrinsic,mind,mind,action,mind,0.58,1,0.05,13,0.5299999999999999
subj_92,Intrinsic Cause,become hungry,think about something,get tired,feel scared,Intrinsic,bio,bio,mind,bio,0.7,1,-0.06,13,0.76
subj_93,Causal Chain,become hungry,think about something,get tired,feel scared,Direct,bio,bio,mind,bio,0.7,1,-0.06,13,0.76
subj_93,Causal Chain,choose what to do,take a walk,see something,hear something,Direct,mind,mind,action,mind,0.49,1,-0.13,13,0.62
subj_93,Causal Chain,get tired,choose what to do,become hungry,feel scared,Intrinsic,bio,bio,mind,bio,0.53,3,-0.12,13,0.65
subj_93,Causal Chain,sit down,experience pain,take a walk,jump up and down,Direct,action,action,bio,action,0.4,5,-0.57,13,0.97
subj_93,Causal Chain,see something,take a walk,remember something,hear something,Intrinsic,mind,mind,action,mind,0.58,1,0.05,13,0.5299999999999999
subj_93,Causal Chain,take a walk,see something,jump up and down,reach for something,Direct,action,action,mind,action,0.54,6,-0.33,13,0.8700000000000001
subj_93,Causal Chain,remember something,feel scared,think about something,hear something,Direct,mind,mind,bio,mind,0.46,3,-0.09,12,0.55
subj_93,Causal Chain,jump up and down,get tired,take a walk,sit down,Direct,action,action,bio,action,0.66,2,-0.4,13,1.06
subj_93,Causal Chain,get sick,remember something,experience pain,become hungry,Intrinsic,bio,bio,mind,bio,0.52,3,-0.05,13,0.5700000000000001
subj_94,Intrinsic Cause,see something,take a walk,remember something,hear something,Intrinsic,mind,mind,action,mind,0.58,1,0.05,13,0.5299999999999999
subj_94,Intrinsic Cause,choose what to do,take a walk,see something,hear something,Intrinsic,mind,mind,action,mind,0.49,1,-0.13,13,0.62
subj_94,Intrinsic Cause,take a walk,see something,jump up and down,reach for something,Intrinsic,action,action,mind,action,0.54,6,-0.33,13,0.8700000000000001
subj_94,Intrinsic Cause,get sick,remember something,experience pain,become hungry,Intrinsic,bio,bio,mind,bio,0.52,3,-0.05,13,0.5700000000000001
subj_94,Intrinsic Cause,get tired,choose what to do,become hungry,feel scared,Intrinsic,bio,bio,mind,bio,0.53,3,-0.12,13,0.65
subj_94,Intrinsic Cause,jump up and down,get tired,take a walk,sit down,Intrinsic,action,action,bio,action,0.66,2,-0.4,13,1.06
subj_94,Intrinsic Cause,become hungry,think about something,get tired,feel scared,Intrinsic,bio,bio,mind,bio,0.7,1,-0.06,13,0.76
subj_94,Intrinsic Cause,remember something,feel scared,think about something,hear something,Intrinsic,mind,mind,bio,mind,0.46,3,-0.09,12,0.55
subj_94,Intrinsic Cause,sit down,experience pain,take a walk,jump up and down,Intrinsic,action,action,bio,action,0.4,5,-0.57,13,0.97
subj_95,Causal Chain,remember something,feel scared,think about something,hear something,Direct,mind,mind,bio,mind,0.46,3,-0.09,12,0.55
subj_95,Causal Chain,choose what to do,take a walk,see something,hear something,Intrinsic,mind,mind,action,mind,0.49,1,-0.13,13,0.62
subj_95,Causal Chain,jump up and down,get tired,take a walk,sit down,Direct,action,action,bio,action,0.66,2,-0.4,13,1.06
subj_95,Causal Chain,sit down,experience pain,take a walk,jump up and down,Direct,action,action,bio,action,0.4,5,-0.57,13,0.97
subj_95,Causal Chain,become hungry,think about something,get tired,feel scared,Direct,bio,bio,mind,bio,0.7,1,-0.06,13,0.76
subj_95,Causal Chain,take a walk,see something,jump up and down,reach for something,Direct,action,action,mind,action,0.54,6,-0.33,13,0.8700000000000001
subj_95,Causal Chain,get sick,remember something,experience pain,become hungry,Intrinsic,bio,bio,mind,bio,0.52,3,-0.05,13,0.5700000000000001
subj_95,Causal Chain,get tired,choose what to do,become hungry,feel scared,Direct,bio,bio,mind,bio,0.53,3,-0.12,13,0.65
subj_95,Causal Chain,see something,take a walk,remember something,hear something,Direct,mind,mind,action,mind,0.58,1,0.05,13,0.5299999999999999
subj_96,Causal Chain,sit down,experience pain,take a walk,jump up and down,Direct,action,action,bio,action,0.4,5,-0.57,13,0.97
subj_96,Causal Chain,take a walk,see something,jump up and down,reach for something,Direct,action,action,mind,action,0.54,6,-0.33,13,0.8700000000000001
subj_96,Causal Chain,become hungry,think about something,get tired,feel scared,Direct,bio,bio,mind,bio,0.7,1,-0.06,13,0.76
subj_96,Causal Chain,choose what to do,take a walk,see something,hear something,Intrinsic,mind,mind,action,mind,0.49,1,-0.13,13,0.62
subj_96,Causal Chain,see something,take a walk,remember something,hear something,Intrinsic,mind,mind,action,mind,0.58,1,0.05,13,0.5299999999999999
subj_96,Causal Chain,jump up and down,get tired,take a walk,sit down,Direct,action,action,bio,action,0.66,2,-0.4,13,1.06
subj_96,Causal Chain,get tired,choose what to do,become hungry,feel scared,Intrinsic,bio,bio,mind,bio,0.53,3,-0.12,13,0.65
subj_96,Causal Chain,remember something,feel scared,think about something,hear something,Direct,mind,mind,bio,mind,0.46,3,-0.09,12,0.55
subj_96,Causal Chain,get sick,remember something,experience pain,become hungry,Intrinsic,bio,bio,mind,bio,0.52,3,-0.05,13,0.5700000000000001
subj_97,Causal Chain,get tired,choose what to do,become hungry,feel scared,Intrinsic,bio,bio,mind,bio,0.53,3,-0.12,13,0.65
subj_97,Causal Chain,become hungry,think about something,get tired,feel scared,Direct,bio,bio,mind,bio,0.7,1,-0.06,13,0.76
subj_97,Causal Chain,jump up and down,get tired,take a walk,sit down,Direct,action,action,bio,action,0.66,2,-0.4,13,1.06
subj_97,Causal Chain,get sick,remember something,experience pain,become hungry,Direct,bio,bio,mind,bio,0.52,3,-0.05,13,0.5700000000000001
subj_97,Causal Chain,remember something,feel scared,think about something,hear something,Direct,mind,mind,bio,mind,0.46,3,-0.09,12,0.55
subj_97,Causal Chain,take a walk,see something,jump up and down,reach for something,Direct,action,action,mind,action,0.54,6,-0.33,13,0.8700000000000001
subj_97,Causal Chain,see something,take a walk,remember something,hear something,Intrinsic,mind,mind,action,mind,0.58,1,0.05,13,0.5299999999999999
subj_97,Causal Chain,sit down,experience pain,take a walk,jump up and down,Direct,action,action,bio,action,0.4,5,-0.57,13,0.97
subj_97,Causal Chain,choose what to do,take a walk,see something,hear something,Direct,mind,mind,action,mind,0.49,1,-0.13,13,0.62
subj_98,Intrinsic Cause,become hungry,think about something,get tired,feel scared,Intrinsic,bio,bio,mind,bio,0.7,1,-0.06,13,0.76
subj_98,Intrinsic Cause,sit down,experience pain,take a walk,jump up and down,Intrinsic,action,action,bio,action,0.4,5,-0.57,13,0.97
subj_98,Intrinsic Cause,jump up and down,get tired,take a walk,sit down,Intrinsic,action,action,bio,action,0.66,2,-0.4,13,1.06
subj_98,Intrinsic Cause,get sick,remember something,experience pain,become hungry,Intrinsic,bio,bio,mind,bio,0.52,3,-0.05,13,0.5700000000000001
subj_98,Intrinsic Cause,see something,take a walk,remember something,hear something,Intrinsic,mind,mind,action,mind,0.58,1,0.05,13,0.5299999999999999
subj_98,Intrinsic Cause,get tired,choose what to do,become hungry,feel scared,Intrinsic,bio,bio,mind,bio,0.53,3,-0.12,13,0.65
subj_98,Intrinsic Cause,choose what to do,take a walk,see something,hear something,Direct,mind,mind,action,mind,0.49,1,-0.13,13,0.62
subj_98,Intrinsic Cause,remember something,feel scared,think about something,hear something,Direct,mind,mind,bio,mind,0.46,3,-0.09,12,0.55
subj_98,Intrinsic Cause,take a walk,see something,jump up and down,reach for something,Intrinsic,action,action,mind,action,0.54,6,-0.33,13,0.8700000000000001
subj_99,Intrinsic Cause,take a walk,see something,jump up and down,reach for something,Intrinsic,action,action,mind,action,0.54,6,-0.33,13,0.8700000000000001
subj_99,Intrinsic Cause,choose what to do,take a walk,see something,hear something,Intrinsic,mind,mind,action,mind,0.49,1,-0.13,13,0.62
subj_99,Intrinsic Cause,sit down,experience pain,take a walk,jump up and down,Intrinsic,action,action,bio,action,0.4,5,-0.57,13,0.97
subj_99,Intrinsic Cause,jump up and down,get tired,take a walk,sit down,Intrinsic,action,action,bio,action,0.66,2,-0.4,13,1.06
subj_99,Intrinsic Cause,see something,take a walk,remember something,hear something,Intrinsic,mind,mind,action,mind,0.58,1,0.05,13,0.5299999999999999
subj_99,Intrinsic Cause,get tired,choose what to do,become hungry,feel scared,Intrinsic,bio,bio,mind,bio,0.53,3,-0.12,13,0.65
subj_99,Intrinsic Cause,remember something,feel scared,think about something,hear something,Intrinsic,mind,mind,bio,mind,0.46,3,-0.09,12,0.55
subj_99,Intrinsic Cause,become hungry,think about something,get tired,feel scared,Intrinsic,bio,bio,mind,bio,0.7,1,-0.06,13,0.76
subj_99,Intrinsic Cause,get sick,remember something,experience pain,become hungry,Intrinsic,bio,bio,mind,bio,0.52,3,-0.05,13,0.5700000000000001
subj_100,Intrinsic Cause,choose what to do,take a walk,see something,hear something,Intrinsic,mind,mind,action,mind,0.49,1,-0.13,13,0.62
subj_100,Intrinsic Cause,remember something,feel scared,think about something,hear something,Intrinsic,mind,mind,bio,mind,0.46,3,-0.09,12,0.55
subj_100,Intrinsic Cause,jump up and down,get tired,take a walk,sit down,Direct,action,action,bio,action,0.66,2,-0.4,13,1.06
subj_100,Intrinsic Cause,take a walk,see something,jump up and down,reach for something,Direct,action,action,mind,action,0.54,6,-0.33,13,0.8700000000000001
subj_100,Intrinsic Cause,become hungry,think about something,get tired,feel scared,Direct,bio,bio,mind,bio,0.7,1,-0.06,13,0.76
subj_100,Intrinsic Cause,sit down,experience pain,take a walk,jump up and down,Direct,action,action,bio,action,0.4,5,-0.57,13,0.97
subj_100,Intrinsic Cause,get tired,choose what to do,become hungry,feel scared,Intrinsic,bio,bio,mind,bio,0.53,3,-0.12,13,0.65
subj_100,Intrinsic Cause,get sick,remember something,experience pain,become hungry,Intrinsic,bio,bio,mind,bio,0.52,3,-0.05,13,0.5700000000000001
subj_100,Intrinsic Cause,see something,take a walk,remember something,hear something,Intrinsic,mind,mind,action,mind,0.58,1,0.05,13,0.5299999999999999
subj_101,Causal Chain,remember something,feel scared,think about something,hear something,Direct,mind,mind,bio,mind,0.46,3,-0.09,12,0.55
subj_101,Causal Chain,take a walk,see something,jump up and down,reach for something,Intrinsic,action,action,mind,action,0.54,6,-0.33,13,0.8700000000000001
subj_101,Causal Chain,choose what to do,take a walk,see something,hear something,Direct,mind,mind,action,mind,0.49,1,-0.13,13,0.62
subj_101,Causal Chain,get tired,choose what to do,become hungry,feel scared,Intrinsic,bio,bio,mind,bio,0.53,3,-0.12,13,0.65
subj_101,Causal Chain,jump up and down,get tired,take a walk,sit down,Direct,action,action,bio,action,0.66,2,-0.4,13,1.06
subj_101,Causal Chain,sit down,experience pain,take a walk,jump up and down,Direct,action,action,bio,action,0.4,5,-0.57,13,0.97
subj_101,Causal Chain,get sick,remember something,experience pain,become hungry,Intrinsic,bio,bio,mind,bio,0.52,3,-0.05,13,0.5700000000000001
subj_101,Causal Chain,become hungry,think about something,get tired,feel scared,Intrinsic,bio,bio,mind,bio,0.7,1,-0.06,13,0.76
subj_101,Causal Chain,see something,take a walk,remember something,hear something,Intrinsic,mind,mind,action,mind,0.58,1,0.05,13,0.5299999999999999
subj_102,Intrinsic Cause,take a walk,see something,jump up and down,reach for something,Intrinsic,action,action,mind,action,0.54,6,-0.33,13,0.8700000000000001
subj_102,Intrinsic Cause,see something,take a walk,remember something,hear something,Direct,mind,mind,action,mind,0.58,1,0.05,13,0.5299999999999999
subj_102,Intrinsic Cause,get tired,choose what to do,become hungry,feel scared,Intrinsic,bio,bio,mind,bio,0.53,3,-0.12,13,0.65
subj_102,Intrinsic Cause,become hungry,think about something,get tired,feel scared,Intrinsic,bio,bio,mind,bio,0.7,1,-0.06,13,0.76
subj_102,Intrinsic Cause,jump up and down,get tired,take a walk,sit down,Intrinsic,action,action,bio,action,0.66,2,-0.4,13,1.06
subj_102,Intrinsic Cause,choose what to do,take a walk,see something,hear something,Intrinsic,mind,mind,action,mind,0.49,1,-0.13,13,0.62
subj_102,Intrinsic Cause,remember something,feel scared,think about something,hear something,Intrinsic,mind,mind,bio,mind,0.46,3,-0.09,12,0.55
subj_102,Intrinsic Cause,sit down,experience pain,take a walk,jump up and down,Intrinsic,action,action,bio,action,0.4,5,-0.57,13,0.97
subj_102,Intrinsic Cause,get sick,remember something,experience pain,become hungry,Intrinsic,bio,bio,mind,bio,0.52,3,-0.05,13,0.5700000000000001
subj_103,Causal Chain,get sick,remember something,experience pain,become hungry,Intrinsic,bio,bio,mind,bio,0.52,3,-0.05,13,0.5700000000000001
subj_103,Causal Chain,remember something,feel scared,think about something,hear something,Direct,mind,mind,bio,mind,0.46,3,-0.09,12,0.55
subj_103,Causal Chain,become hungry,think about something,get tired,feel scared,Direct,bio,bio,mind,bio,0.7,1,-0.06,13,0.76
subj_103,Causal Chain,take a walk,see something,jump up and down,reach for something,Direct,action,action,mind,action,0.54,6,-0.33,13,0.8700000000000001
subj_103,Causal Chain,choose what to do,take a walk,see something,hear something,Direct,mind,mind,action,mind,0.49,1,-0.13,13,0.62
subj_103,Causal Chain,get tired,choose what to do,become hungry,feel scared,Direct,bio,bio,mind,bio,0.53,3,-0.12,13,0.65
subj_103,Causal Chain,jump up and down,get tired,take a walk,sit down,Direct,action,action,bio,action,0.66,2,-0.4,13,1.06
subj_103,Causal Chain,sit down,experience pain,take a walk,jump up and down,Direct,action,action,bio,action,0.4,5,-0.57,13,0.97
subj_103,Causal Chain,see something,take a walk,remember something,hear something,Direct,mind,mind,action,mind,0.58,1,0.05,13,0.5299999999999999
subj_104,Intrinsic Cause,see something,take a walk,remember something,hear something,Intrinsic,mind,mind,action,mind,0.58,1,0.05,13,0.5299999999999999
subj_104,Intrinsic Cause,become hungry,think about something,get tired,feel scared,Direct,bio,bio,mind,bio,0.7,1,-0.06,13,0.76
subj_104,Intrinsic Cause,sit down,experience pain,take a walk,jump up and down,Intrinsic,action,action,bio,action,0.4,5,-0.57,13,0.97
subj_104,Intrinsic Cause,jump up and down,get tired,take a walk,sit down,Intrinsic,action,action,bio,action,0.66,2,-0.4,13,1.06
subj_104,Intrinsic Cause,get sick,remember something,experience pain,become hungry,Intrinsic,bio,bio,mind,bio,0.52,3,-0.05,13,0.5700000000000001
subj_104,Intrinsic Cause,get tired,choose what to do,become hungry,feel scared,Intrinsic,bio,bio,mind,bio,0.53,3,-0.12,13,0.65
subj_104,Intrinsic Cause,remember something,feel scared,think about something,hear something,Intrinsic,mind,mind,bio,mind,0.46,3,-0.09,12,0.55
subj_104,Intrinsic Cause,choose what to do,take a walk,see something,hear something,Intrinsic,mind,mind,action,mind,0.49,1,-0.13,13,0.62
subj_104,Intrinsic Cause,take a walk,see something,jump up and down,reach for something,Intrinsic,action,action,mind,action,0.54,6,-0.33,13,0.8700000000000001
