subject_id,condition,itemB,causal_itemA,similar_itemA,response,domain_itemB,domain_causalitemA,domain_similaritemA,causal_distance_causal_choice,freesort_distance_causal_choice,freesort_minus_causal_distance_causal,causal_distance_similar_choice,freesort_distance_similar_choice,freesort_minus_causal_distance_similar
subj_01,ordinary,experience pain,kick something,get tired,causal,bio,action,bio,0.13,0.51,0.38,0.43,0.41,-0.02
subj_01,ordinary,get tired,jump up and down,feel scared,causal,bio,action,bio,0.1,0.54,0.43,0.42,0.4,-0.02
subj_01,ordinary,get sick,see something,get tired,similar,bio,mind,bio,0.38,0.62,0.25,0.39,0.34,-0.06
subj_01,ordinary,feel scared,see something,get tired,causal,bio,mind,bio,0.12,0.54,0.42,0.51,0.4,-0.11
subj_01,ordinary,sit down,experience pain,jump up and down,similar,action,bio,action,0.13,0.58,0.45,0.54,0.3,-0.23
subj_01,ordinary,choose what to do,experience pain,remember something,similar,mind,bio,mind,0.2,0.57,0.36,0.15,0.36,0.22
subj_01,ordinary,become hungry,take a walk,feel scared,causal,bio,action,bio,0.18,0.55,0.37,0.67,0.44,-0.22
subj_01,ordinary,see something,take a walk,hear something,causal,mind,action,mind,0.2,0.58,0.38,0.42,0.18,-0.24
subj_01,ordinary,think about something,get sick,remember something,similar,mind,bio,mind,0.25,0.65,0.4,0.08,0.15,0.08
subj_01,ordinary,jump up and down,see something,sit down,similar,action,mind,action,0.29,0.6,0.32,0.83,0.3,-0.52
subj_01,ordinary,kick something,think about something,sit down,causal,action,mind,action,0.37,0.6,0.23,0.7,0.42,-0.29
subj_01,ordinary,take a walk,think about something,sit down,similar,action,mind,action,0.26,0.58,0.32,0.77,0.33,-0.44
subj_01,ordinary,hear something,take a walk,see something,causal,mind,action,mind,0.25,0.58,0.33,0.44,0.18,-0.27
subj_01,ordinary,reach for something,become hungry,kick something,similar,action,bio,action,0.21,0.56,0.35,0.54,0.4,-0.15
subj_01,ordinary,remember something,take a walk,think about something,similar,mind,action,mind,0.24,0.61,0.37,0.07,0.15,0.08
subj_02,ordinary,experience pain,kick something,get tired,causal,bio,action,bio,0.13,0.51,0.38,0.43,0.41,-0.02
subj_02,ordinary,see something,take a walk,hear something,causal,mind,action,mind,0.2,0.58,0.38,0.42,0.18,-0.24
subj_02,ordinary,get sick,see something,get tired,causal,bio,mind,bio,0.38,0.62,0.25,0.39,0.34,-0.06
subj_02,ordinary,take a walk,think about something,sit down,causal,action,mind,action,0.26,0.58,0.32,0.77,0.33,-0.44
subj_02,ordinary,choose what to do,experience pain,remember something,similar,mind,bio,mind,0.2,0.57,0.36,0.15,0.36,0.22
subj_02,ordinary,feel scared,see something,get tired,causal,bio,mind,bio,0.12,0.54,0.42,0.51,0.4,-0.11
subj_02,ordinary,remember something,take a walk,think about something,similar,mind,action,mind,0.24,0.61,0.37,0.07,0.15,0.08
subj_02,ordinary,become hungry,take a walk,feel scared,causal,bio,action,bio,0.18,0.55,0.37,0.67,0.44,-0.22
subj_02,ordinary,hear something,take a walk,see something,causal,mind,action,mind,0.25,0.58,0.33,0.44,0.18,-0.27
subj_02,ordinary,get tired,jump up and down,feel scared,causal,bio,action,bio,0.1,0.54,0.43,0.42,0.4,-0.02
subj_02,ordinary,jump up and down,see something,sit down,causal,action,mind,action,0.29,0.6,0.32,0.83,0.3,-0.52
subj_02,ordinary,think about something,get sick,remember something,similar,mind,bio,mind,0.25,0.65,0.4,0.08,0.15,0.08
subj_02,ordinary,sit down,experience pain,jump up and down,causal,action,bio,action,0.13,0.58,0.45,0.54,0.3,-0.23
subj_02,ordinary,reach for something,become hungry,kick something,similar,action,bio,action,0.21,0.56,0.35,0.54,0.4,-0.15
subj_02,ordinary,kick something,think about something,sit down,causal,action,mind,action,0.37,0.6,0.23,0.7,0.42,-0.29
subj_03,magical,take a walk,think about something,sit down,similar,action,mind,action,0.26,0.58,0.32,0.77,0.33,-0.44
subj_03,magical,get tired,jump up and down,feel scared,causal,bio,action,bio,0.1,0.54,0.43,0.42,0.4,-0.02
subj_03,magical,kick something,think about something,sit down,causal,action,mind,action,0.37,0.6,0.23,0.7,0.42,-0.29
subj_03,magical,become hungry,take a walk,feel scared,causal,bio,action,bio,0.18,0.55,0.37,0.67,0.44,-0.22
subj_03,magical,feel scared,see something,get tired,causal,bio,mind,bio,0.12,0.54,0.42,0.51,0.4,-0.11
subj_03,magical,see something,take a walk,hear something,similar,mind,action,mind,0.2,0.58,0.38,0.42,0.18,-0.24
subj_03,magical,jump up and down,see something,sit down,causal,action,mind,action,0.29,0.6,0.32,0.83,0.3,-0.52
subj_03,magical,get sick,see something,get tired,similar,bio,mind,bio,0.38,0.62,0.25,0.39,0.34,-0.06
subj_03,magical,hear something,take a walk,see something,similar,mind,action,mind,0.25,0.58,0.33,0.44,0.18,-0.27
subj_03,magical,reach for something,become hungry,kick something,similar,action,bio,action,0.21,0.56,0.35,0.54,0.4,-0.15
subj_03,magical,remember something,take a walk,think about something,similar,mind,action,mind,0.24,0.61,0.37,0.07,0.15,0.08
subj_03,magical,experience pain,kick something,get tired,causal,bio,action,bio,0.13,0.51,0.38,0.43,0.41,-0.02
subj_03,magical,sit down,experience pain,jump up and down,causal,action,bio,action,0.13,0.58,0.45,0.54,0.3,-0.23
subj_03,magical,think about something,get sick,remember something,similar,mind,bio,mind,0.25,0.65,0.4,0.08,0.15,0.08
subj_03,magical,choose what to do,experience pain,remember something,similar,mind,bio,mind,0.2,0.57,0.36,0.15,0.36,0.22
subj_04,ordinary,get sick,see something,get tired,similar,bio,mind,bio,0.38,0.62,0.25,0.39,0.34,-0.06
subj_04,ordinary,take a walk,think about something,sit down,causal,action,mind,action,0.26,0.58,0.32,0.77,0.33,-0.44
subj_04,ordinary,get tired,jump up and down,feel scared,causal,bio,action,bio,0.1,0.54,0.43,0.42,0.4,-0.02
subj_04,ordinary,sit down,experience pain,jump up and down,causal,action,bio,action,0.13,0.58,0.45,0.54,0.3,-0.23
subj_04,ordinary,hear something,take a walk,see something,causal,mind,action,mind,0.25,0.58,0.33,0.44,0.18,-0.27
subj_04,ordinary,choose what to do,experience pain,remember something,similar,mind,bio,mind,0.2,0.57,0.36,0.15,0.36,0.22
subj_04,ordinary,feel scared,see something,get tired,causal,bio,mind,bio,0.12,0.54,0.42,0.51,0.4,-0.11
subj_04,ordinary,think about something,get sick,remember something,similar,mind,bio,mind,0.25,0.65,0.4,0.08,0.15,0.08
subj_04,ordinary,kick something,think about something,sit down,causal,action,mind,action,0.37,0.6,0.23,0.7,0.42,-0.29
subj_04,ordinary,remember something,take a walk,think about something,similar,mind,action,mind,0.24,0.61,0.37,0.07,0.15,0.08
subj_04,ordinary,become hungry,take a walk,feel scared,causal,bio,action,bio,0.18,0.55,0.37,0.67,0.44,-0.22
subj_04,ordinary,jump up and down,see something,sit down,causal,action,mind,action,0.29,0.6,0.32,0.83,0.3,-0.52
subj_04,ordinary,see something,take a walk,hear something,causal,mind,action,mind,0.2,0.58,0.38,0.42,0.18,-0.24
subj_04,ordinary,experience pain,kick something,get tired,causal,bio,action,bio,0.13,0.51,0.38,0.43,0.41,-0.02
subj_04,ordinary,reach for something,become hungry,kick something,causal,action,bio,action,0.21,0.56,0.35,0.54,0.4,-0.15
subj_05,ordinary,get tired,jump up and down,feel scared,causal,bio,action,bio,0.1,0.54,0.43,0.42,0.4,-0.02
subj_05,ordinary,take a walk,think about something,sit down,causal,action,mind,action,0.26,0.58,0.32,0.77,0.33,-0.44
subj_05,ordinary,kick something,think about something,sit down,causal,action,mind,action,0.37,0.6,0.23,0.7,0.42,-0.29
subj_05,ordinary,think about something,get sick,remember something,similar,mind,bio,mind,0.25,0.65,0.4,0.08,0.15,0.08
subj_05,ordinary,reach for something,become hungry,kick something,causal,action,bio,action,0.21,0.56,0.35,0.54,0.4,-0.15
subj_05,ordinary,sit down,experience pain,jump up and down,similar,action,bio,action,0.13,0.58,0.45,0.54,0.3,-0.23
subj_05,ordinary,jump up and down,see something,sit down,causal,action,mind,action,0.29,0.6,0.32,0.83,0.3,-0.52
subj_05,ordinary,see something,take a walk,hear something,causal,mind,action,mind,0.2,0.58,0.38,0.42,0.18,-0.24
subj_05,ordinary,remember something,take a walk,think about something,similar,mind,action,mind,0.24,0.61,0.37,0.07,0.15,0.08
subj_05,ordinary,get sick,see something,get tired,causal,bio,mind,bio,0.38,0.62,0.25,0.39,0.34,-0.06
subj_05,ordinary,experience pain,kick something,get tired,causal,bio,action,bio,0.13,0.51,0.38,0.43,0.41,-0.02
subj_05,ordinary,become hungry,take a walk,feel scared,causal,bio,action,bio,0.18,0.55,0.37,0.67,0.44,-0.22
subj_05,ordinary,feel scared,see something,get tired,causal,bio,mind,bio,0.12,0.54,0.42,0.51,0.4,-0.11
subj_05,ordinary,hear something,take a walk,see something,causal,mind,action,mind,0.25,0.58,0.33,0.44,0.18,-0.27
subj_05,ordinary,choose what to do,experience pain,remember something,similar,mind,bio,mind,0.2,0.57,0.36,0.15,0.36,0.22
subj_06,magical,remember something,take a walk,think about something,similar,mind,action,mind,0.24,0.61,0.37,0.07,0.15,0.08
subj_06,magical,experience pain,kick something,get tired,causal,bio,action,bio,0.13,0.51,0.38,0.43,0.41,-0.02
subj_06,magical,become hungry,take a walk,feel scared,causal,bio,action,bio,0.18,0.55,0.37,0.67,0.44,-0.22
subj_06,magical,sit down,experience pain,jump up and down,similar,action,bio,action,0.13,0.58,0.45,0.54,0.3,-0.23
subj_06,magical,feel scared,see something,get tired,causal,bio,mind,bio,0.12,0.54,0.42,0.51,0.4,-0.11
subj_06,magical,kick something,think about something,sit down,similar,action,mind,action,0.37,0.6,0.23,0.7,0.42,-0.29
subj_06,magical,jump up and down,see something,sit down,causal,action,mind,action,0.29,0.6,0.32,0.83,0.3,-0.52
subj_06,magical,get sick,see something,get tired,similar,bio,mind,bio,0.38,0.62,0.25,0.39,0.34,-0.06
subj_06,magical,hear something,take a walk,see something,similar,mind,action,mind,0.25,0.58,0.33,0.44,0.18,-0.27
subj_06,magical,think about something,get sick,remember something,similar,mind,bio,mind,0.25,0.65,0.4,0.08,0.15,0.08
subj_06,magical,reach for something,become hungry,kick something,similar,action,bio,action,0.21,0.56,0.35,0.54,0.4,-0.15
subj_06,magical,get tired,jump up and down,feel scared,causal,bio,action,bio,0.1,0.54,0.43,0.42,0.4,-0.02
subj_06,magical,choose what to do,experience pain,remember something,similar,mind,bio,mind,0.2,0.57,0.36,0.15,0.36,0.22
subj_06,magical,see something,take a walk,hear something,similar,mind,action,mind,0.2,0.58,0.38,0.42,0.18,-0.24
subj_06,magical,take a walk,think about something,sit down,similar,action,mind,action,0.26,0.58,0.32,0.77,0.33,-0.44
subj_07,magical,feel scared,see something,get tired,causal,bio,mind,bio,0.12,0.54,0.42,0.51,0.4,-0.11
subj_07,magical,get tired,jump up and down,feel scared,causal,bio,action,bio,0.1,0.54,0.43,0.42,0.4,-0.02
subj_07,magical,choose what to do,experience pain,remember something,similar,mind,bio,mind,0.2,0.57,0.36,0.15,0.36,0.22
subj_07,magical,become hungry,take a walk,feel scared,causal,bio,action,bio,0.18,0.55,0.37,0.67,0.44,-0.22
subj_07,magical,see something,take a walk,hear something,causal,mind,action,mind,0.2,0.58,0.38,0.42,0.18,-0.24
subj_07,magical,jump up and down,see something,sit down,causal,action,mind,action,0.29,0.6,0.32,0.83,0.3,-0.52
subj_07,magical,hear something,take a walk,see something,causal,mind,action,mind,0.25,0.58,0.33,0.44,0.18,-0.27
subj_07,magical,sit down,experience pain,jump up and down,similar,action,bio,action,0.13,0.58,0.45,0.54,0.3,-0.23
subj_07,magical,remember something,take a walk,think about something,similar,mind,action,mind,0.24,0.61,0.37,0.07,0.15,0.08
subj_07,magical,experience pain,kick something,get tired,causal,bio,action,bio,0.13,0.51,0.38,0.43,0.41,-0.02
subj_07,magical,take a walk,think about something,sit down,similar,action,mind,action,0.26,0.58,0.32,0.77,0.33,-0.44
subj_07,magical,reach for something,become hungry,kick something,similar,action,bio,action,0.21,0.56,0.35,0.54,0.4,-0.15
subj_07,magical,get sick,see something,get tired,similar,bio,mind,bio,0.38,0.62,0.25,0.39,0.34,-0.06
subj_07,magical,think about something,get sick,remember something,similar,mind,bio,mind,0.25,0.65,0.4,0.08,0.15,0.08
subj_07,magical,kick something,think about something,sit down,causal,action,mind,action,0.37,0.6,0.23,0.7,0.42,-0.29
subj_08,ordinary,become hungry,take a walk,feel scared,causal,bio,action,bio,0.18,0.55,0.37,0.67,0.44,-0.22
subj_08,ordinary,feel scared,see something,get tired,causal,bio,mind,bio,0.12,0.54,0.42,0.51,0.4,-0.11
subj_08,ordinary,remember something,take a walk,think about something,similar,mind,action,mind,0.24,0.61,0.37,0.07,0.15,0.08
subj_08,ordinary,jump up and down,see something,sit down,similar,action,mind,action,0.29,0.6,0.32,0.83,0.3,-0.52
subj_08,ordinary,reach for something,become hungry,kick something,similar,action,bio,action,0.21,0.56,0.35,0.54,0.4,-0.15
subj_08,ordinary,see something,take a walk,hear something,causal,mind,action,mind,0.2,0.58,0.38,0.42,0.18,-0.24
subj_08,ordinary,get tired,jump up and down,feel scared,causal,bio,action,bio,0.1,0.54,0.43,0.42,0.4,-0.02
subj_08,ordinary,experience pain,kick something,get tired,causal,bio,action,bio,0.13,0.51,0.38,0.43,0.41,-0.02
subj_08,ordinary,think about something,get sick,remember something,similar,mind,bio,mind,0.25,0.65,0.4,0.08,0.15,0.08
subj_08,ordinary,get sick,see something,get tired,causal,bio,mind,bio,0.38,0.62,0.25,0.39,0.34,-0.06
subj_08,ordinary,hear something,take a walk,see something,similar,mind,action,mind,0.25,0.58,0.33,0.44,0.18,-0.27
subj_08,ordinary,sit down,experience pain,jump up and down,causal,action,bio,action,0.13,0.58,0.45,0.54,0.3,-0.23
subj_08,ordinary,take a walk,think about something,sit down,causal,action,mind,action,0.26,0.58,0.32,0.77,0.33,-0.44
subj_08,ordinary,kick something,think about something,sit down,similar,action,mind,action,0.37,0.6,0.23,0.7,0.42,-0.29
subj_08,ordinary,choose what to do,experience pain,remember something,similar,mind,bio,mind,0.2,0.57,0.36,0.15,0.36,0.22
subj_09,ordinary,reach for something,become hungry,kick something,causal,action,bio,action,0.21,0.56,0.35,0.54,0.4,-0.15
subj_09,ordinary,get tired,jump up and down,feel scared,causal,bio,action,bio,0.1,0.54,0.43,0.42,0.4,-0.02
subj_09,ordinary,hear something,take a walk,see something,causal,mind,action,mind,0.25,0.58,0.33,0.44,0.18,-0.27
subj_09,ordinary,take a walk,think about something,sit down,causal,action,mind,action,0.26,0.58,0.32,0.77,0.33,-0.44
subj_09,ordinary,sit down,experience pain,jump up and down,causal,action,bio,action,0.13,0.58,0.45,0.54,0.3,-0.23
subj_09,ordinary,remember something,take a walk,think about something,similar,mind,action,mind,0.24,0.61,0.37,0.07,0.15,0.08
subj_09,ordinary,see something,take a walk,hear something,causal,mind,action,mind,0.2,0.58,0.38,0.42,0.18,-0.24
subj_09,ordinary,become hungry,take a walk,feel scared,causal,bio,action,bio,0.18,0.55,0.37,0.67,0.44,-0.22
subj_09,ordinary,experience pain,kick something,get tired,causal,bio,action,bio,0.13,0.51,0.38,0.43,0.41,-0.02
subj_09,ordinary,choose what to do,experience pain,remember something,similar,mind,bio,mind,0.2,0.57,0.36,0.15,0.36,0.22
subj_09,ordinary,get sick,see something,get tired,similar,bio,mind,bio,0.38,0.62,0.25,0.39,0.34,-0.06
subj_09,ordinary,kick something,think about something,sit down,causal,action,mind,action,0.37,0.6,0.23,0.7,0.42,-0.29
subj_09,ordinary,feel scared,see something,get tired,causal,bio,mind,bio,0.12,0.54,0.42,0.51,0.4,-0.11
subj_09,ordinary,jump up and down,see something,sit down,causal,action,mind,action,0.29,0.6,0.32,0.83,0.3,-0.52
subj_09,ordinary,think about something,get sick,remember something,similar,mind,bio,mind,0.25,0.65,0.4,0.08,0.15,0.08
subj_10,ordinary,remember something,take a walk,think about something,similar,mind,action,mind,0.24,0.61,0.37,0.07,0.15,0.08
subj_10,ordinary,experience pain,kick something,get tired,similar,bio,action,bio,0.13,0.51,0.38,0.43,0.41,-0.02
subj_10,ordinary,jump up and down,see something,sit down,causal,action,mind,action,0.29,0.6,0.32,0.83,0.3,-0.52
subj_10,ordinary,take a walk,think about something,sit down,causal,action,mind,action,0.26,0.58,0.32,0.77,0.33,-0.44
subj_10,ordinary,choose what to do,experience pain,remember something,similar,mind,bio,mind,0.2,0.57,0.36,0.15,0.36,0.22
subj_10,ordinary,hear something,take a walk,see something,causal,mind,action,mind,0.25,0.58,0.33,0.44,0.18,-0.27
subj_10,ordinary,sit down,experience pain,jump up and down,similar,action,bio,action,0.13,0.58,0.45,0.54,0.3,-0.23
subj_10,ordinary,become hungry,take a walk,feel scared,causal,bio,action,bio,0.18,0.55,0.37,0.67,0.44,-0.22
subj_10,ordinary,reach for something,become hungry,kick something,similar,action,bio,action,0.21,0.56,0.35,0.54,0.4,-0.15
subj_10,ordinary,get tired,jump up and down,feel scared,causal,bio,action,bio,0.1,0.54,0.43,0.42,0.4,-0.02
subj_10,ordinary,get sick,see something,get tired,similar,bio,mind,bio,0.38,0.62,0.25,0.39,0.34,-0.06
subj_10,ordinary,think about something,get sick,remember something,similar,mind,bio,mind,0.25,0.65,0.4,0.08,0.15,0.08
subj_10,ordinary,feel scared,see something,get tired,causal,bio,mind,bio,0.12,0.54,0.42,0.51,0.4,-0.11
subj_10,ordinary,kick something,think about something,sit down,similar,action,mind,action,0.37,0.6,0.23,0.7,0.42,-0.29
subj_10,ordinary,see something,take a walk,hear something,causal,mind,action,mind,0.2,0.58,0.38,0.42,0.18,-0.24
subj_11,ordinary,experience pain,kick something,get tired,causal,bio,action,bio,0.13,0.51,0.38,0.43,0.41,-0.02
subj_11,ordinary,hear something,take a walk,see something,similar,mind,action,mind,0.25,0.58,0.33,0.44,0.18,-0.27
subj_11,ordinary,get tired,jump up and down,feel scared,causal,bio,action,bio,0.1,0.54,0.43,0.42,0.4,-0.02
subj_11,ordinary,feel scared,see something,get tired,causal,bio,mind,bio,0.12,0.54,0.42,0.51,0.4,-0.11
subj_11,ordinary,kick something,think about something,sit down,causal,action,mind,action,0.37,0.6,0.23,0.7,0.42,-0.29
subj_11,ordinary,reach for something,become hungry,kick something,causal,action,bio,action,0.21,0.56,0.35,0.54,0.4,-0.15
subj_11,ordinary,see something,take a walk,hear something,similar,mind,action,mind,0.2,0.58,0.38,0.42,0.18,-0.24
subj_11,ordinary,jump up and down,see something,sit down,causal,action,mind,action,0.29,0.6,0.32,0.83,0.3,-0.52
subj_11,ordinary,take a walk,think about something,sit down,causal,action,mind,action,0.26,0.58,0.32,0.77,0.33,-0.44
subj_11,ordinary,become hungry,take a walk,feel scared,causal,bio,action,bio,0.18,0.55,0.37,0.67,0.44,-0.22
subj_11,ordinary,choose what to do,experience pain,remember something,similar,mind,bio,mind,0.2,0.57,0.36,0.15,0.36,0.22
subj_11,ordinary,think about something,get sick,remember something,similar,mind,bio,mind,0.25,0.65,0.4,0.08,0.15,0.08
subj_11,ordinary,sit down,experience pain,jump up and down,causal,action,bio,action,0.13,0.58,0.45,0.54,0.3,-0.23
subj_11,ordinary,get sick,see something,get tired,causal,bio,mind,bio,0.38,0.62,0.25,0.39,0.34,-0.06
subj_11,ordinary,remember something,take a walk,think about something,similar,mind,action,mind,0.24,0.61,0.37,0.07,0.15,0.08
subj_12,ordinary,feel scared,see something,get tired,causal,bio,mind,bio,0.12,0.54,0.42,0.51,0.4,-0.11
subj_12,ordinary,reach for something,become hungry,kick something,causal,action,bio,action,0.21,0.56,0.35,0.54,0.4,-0.15
subj_12,ordinary,remember something,take a walk,think about something,similar,mind,action,mind,0.24,0.61,0.37,0.07,0.15,0.08
subj_12,ordinary,take a walk,think about something,sit down,causal,action,mind,action,0.26,0.58,0.32,0.77,0.33,-0.44
subj_12,ordinary,kick something,think about something,sit down,causal,action,mind,action,0.37,0.6,0.23,0.7,0.42,-0.29
subj_12,ordinary,hear something,take a walk,see something,causal,mind,action,mind,0.25,0.58,0.33,0.44,0.18,-0.27
subj_12,ordinary,see something,take a walk,hear something,similar,mind,action,mind,0.2,0.58,0.38,0.42,0.18,-0.24
subj_12,ordinary,experience pain,kick something,get tired,similar,bio,action,bio,0.13,0.51,0.38,0.43,0.41,-0.02
subj_12,ordinary,get sick,see something,get tired,similar,bio,mind,bio,0.38,0.62,0.25,0.39,0.34,-0.06
subj_12,ordinary,jump up and down,see something,sit down,causal,action,mind,action,0.29,0.6,0.32,0.83,0.3,-0.52
subj_12,ordinary,get tired,jump up and down,feel scared,similar,bio,action,bio,0.1,0.54,0.43,0.42,0.4,-0.02
subj_12,ordinary,think about something,get sick,remember something,similar,mind,bio,mind,0.25,0.65,0.4,0.08,0.15,0.08
subj_12,ordinary,become hungry,take a walk,feel scared,causal,bio,action,bio,0.18,0.55,0.37,0.67,0.44,-0.22
subj_12,ordinary,sit down,experience pain,jump up and down,causal,action,bio,action,0.13,0.58,0.45,0.54,0.3,-0.23
subj_12,ordinary,choose what to do,experience pain,remember something,causal,mind,bio,mind,0.2,0.57,0.36,0.15,0.36,0.22
subj_13,ordinary,jump up and down,see something,sit down,similar,action,mind,action,0.29,0.6,0.32,0.83,0.3,-0.52
subj_13,ordinary,reach for something,become hungry,kick something,causal,action,bio,action,0.21,0.56,0.35,0.54,0.4,-0.15
subj_13,ordinary,become hungry,take a walk,feel scared,causal,bio,action,bio,0.18,0.55,0.37,0.67,0.44,-0.22
subj_13,ordinary,get tired,jump up and down,feel scared,causal,bio,action,bio,0.1,0.54,0.43,0.42,0.4,-0.02
subj_13,ordinary,get sick,see something,get tired,causal,bio,mind,bio,0.38,0.62,0.25,0.39,0.34,-0.06
subj_13,ordinary,experience pain,kick something,get tired,causal,bio,action,bio,0.13,0.51,0.38,0.43,0.41,-0.02
subj_13,ordinary,sit down,experience pain,jump up and down,causal,action,bio,action,0.13,0.58,0.45,0.54,0.3,-0.23
subj_13,ordinary,take a walk,think about something,sit down,causal,action,mind,action,0.26,0.58,0.32,0.77,0.33,-0.44
subj_13,ordinary,choose what to do,experience pain,remember something,similar,mind,bio,mind,0.2,0.57,0.36,0.15,0.36,0.22
subj_13,ordinary,hear something,take a walk,see something,similar,mind,action,mind,0.25,0.58,0.33,0.44,0.18,-0.27
subj_13,ordinary,kick something,think about something,sit down,similar,action,mind,action,0.37,0.6,0.23,0.7,0.42,-0.29
subj_13,ordinary,see something,take a walk,hear something,similar,mind,action,mind,0.2,0.58,0.38,0.42,0.18,-0.24
subj_13,ordinary,remember something,take a walk,think about something,similar,mind,action,mind,0.24,0.61,0.37,0.07,0.15,0.08
subj_13,ordinary,think about something,get sick,remember something,similar,mind,bio,mind,0.25,0.65,0.4,0.08,0.15,0.08
subj_13,ordinary,feel scared,see something,get tired,causal,bio,mind,bio,0.12,0.54,0.42,0.51,0.4,-0.11
subj_14,ordinary,take a walk,think about something,sit down,causal,action,mind,action,0.26,0.58,0.32,0.77,0.33,-0.44
subj_14,ordinary,hear something,take a walk,see something,similar,mind,action,mind,0.25,0.58,0.33,0.44,0.18,-0.27
subj_14,ordinary,experience pain,kick something,get tired,causal,bio,action,bio,0.13,0.51,0.38,0.43,0.41,-0.02
subj_14,ordinary,see something,take a walk,hear something,similar,mind,action,mind,0.2,0.58,0.38,0.42,0.18,-0.24
subj_14,ordinary,sit down,experience pain,jump up and down,causal,action,bio,action,0.13,0.58,0.45,0.54,0.3,-0.23
subj_14,ordinary,get tired,jump up and down,feel scared,causal,bio,action,bio,0.1,0.54,0.43,0.42,0.4,-0.02
subj_14,ordinary,remember something,take a walk,think about something,causal,mind,action,mind,0.24,0.61,0.37,0.07,0.15,0.08
subj_14,ordinary,feel scared,see something,get tired,causal,bio,mind,bio,0.12,0.54,0.42,0.51,0.4,-0.11
subj_14,ordinary,choose what to do,experience pain,remember something,similar,mind,bio,mind,0.2,0.57,0.36,0.15,0.36,0.22
subj_14,ordinary,jump up and down,see something,sit down,causal,action,mind,action,0.29,0.6,0.32,0.83,0.3,-0.52
subj_14,ordinary,think about something,get sick,remember something,similar,mind,bio,mind,0.25,0.65,0.4,0.08,0.15,0.08
subj_14,ordinary,kick something,think about something,sit down,causal,action,mind,action,0.37,0.6,0.23,0.7,0.42,-0.29
subj_14,ordinary,become hungry,take a walk,feel scared,causal,bio,action,bio,0.18,0.55,0.37,0.67,0.44,-0.22
subj_14,ordinary,reach for something,become hungry,kick something,causal,action,bio,action,0.21,0.56,0.35,0.54,0.4,-0.15
subj_14,ordinary,get sick,see something,get tired,similar,bio,mind,bio,0.38,0.62,0.25,0.39,0.34,-0.06
subj_15,magical,see something,take a walk,hear something,similar,mind,action,mind,0.2,0.58,0.38,0.42,0.18,-0.24
subj_15,magical,hear something,take a walk,see something,similar,mind,action,mind,0.25,0.58,0.33,0.44,0.18,-0.27
subj_15,magical,remember something,take a walk,think about something,similar,mind,action,mind,0.24,0.61,0.37,0.07,0.15,0.08
subj_15,magical,kick something,think about something,sit down,causal,action,mind,action,0.37,0.6,0.23,0.7,0.42,-0.29
subj_15,magical,think about something,get sick,remember something,similar,mind,bio,mind,0.25,0.65,0.4,0.08,0.15,0.08
subj_15,magical,take a walk,think about something,sit down,causal,action,mind,action,0.26,0.58,0.32,0.77,0.33,-0.44
subj_15,magical,sit down,experience pain,jump up and down,similar,action,bio,action,0.13,0.58,0.45,0.54,0.3,-0.23
subj_15,magical,experience pain,kick something,get tired,similar,bio,action,bio,0.13,0.51,0.38,0.43,0.41,-0.02
subj_15,magical,get sick,see something,get tired,causal,bio,mind,bio,0.38,0.62,0.25,0.39,0.34,-0.06
subj_15,magical,jump up and down,see something,sit down,causal,action,mind,action,0.29,0.6,0.32,0.83,0.3,-0.52
subj_15,magical,get tired,jump up and down,feel scared,causal,bio,action,bio,0.1,0.54,0.43,0.42,0.4,-0.02
subj_15,magical,reach for something,become hungry,kick something,causal,action,bio,action,0.21,0.56,0.35,0.54,0.4,-0.15
subj_15,magical,become hungry,take a walk,feel scared,causal,bio,action,bio,0.18,0.55,0.37,0.67,0.44,-0.22
subj_15,magical,feel scared,see something,get tired,causal,bio,mind,bio,0.12,0.54,0.42,0.51,0.4,-0.11
subj_15,magical,choose what to do,experience pain,remember something,similar,mind,bio,mind,0.2,0.57,0.36,0.15,0.36,0.22
subj_16,magical,see something,take a walk,hear something,similar,mind,action,mind,0.2,0.58,0.38,0.42,0.18,-0.24
subj_16,magical,remember something,take a walk,think about something,similar,mind,action,mind,0.24,0.61,0.37,0.07,0.15,0.08
subj_16,magical,take a walk,think about something,sit down,causal,action,mind,action,0.26,0.58,0.32,0.77,0.33,-0.44
subj_16,magical,sit down,experience pain,jump up and down,causal,action,bio,action,0.13,0.58,0.45,0.54,0.3,-0.23
subj_16,magical,get tired,jump up and down,feel scared,causal,bio,action,bio,0.1,0.54,0.43,0.42,0.4,-0.02
subj_16,magical,get sick,see something,get tired,causal,bio,mind,bio,0.38,0.62,0.25,0.39,0.34,-0.06
subj_16,magical,experience pain,kick something,get tired,causal,bio,action,bio,0.13,0.51,0.38,0.43,0.41,-0.02
subj_16,magical,become hungry,take a walk,feel scared,causal,bio,action,bio,0.18,0.55,0.37,0.67,0.44,-0.22
subj_16,magical,choose what to do,experience pain,remember something,similar,mind,bio,mind,0.2,0.57,0.36,0.15,0.36,0.22
subj_16,magical,kick something,think about something,sit down,causal,action,mind,action,0.37,0.6,0.23,0.7,0.42,-0.29
subj_16,magical,feel scared,see something,get tired,causal,bio,mind,bio,0.12,0.54,0.42,0.51,0.4,-0.11
subj_16,magical,jump up and down,see something,sit down,causal,action,mind,action,0.29,0.6,0.32,0.83,0.3,-0.52
subj_16,magical,reach for something,become hungry,kick something,causal,action,bio,action,0.21,0.56,0.35,0.54,0.4,-0.15
subj_16,magical,hear something,take a walk,see something,similar,mind,action,mind,0.25,0.58,0.33,0.44,0.18,-0.27
subj_16,magical,think about something,get sick,remember something,similar,mind,bio,mind,0.25,0.65,0.4,0.08,0.15,0.08
subj_17,ordinary,become hungry,take a walk,feel scared,causal,bio,action,bio,0.18,0.55,0.37,0.67,0.44,-0.22
subj_17,ordinary,experience pain,kick something,get tired,causal,bio,action,bio,0.13,0.51,0.38,0.43,0.41,-0.02
subj_17,ordinary,choose what to do,experience pain,remember something,similar,mind,bio,mind,0.2,0.57,0.36,0.15,0.36,0.22
subj_17,ordinary,remember something,take a walk,think about something,similar,mind,action,mind,0.24,0.61,0.37,0.07,0.15,0.08
subj_17,ordinary,jump up and down,see something,sit down,similar,action,mind,action,0.29,0.6,0.32,0.83,0.3,-0.52
subj_17,ordinary,take a walk,think about something,sit down,causal,action,mind,action,0.26,0.58,0.32,0.77,0.33,-0.44
subj_17,ordinary,sit down,experience pain,jump up and down,causal,action,bio,action,0.13,0.58,0.45,0.54,0.3,-0.23
subj_17,ordinary,get tired,jump up and down,feel scared,causal,bio,action,bio,0.1,0.54,0.43,0.42,0.4,-0.02
subj_17,ordinary,think about something,get sick,remember something,similar,mind,bio,mind,0.25,0.65,0.4,0.08,0.15,0.08
subj_17,ordinary,get sick,see something,get tired,causal,bio,mind,bio,0.38,0.62,0.25,0.39,0.34,-0.06
subj_17,ordinary,feel scared,see something,get tired,causal,bio,mind,bio,0.12,0.54,0.42,0.51,0.4,-0.11
subj_17,ordinary,see something,take a walk,hear something,causal,mind,action,mind,0.2,0.58,0.38,0.42,0.18,-0.24
subj_17,ordinary,hear something,take a walk,see something,causal,mind,action,mind,0.25,0.58,0.33,0.44,0.18,-0.27
subj_17,ordinary,reach for something,become hungry,kick something,causal,action,bio,action,0.21,0.56,0.35,0.54,0.4,-0.15
subj_17,ordinary,kick something,think about something,sit down,causal,action,mind,action,0.37,0.6,0.23,0.7,0.42,-0.29
subj_18,magical,take a walk,think about something,sit down,causal,action,mind,action,0.26,0.58,0.32,0.77,0.33,-0.44
subj_18,magical,reach for something,become hungry,kick something,causal,action,bio,action,0.21,0.56,0.35,0.54,0.4,-0.15
subj_18,magical,choose what to do,experience pain,remember something,similar,mind,bio,mind,0.2,0.57,0.36,0.15,0.36,0.22
subj_18,magical,jump up and down,see something,sit down,causal,action,mind,action,0.29,0.6,0.32,0.83,0.3,-0.52
subj_18,magical,become hungry,take a walk,feel scared,causal,bio,action,bio,0.18,0.55,0.37,0.67,0.44,-0.22
subj_18,magical,get tired,jump up and down,feel scared,causal,bio,action,bio,0.1,0.54,0.43,0.42,0.4,-0.02
subj_18,magical,get sick,see something,get tired,similar,bio,mind,bio,0.38,0.62,0.25,0.39,0.34,-0.06
subj_18,magical,feel scared,see something,get tired,causal,bio,mind,bio,0.12,0.54,0.42,0.51,0.4,-0.11
subj_18,magical,hear something,take a walk,see something,similar,mind,action,mind,0.25,0.58,0.33,0.44,0.18,-0.27
subj_18,magical,kick something,think about something,sit down,causal,action,mind,action,0.37,0.6,0.23,0.7,0.42,-0.29
subj_18,magical,see something,take a walk,hear something,similar,mind,action,mind,0.2,0.58,0.38,0.42,0.18,-0.24
subj_18,magical,experience pain,kick something,get tired,causal,bio,action,bio,0.13,0.51,0.38,0.43,0.41,-0.02
subj_18,magical,sit down,experience pain,jump up and down,causal,action,bio,action,0.13,0.58,0.45,0.54,0.3,-0.23
subj_18,magical,think about something,get sick,remember something,similar,mind,bio,mind,0.25,0.65,0.4,0.08,0.15,0.08
subj_18,magical,remember something,take a walk,think about something,similar,mind,action,mind,0.24,0.61,0.37,0.07,0.15,0.08
subj_19,ordinary,jump up and down,see something,sit down,causal,action,mind,action,0.29,0.6,0.32,0.83,0.3,-0.52
subj_19,ordinary,see something,take a walk,hear something,causal,mind,action,mind,0.2,0.58,0.38,0.42,0.18,-0.24
subj_19,ordinary,kick something,think about something,sit down,causal,action,mind,action,0.37,0.6,0.23,0.7,0.42,-0.29
subj_19,ordinary,reach for something,become hungry,kick something,causal,action,bio,action,0.21,0.56,0.35,0.54,0.4,-0.15
subj_19,ordinary,think about something,get sick,remember something,similar,mind,bio,mind,0.25,0.65,0.4,0.08,0.15,0.08
subj_19,ordinary,sit down,experience pain,jump up and down,similar,action,bio,action,0.13,0.58,0.45,0.54,0.3,-0.23
subj_19,ordinary,get tired,jump up and down,feel scared,causal,bio,action,bio,0.1,0.54,0.43,0.42,0.4,-0.02
subj_19,ordinary,experience pain,kick something,get tired,causal,bio,action,bio,0.13,0.51,0.38,0.43,0.41,-0.02
subj_19,ordinary,get sick,see something,get tired,similar,bio,mind,bio,0.38,0.62,0.25,0.39,0.34,-0.06
subj_19,ordinary,take a walk,think about something,sit down,causal,action,mind,action,0.26,0.58,0.32,0.77,0.33,-0.44
subj_19,ordinary,remember something,take a walk,think about something,similar,mind,action,mind,0.24,0.61,0.37,0.07,0.15,0.08
subj_19,ordinary,feel scared,see something,get tired,causal,bio,mind,bio,0.12,0.54,0.42,0.51,0.4,-0.11
subj_19,ordinary,hear something,take a walk,see something,causal,mind,action,mind,0.25,0.58,0.33,0.44,0.18,-0.27
subj_19,ordinary,become hungry,take a walk,feel scared,causal,bio,action,bio,0.18,0.55,0.37,0.67,0.44,-0.22
subj_19,ordinary,choose what to do,experience pain,remember something,similar,mind,bio,mind,0.2,0.57,0.36,0.15,0.36,0.22
subj_20,ordinary,sit down,experience pain,jump up and down,causal,action,bio,action,0.13,0.58,0.45,0.54,0.3,-0.23
subj_20,ordinary,choose what to do,experience pain,remember something,causal,mind,bio,mind,0.2,0.57,0.36,0.15,0.36,0.22
subj_20,ordinary,feel scared,see something,get tired,causal,bio,mind,bio,0.12,0.54,0.42,0.51,0.4,-0.11
subj_20,ordinary,reach for something,become hungry,kick something,causal,action,bio,action,0.21,0.56,0.35,0.54,0.4,-0.15
subj_20,ordinary,get sick,see something,get tired,causal,bio,mind,bio,0.38,0.62,0.25,0.39,0.34,-0.06
subj_20,ordinary,hear something,take a walk,see something,causal,mind,action,mind,0.25,0.58,0.33,0.44,0.18,-0.27
subj_20,ordinary,get tired,jump up and down,feel scared,similar,bio,action,bio,0.1,0.54,0.43,0.42,0.4,-0.02
subj_20,ordinary,kick something,think about something,sit down,causal,action,mind,action,0.37,0.6,0.23,0.7,0.42,-0.29
subj_20,ordinary,think about something,get sick,remember something,similar,mind,bio,mind,0.25,0.65,0.4,0.08,0.15,0.08
subj_20,ordinary,remember something,take a walk,think about something,similar,mind,action,mind,0.24,0.61,0.37,0.07,0.15,0.08
subj_20,ordinary,see something,take a walk,hear something,similar,mind,action,mind,0.2,0.58,0.38,0.42,0.18,-0.24
subj_20,ordinary,jump up and down,see something,sit down,causal,action,mind,action,0.29,0.6,0.32,0.83,0.3,-0.52
subj_20,ordinary,become hungry,take a walk,feel scared,causal,bio,action,bio,0.18,0.55,0.37,0.67,0.44,-0.22
subj_20,ordinary,take a walk,think about something,sit down,causal,action,mind,action,0.26,0.58,0.32,0.77,0.33,-0.44
subj_20,ordinary,experience pain,kick something,get tired,causal,bio,action,bio,0.13,0.51,0.38,0.43,0.41,-0.02
subj_21,ordinary,see something,take a walk,hear something,similar,mind,action,mind,0.2,0.58,0.38,0.42,0.18,-0.24
subj_21,ordinary,get sick,see something,get tired,similar,bio,mind,bio,0.38,0.62,0.25,0.39,0.34,-0.06
subj_21,ordinary,feel scared,see something,get tired,causal,bio,mind,bio,0.12,0.54,0.42,0.51,0.4,-0.11
subj_21,ordinary,choose what to do,experience pain,remember something,similar,mind,bio,mind,0.2,0.57,0.36,0.15,0.36,0.22
subj_21,ordinary,become hungry,take a walk,feel scared,causal,bio,action,bio,0.18,0.55,0.37,0.67,0.44,-0.22
subj_21,ordinary,hear something,take a walk,see something,similar,mind,action,mind,0.25,0.58,0.33,0.44,0.18,-0.27
subj_21,ordinary,reach for something,become hungry,kick something,causal,action,bio,action,0.21,0.56,0.35,0.54,0.4,-0.15
subj_21,ordinary,experience pain,kick something,get tired,causal,bio,action,bio,0.13,0.51,0.38,0.43,0.41,-0.02
subj_21,ordinary,take a walk,think about something,sit down,similar,action,mind,action,0.26,0.58,0.32,0.77,0.33,-0.44
subj_21,ordinary,get tired,jump up and down,feel scared,causal,bio,action,bio,0.1,0.54,0.43,0.42,0.4,-0.02
subj_21,ordinary,think about something,get sick,remember something,similar,mind,bio,mind,0.25,0.65,0.4,0.08,0.15,0.08
subj_21,ordinary,jump up and down,see something,sit down,causal,action,mind,action,0.29,0.6,0.32,0.83,0.3,-0.52
subj_21,ordinary,remember something,take a walk,think about something,similar,mind,action,mind,0.24,0.61,0.37,0.07,0.15,0.08
subj_21,ordinary,sit down,experience pain,jump up and down,similar,action,bio,action,0.13,0.58,0.45,0.54,0.3,-0.23
subj_21,ordinary,kick something,think about something,sit down,similar,action,mind,action,0.37,0.6,0.23,0.7,0.42,-0.29
subj_22,magical,take a walk,think about something,sit down,causal,action,mind,action,0.26,0.58,0.32,0.77,0.33,-0.44
subj_22,magical,think about something,get sick,remember something,similar,mind,bio,mind,0.25,0.65,0.4,0.08,0.15,0.08
subj_22,magical,get tired,jump up and down,feel scared,causal,bio,action,bio,0.1,0.54,0.43,0.42,0.4,-0.02
subj_22,magical,jump up and down,see something,sit down,similar,action,mind,action,0.29,0.6,0.32,0.83,0.3,-0.52
subj_22,magical,sit down,experience pain,jump up and down,causal,action,bio,action,0.13,0.58,0.45,0.54,0.3,-0.23
subj_22,magical,choose what to do,experience pain,remember something,similar,mind,bio,mind,0.2,0.57,0.36,0.15,0.36,0.22
subj_22,magical,remember something,take a walk,think about something,similar,mind,action,mind,0.24,0.61,0.37,0.07,0.15,0.08
subj_22,magical,reach for something,become hungry,kick something,causal,action,bio,action,0.21,0.56,0.35,0.54,0.4,-0.15
subj_22,magical,become hungry,take a walk,feel scared,causal,bio,action,bio,0.18,0.55,0.37,0.67,0.44,-0.22
subj_22,magical,hear something,take a walk,see something,causal,mind,action,mind,0.25,0.58,0.33,0.44,0.18,-0.27
subj_22,magical,get sick,see something,get tired,similar,bio,mind,bio,0.38,0.62,0.25,0.39,0.34,-0.06
subj_22,magical,kick something,think about something,sit down,similar,action,mind,action,0.37,0.6,0.23,0.7,0.42,-0.29
subj_22,magical,feel scared,see something,get tired,causal,bio,mind,bio,0.12,0.54,0.42,0.51,0.4,-0.11
subj_22,magical,see something,take a walk,hear something,causal,mind,action,mind,0.2,0.58,0.38,0.42,0.18,-0.24
subj_22,magical,experience pain,kick something,get tired,causal,bio,action,bio,0.13,0.51,0.38,0.43,0.41,-0.02
subj_23,magical,see something,take a walk,hear something,similar,mind,action,mind,0.2,0.58,0.38,0.42,0.18,-0.24
subj_23,magical,think about something,get sick,remember something,similar,mind,bio,mind,0.25,0.65,0.4,0.08,0.15,0.08
subj_23,magical,choose what to do,experience pain,remember something,similar,mind,bio,mind,0.2,0.57,0.36,0.15,0.36,0.22
subj_23,magical,sit down,experience pain,jump up and down,similar,action,bio,action,0.13,0.58,0.45,0.54,0.3,-0.23
subj_23,magical,take a walk,think about something,sit down,similar,action,mind,action,0.26,0.58,0.32,0.77,0.33,-0.44
subj_23,magical,hear something,take a walk,see something,similar,mind,action,mind,0.25,0.58,0.33,0.44,0.18,-0.27
subj_23,magical,get sick,see something,get tired,similar,bio,mind,bio,0.38,0.62,0.25,0.39,0.34,-0.06
subj_23,magical,remember something,take a walk,think about something,similar,mind,action,mind,0.24,0.61,0.37,0.07,0.15,0.08
subj_23,magical,jump up and down,see something,sit down,similar,action,mind,action,0.29,0.6,0.32,0.83,0.3,-0.52
subj_23,magical,become hungry,take a walk,feel scared,similar,bio,action,bio,0.18,0.55,0.37,0.67,0.44,-0.22
subj_23,magical,kick something,think about something,sit down,similar,action,mind,action,0.37,0.6,0.23,0.7,0.42,-0.29
subj_23,magical,feel scared,see something,get tired,similar,bio,mind,bio,0.12,0.54,0.42,0.51,0.4,-0.11
subj_23,magical,get tired,jump up and down,feel scared,similar,bio,action,bio,0.1,0.54,0.43,0.42,0.4,-0.02
subj_23,magical,experience pain,kick something,get tired,similar,bio,action,bio,0.13,0.51,0.38,0.43,0.41,-0.02
subj_23,magical,reach for something,become hungry,kick something,similar,action,bio,action,0.21,0.56,0.35,0.54,0.4,-0.15
subj_24,ordinary,get tired,jump up and down,feel scared,causal,bio,action,bio,0.1,0.54,0.43,0.42,0.4,-0.02
subj_24,ordinary,take a walk,think about something,sit down,causal,action,mind,action,0.26,0.58,0.32,0.77,0.33,-0.44
subj_24,ordinary,feel scared,see something,get tired,causal,bio,mind,bio,0.12,0.54,0.42,0.51,0.4,-0.11
subj_24,ordinary,sit down,experience pain,jump up and down,causal,action,bio,action,0.13,0.58,0.45,0.54,0.3,-0.23
subj_24,ordinary,remember something,take a walk,think about something,similar,mind,action,mind,0.24,0.61,0.37,0.07,0.15,0.08
subj_24,ordinary,see something,take a walk,hear something,causal,mind,action,mind,0.2,0.58,0.38,0.42,0.18,-0.24
subj_24,ordinary,experience pain,kick something,get tired,causal,bio,action,bio,0.13,0.51,0.38,0.43,0.41,-0.02
subj_24,ordinary,hear something,take a walk,see something,causal,mind,action,mind,0.25,0.58,0.33,0.44,0.18,-0.27
subj_24,ordinary,jump up and down,see something,sit down,causal,action,mind,action,0.29,0.6,0.32,0.83,0.3,-0.52
subj_24,ordinary,get sick,see something,get tired,similar,bio,mind,bio,0.38,0.62,0.25,0.39,0.34,-0.06
subj_24,ordinary,choose what to do,experience pain,remember something,similar,mind,bio,mind,0.2,0.57,0.36,0.15,0.36,0.22
subj_24,ordinary,become hungry,take a walk,feel scared,causal,bio,action,bio,0.18,0.55,0.37,0.67,0.44,-0.22
subj_24,ordinary,kick something,think about something,sit down,causal,action,mind,action,0.37,0.6,0.23,0.7,0.42,-0.29
subj_24,ordinary,think about something,get sick,remember something,similar,mind,bio,mind,0.25,0.65,0.4,0.08,0.15,0.08
subj_24,ordinary,reach for something,become hungry,kick something,causal,action,bio,action,0.21,0.56,0.35,0.54,0.4,-0.15
subj_25,magical,jump up and down,see something,sit down,similar,action,mind,action,0.29,0.6,0.32,0.83,0.3,-0.52
subj_25,magical,experience pain,kick something,get tired,similar,bio,action,bio,0.13,0.51,0.38,0.43,0.41,-0.02
subj_25,magical,sit down,experience pain,jump up and down,similar,action,bio,action,0.13,0.58,0.45,0.54,0.3,-0.23
subj_25,magical,choose what to do,experience pain,remember something,similar,mind,bio,mind,0.2,0.57,0.36,0.15,0.36,0.22
subj_25,magical,get tired,jump up and down,feel scared,similar,bio,action,bio,0.1,0.54,0.43,0.42,0.4,-0.02
subj_25,magical,feel scared,see something,get tired,similar,bio,mind,bio,0.12,0.54,0.42,0.51,0.4,-0.11
subj_25,magical,kick something,think about something,sit down,similar,action,mind,action,0.37,0.6,0.23,0.7,0.42,-0.29
subj_25,magical,think about something,get sick,remember something,similar,mind,bio,mind,0.25,0.65,0.4,0.08,0.15,0.08
subj_25,magical,remember something,take a walk,think about something,similar,mind,action,mind,0.24,0.61,0.37,0.07,0.15,0.08
subj_25,magical,get sick,see something,get tired,similar,bio,mind,bio,0.38,0.62,0.25,0.39,0.34,-0.06
subj_25,magical,reach for something,become hungry,kick something,similar,action,bio,action,0.21,0.56,0.35,0.54,0.4,-0.15
subj_25,magical,take a walk,think about something,sit down,causal,action,mind,action,0.26,0.58,0.32,0.77,0.33,-0.44
subj_25,magical,see something,take a walk,hear something,similar,mind,action,mind,0.2,0.58,0.38,0.42,0.18,-0.24
subj_25,magical,become hungry,take a walk,feel scared,causal,bio,action,bio,0.18,0.55,0.37,0.67,0.44,-0.22
subj_25,magical,hear something,take a walk,see something,similar,mind,action,mind,0.25,0.58,0.33,0.44,0.18,-0.27
subj_26,ordinary,think about something,get sick,remember something,similar,mind,bio,mind,0.25,0.65,0.4,0.08,0.15,0.08
subj_26,ordinary,get tired,jump up and down,feel scared,causal,bio,action,bio,0.1,0.54,0.43,0.42,0.4,-0.02
subj_26,ordinary,become hungry,take a walk,feel scared,causal,bio,action,bio,0.18,0.55,0.37,0.67,0.44,-0.22
subj_26,ordinary,get sick,see something,get tired,similar,bio,mind,bio,0.38,0.62,0.25,0.39,0.34,-0.06
subj_26,ordinary,sit down,experience pain,jump up and down,causal,action,bio,action,0.13,0.58,0.45,0.54,0.3,-0.23
subj_26,ordinary,remember something,take a walk,think about something,similar,mind,action,mind,0.24,0.61,0.37,0.07,0.15,0.08
subj_26,ordinary,see something,take a walk,hear something,causal,mind,action,mind,0.2,0.58,0.38,0.42,0.18,-0.24
subj_26,ordinary,feel scared,see something,get tired,causal,bio,mind,bio,0.12,0.54,0.42,0.51,0.4,-0.11
subj_26,ordinary,take a walk,think about something,sit down,causal,action,mind,action,0.26,0.58,0.32,0.77,0.33,-0.44
subj_26,ordinary,kick something,think about something,sit down,causal,action,mind,action,0.37,0.6,0.23,0.7,0.42,-0.29
subj_26,ordinary,choose what to do,experience pain,remember something,causal,mind,bio,mind,0.2,0.57,0.36,0.15,0.36,0.22
subj_26,ordinary,jump up and down,see something,sit down,causal,action,mind,action,0.29,0.6,0.32,0.83,0.3,-0.52
subj_26,ordinary,hear something,take a walk,see something,causal,mind,action,mind,0.25,0.58,0.33,0.44,0.18,-0.27
subj_26,ordinary,experience pain,kick something,get tired,causal,bio,action,bio,0.13,0.51,0.38,0.43,0.41,-0.02
subj_26,ordinary,reach for something,become hungry,kick something,causal,action,bio,action,0.21,0.56,0.35,0.54,0.4,-0.15
subj_27,ordinary,remember something,take a walk,think about something,similar,mind,action,mind,0.24,0.61,0.37,0.07,0.15,0.08
subj_27,ordinary,hear something,take a walk,see something,similar,mind,action,mind,0.25,0.58,0.33,0.44,0.18,-0.27
subj_27,ordinary,take a walk,think about something,sit down,causal,action,mind,action,0.26,0.58,0.32,0.77,0.33,-0.44
subj_27,ordinary,jump up and down,see something,sit down,causal,action,mind,action,0.29,0.6,0.32,0.83,0.3,-0.52
subj_27,ordinary,kick something,think about something,sit down,causal,action,mind,action,0.37,0.6,0.23,0.7,0.42,-0.29
subj_27,ordinary,feel scared,see something,get tired,causal,bio,mind,bio,0.12,0.54,0.42,0.51,0.4,-0.11
subj_27,ordinary,sit down,experience pain,jump up and down,causal,action,bio,action,0.13,0.58,0.45,0.54,0.3,-0.23
subj_27,ordinary,choose what to do,experience pain,remember something,causal,mind,bio,mind,0.2,0.57,0.36,0.15,0.36,0.22
subj_27,ordinary,become hungry,take a walk,feel scared,causal,bio,action,bio,0.18,0.55,0.37,0.67,0.44,-0.22
subj_27,ordinary,get tired,jump up and down,feel scared,causal,bio,action,bio,0.1,0.54,0.43,0.42,0.4,-0.02
subj_27,ordinary,get sick,see something,get tired,similar,bio,mind,bio,0.38,0.62,0.25,0.39,0.34,-0.06
subj_27,ordinary,experience pain,kick something,get tired,causal,bio,action,bio,0.13,0.51,0.38,0.43,0.41,-0.02
subj_27,ordinary,think about something,get sick,remember something,similar,mind,bio,mind,0.25,0.65,0.4,0.08,0.15,0.08
subj_27,ordinary,reach for something,become hungry,kick something,causal,action,bio,action,0.21,0.56,0.35,0.54,0.4,-0.15
subj_27,ordinary,see something,take a walk,hear something,similar,mind,action,mind,0.2,0.58,0.38,0.42,0.18,-0.24
subj_28,magical,get sick,see something,get tired,similar,bio,mind,bio,0.38,0.62,0.25,0.39,0.34,-0.06
subj_28,magical,take a walk,think about something,sit down,similar,action,mind,action,0.26,0.58,0.32,0.77,0.33,-0.44
subj_28,magical,experience pain,kick something,get tired,causal,bio,action,bio,0.13,0.51,0.38,0.43,0.41,-0.02
subj_28,magical,sit down,experience pain,jump up and down,similar,action,bio,action,0.13,0.58,0.45,0.54,0.3,-0.23
subj_28,magical,hear something,take a walk,see something,similar,mind,action,mind,0.25,0.58,0.33,0.44,0.18,-0.27
subj_28,magical,jump up and down,see something,sit down,similar,action,mind,action,0.29,0.6,0.32,0.83,0.3,-0.52
subj_28,magical,think about something,get sick,remember something,similar,mind,bio,mind,0.25,0.65,0.4,0.08,0.15,0.08
subj_28,magical,choose what to do,experience pain,remember something,similar,mind,bio,mind,0.2,0.57,0.36,0.15,0.36,0.22
subj_28,magical,kick something,think about something,sit down,similar,action,mind,action,0.37,0.6,0.23,0.7,0.42,-0.29
subj_28,magical,remember something,take a walk,think about something,similar,mind,action,mind,0.24,0.61,0.37,0.07,0.15,0.08
subj_28,magical,see something,take a walk,hear something,similar,mind,action,mind,0.2,0.58,0.38,0.42,0.18,-0.24
subj_28,magical,become hungry,take a walk,feel scared,similar,bio,action,bio,0.18,0.55,0.37,0.67,0.44,-0.22
subj_28,magical,feel scared,see something,get tired,causal,bio,mind,bio,0.12,0.54,0.42,0.51,0.4,-0.11
subj_28,magical,get tired,jump up and down,feel scared,similar,bio,action,bio,0.1,0.54,0.43,0.42,0.4,-0.02
subj_28,magical,reach for something,become hungry,kick something,similar,action,bio,action,0.21,0.56,0.35,0.54,0.4,-0.15
subj_29,magical,take a walk,think about something,sit down,similar,action,mind,action,0.26,0.58,0.32,0.77,0.33,-0.44
subj_29,magical,jump up and down,see something,sit down,similar,action,mind,action,0.29,0.6,0.32,0.83,0.3,-0.52
subj_29,magical,kick something,think about something,sit down,causal,action,mind,action,0.37,0.6,0.23,0.7,0.42,-0.29
subj_29,magical,choose what to do,experience pain,remember something,causal,mind,bio,mind,0.2,0.57,0.36,0.15,0.36,0.22
subj_29,magical,feel scared,see something,get tired,causal,bio,mind,bio,0.12,0.54,0.42,0.51,0.4,-0.11
subj_29,magical,sit down,experience pain,jump up and down,similar,action,bio,action,0.13,0.58,0.45,0.54,0.3,-0.23
subj_29,magical,get sick,see something,get tired,similar,bio,mind,bio,0.38,0.62,0.25,0.39,0.34,-0.06
subj_29,magical,become hungry,take a walk,feel scared,causal,bio,action,bio,0.18,0.55,0.37,0.67,0.44,-0.22
subj_29,magical,reach for something,become hungry,kick something,causal,action,bio,action,0.21,0.56,0.35,0.54,0.4,-0.15
subj_29,magical,hear something,take a walk,see something,causal,mind,action,mind,0.25,0.58,0.33,0.44,0.18,-0.27
subj_29,magical,remember something,take a walk,think about something,similar,mind,action,mind,0.24,0.61,0.37,0.07,0.15,0.08
subj_29,magical,experience pain,kick something,get tired,causal,bio,action,bio,0.13,0.51,0.38,0.43,0.41,-0.02
subj_29,magical,see something,take a walk,hear something,causal,mind,action,mind,0.2,0.58,0.38,0.42,0.18,-0.24
subj_29,magical,think about something,get sick,remember something,similar,mind,bio,mind,0.25,0.65,0.4,0.08,0.15,0.08
subj_29,magical,get tired,jump up and down,feel scared,causal,bio,action,bio,0.1,0.54,0.43,0.42,0.4,-0.02
subj_30,magical,see something,take a walk,hear something,causal,mind,action,mind,0.2,0.58,0.38,0.42,0.18,-0.24
subj_30,magical,take a walk,think about something,sit down,causal,action,mind,action,0.26,0.58,0.32,0.77,0.33,-0.44
subj_30,magical,experience pain,kick something,get tired,causal,bio,action,bio,0.13,0.51,0.38,0.43,0.41,-0.02
subj_30,magical,reach for something,become hungry,kick something,similar,action,bio,action,0.21,0.56,0.35,0.54,0.4,-0.15
subj_30,magical,jump up and down,see something,sit down,similar,action,mind,action,0.29,0.6,0.32,0.83,0.3,-0.52
subj_30,magical,think about something,get sick,remember something,similar,mind,bio,mind,0.25,0.65,0.4,0.08,0.15,0.08
subj_30,magical,remember something,take a walk,think about something,similar,mind,action,mind,0.24,0.61,0.37,0.07,0.15,0.08
subj_30,magical,get tired,jump up and down,feel scared,similar,bio,action,bio,0.1,0.54,0.43,0.42,0.4,-0.02
subj_30,magical,get sick,see something,get tired,similar,bio,mind,bio,0.38,0.62,0.25,0.39,0.34,-0.06
subj_30,magical,kick something,think about something,sit down,causal,action,mind,action,0.37,0.6,0.23,0.7,0.42,-0.29
subj_30,magical,choose what to do,experience pain,remember something,similar,mind,bio,mind,0.2,0.57,0.36,0.15,0.36,0.22
subj_30,magical,feel scared,see something,get tired,similar,bio,mind,bio,0.12,0.54,0.42,0.51,0.4,-0.11
subj_30,magical,hear something,take a walk,see something,similar,mind,action,mind,0.25,0.58,0.33,0.44,0.18,-0.27
subj_30,magical,become hungry,take a walk,feel scared,similar,bio,action,bio,0.18,0.55,0.37,0.67,0.44,-0.22
subj_30,magical,sit down,experience pain,jump up and down,similar,action,bio,action,0.13,0.58,0.45,0.54,0.3,-0.23
subj_31,ordinary,become hungry,take a walk,feel scared,causal,bio,action,bio,0.18,0.55,0.37,0.67,0.44,-0.22
subj_31,ordinary,choose what to do,experience pain,remember something,similar,mind,bio,mind,0.2,0.57,0.36,0.15,0.36,0.22
subj_31,ordinary,take a walk,think about something,sit down,causal,action,mind,action,0.26,0.58,0.32,0.77,0.33,-0.44
subj_31,ordinary,get tired,jump up and down,feel scared,causal,bio,action,bio,0.1,0.54,0.43,0.42,0.4,-0.02
subj_31,ordinary,jump up and down,see something,sit down,causal,action,mind,action,0.29,0.6,0.32,0.83,0.3,-0.52
subj_31,ordinary,feel scared,see something,get tired,causal,bio,mind,bio,0.12,0.54,0.42,0.51,0.4,-0.11
subj_31,ordinary,hear something,take a walk,see something,causal,mind,action,mind,0.25,0.58,0.33,0.44,0.18,-0.27
subj_31,ordinary,see something,take a walk,hear something,causal,mind,action,mind,0.2,0.58,0.38,0.42,0.18,-0.24
subj_31,ordinary,think about something,get sick,remember something,similar,mind,bio,mind,0.25,0.65,0.4,0.08,0.15,0.08
subj_31,ordinary,experience pain,kick something,get tired,causal,bio,action,bio,0.13,0.51,0.38,0.43,0.41,-0.02
subj_31,ordinary,get sick,see something,get tired,similar,bio,mind,bio,0.38,0.62,0.25,0.39,0.34,-0.06
subj_31,ordinary,kick something,think about something,sit down,causal,action,mind,action,0.37,0.6,0.23,0.7,0.42,-0.29
subj_31,ordinary,remember something,take a walk,think about something,similar,mind,action,mind,0.24,0.61,0.37,0.07,0.15,0.08
subj_31,ordinary,sit down,experience pain,jump up and down,similar,action,bio,action,0.13,0.58,0.45,0.54,0.3,-0.23
subj_31,ordinary,reach for something,become hungry,kick something,causal,action,bio,action,0.21,0.56,0.35,0.54,0.4,-0.15
subj_32,magical,remember something,take a walk,think about something,similar,mind,action,mind,0.24,0.61,0.37,0.07,0.15,0.08
subj_32,magical,think about something,get sick,remember something,similar,mind,bio,mind,0.25,0.65,0.4,0.08,0.15,0.08
subj_32,magical,kick something,think about something,sit down,causal,action,mind,action,0.37,0.6,0.23,0.7,0.42,-0.29
subj_32,magical,experience pain,kick something,get tired,causal,bio,action,bio,0.13,0.51,0.38,0.43,0.41,-0.02
subj_32,magical,sit down,experience pain,jump up and down,causal,action,bio,action,0.13,0.58,0.45,0.54,0.3,-0.23
subj_32,magical,take a walk,think about something,sit down,causal,action,mind,action,0.26,0.58,0.32,0.77,0.33,-0.44
subj_32,magical,get tired,jump up and down,feel scared,causal,bio,action,bio,0.1,0.54,0.43,0.42,0.4,-0.02
subj_32,magical,become hungry,take a walk,feel scared,causal,bio,action,bio,0.18,0.55,0.37,0.67,0.44,-0.22
subj_32,magical,get sick,see something,get tired,similar,bio,mind,bio,0.38,0.62,0.25,0.39,0.34,-0.06
subj_32,magical,choose what to do,experience pain,remember something,similar,mind,bio,mind,0.2,0.57,0.36,0.15,0.36,0.22
subj_32,magical,feel scared,see something,get tired,causal,bio,mind,bio,0.12,0.54,0.42,0.51,0.4,-0.11
subj_32,magical,jump up and down,see something,sit down,causal,action,mind,action,0.29,0.6,0.32,0.83,0.3,-0.52
subj_32,magical,reach for something,become hungry,kick something,similar,action,bio,action,0.21,0.56,0.35,0.54,0.4,-0.15
subj_32,magical,hear something,take a walk,see something,causal,mind,action,mind,0.25,0.58,0.33,0.44,0.18,-0.27
subj_32,magical,see something,take a walk,hear something,causal,mind,action,mind,0.2,0.58,0.38,0.42,0.18,-0.24
subj_33,ordinary,see something,take a walk,hear something,causal,mind,action,mind,0.2,0.58,0.38,0.42,0.18,-0.24
subj_33,ordinary,choose what to do,experience pain,remember something,similar,mind,bio,mind,0.2,0.57,0.36,0.15,0.36,0.22
subj_33,ordinary,experience pain,kick something,get tired,causal,bio,action,bio,0.13,0.51,0.38,0.43,0.41,-0.02
subj_33,ordinary,remember something,take a walk,think about something,similar,mind,action,mind,0.24,0.61,0.37,0.07,0.15,0.08
subj_33,ordinary,think about something,get sick,remember something,similar,mind,bio,mind,0.25,0.65,0.4,0.08,0.15,0.08
subj_33,ordinary,become hungry,take a walk,feel scared,causal,bio,action,bio,0.18,0.55,0.37,0.67,0.44,-0.22
subj_33,ordinary,hear something,take a walk,see something,causal,mind,action,mind,0.25,0.58,0.33,0.44,0.18,-0.27
subj_33,ordinary,get sick,see something,get tired,causal,bio,mind,bio,0.38,0.62,0.25,0.39,0.34,-0.06
subj_33,ordinary,get tired,jump up and down,feel scared,causal,bio,action,bio,0.1,0.54,0.43,0.42,0.4,-0.02
subj_33,ordinary,kick something,think about something,sit down,causal,action,mind,action,0.37,0.6,0.23,0.7,0.42,-0.29
subj_33,ordinary,feel scared,see something,get tired,causal,bio,mind,bio,0.12,0.54,0.42,0.51,0.4,-0.11
subj_33,ordinary,reach for something,become hungry,kick something,causal,action,bio,action,0.21,0.56,0.35,0.54,0.4,-0.15
subj_33,ordinary,take a walk,think about something,sit down,causal,action,mind,action,0.26,0.58,0.32,0.77,0.33,-0.44
subj_33,ordinary,jump up and down,see something,sit down,causal,action,mind,action,0.29,0.6,0.32,0.83,0.3,-0.52
subj_33,ordinary,sit down,experience pain,jump up and down,causal,action,bio,action,0.13,0.58,0.45,0.54,0.3,-0.23
subj_34,ordinary,hear something,take a walk,see something,causal,mind,action,mind,0.25,0.58,0.33,0.44,0.18,-0.27
subj_34,ordinary,sit down,experience pain,jump up and down,causal,action,bio,action,0.13,0.58,0.45,0.54,0.3,-0.23
subj_34,ordinary,kick something,think about something,sit down,causal,action,mind,action,0.37,0.6,0.23,0.7,0.42,-0.29
subj_34,ordinary,jump up and down,see something,sit down,causal,action,mind,action,0.29,0.6,0.32,0.83,0.3,-0.52
subj_34,ordinary,experience pain,kick something,get tired,similar,bio,action,bio,0.13,0.51,0.38,0.43,0.41,-0.02
subj_34,ordinary,think about something,get sick,remember something,similar,mind,bio,mind,0.25,0.65,0.4,0.08,0.15,0.08
subj_34,ordinary,see something,take a walk,hear something,causal,mind,action,mind,0.2,0.58,0.38,0.42,0.18,-0.24
subj_34,ordinary,feel scared,see something,get tired,causal,bio,mind,bio,0.12,0.54,0.42,0.51,0.4,-0.11
subj_34,ordinary,remember something,take a walk,think about something,similar,mind,action,mind,0.24,0.61,0.37,0.07,0.15,0.08
subj_34,ordinary,get sick,see something,get tired,similar,bio,mind,bio,0.38,0.62,0.25,0.39,0.34,-0.06
subj_34,ordinary,reach for something,become hungry,kick something,causal,action,bio,action,0.21,0.56,0.35,0.54,0.4,-0.15
subj_34,ordinary,become hungry,take a walk,feel scared,causal,bio,action,bio,0.18,0.55,0.37,0.67,0.44,-0.22
subj_34,ordinary,get tired,jump up and down,feel scared,causal,bio,action,bio,0.1,0.54,0.43,0.42,0.4,-0.02
subj_34,ordinary,choose what to do,experience pain,remember something,similar,mind,bio,mind,0.2,0.57,0.36,0.15,0.36,0.22
subj_34,ordinary,take a walk,think about something,sit down,causal,action,mind,action,0.26,0.58,0.32,0.77,0.33,-0.44
subj_35,magical,take a walk,think about something,sit down,similar,action,mind,action,0.26,0.58,0.32,0.77,0.33,-0.44
subj_35,magical,sit down,experience pain,jump up and down,similar,action,bio,action,0.13,0.58,0.45,0.54,0.3,-0.23
subj_35,magical,see something,take a walk,hear something,similar,mind,action,mind,0.2,0.58,0.38,0.42,0.18,-0.24
subj_35,magical,get tired,jump up and down,feel scared,causal,bio,action,bio,0.1,0.54,0.43,0.42,0.4,-0.02
subj_35,magical,feel scared,see something,get tired,causal,bio,mind,bio,0.12,0.54,0.42,0.51,0.4,-0.11
subj_35,magical,kick something,think about something,sit down,similar,action,mind,action,0.37,0.6,0.23,0.7,0.42,-0.29
subj_35,magical,reach for something,become hungry,kick something,similar,action,bio,action,0.21,0.56,0.35,0.54,0.4,-0.15
subj_35,magical,think about something,get sick,remember something,similar,mind,bio,mind,0.25,0.65,0.4,0.08,0.15,0.08
subj_35,magical,jump up and down,see something,sit down,similar,action,mind,action,0.29,0.6,0.32,0.83,0.3,-0.52
subj_35,magical,become hungry,take a walk,feel scared,causal,bio,action,bio,0.18,0.55,0.37,0.67,0.44,-0.22
subj_35,magical,experience pain,kick something,get tired,causal,bio,action,bio,0.13,0.51,0.38,0.43,0.41,-0.02
subj_35,magical,choose what to do,experience pain,remember something,similar,mind,bio,mind,0.2,0.57,0.36,0.15,0.36,0.22
subj_35,magical,remember something,take a walk,think about something,similar,mind,action,mind,0.24,0.61,0.37,0.07,0.15,0.08
subj_35,magical,hear something,take a walk,see something,similar,mind,action,mind,0.25,0.58,0.33,0.44,0.18,-0.27
subj_35,magical,get sick,see something,get tired,similar,bio,mind,bio,0.38,0.62,0.25,0.39,0.34,-0.06
subj_36,ordinary,jump up and down,see something,sit down,similar,action,mind,action,0.29,0.6,0.32,0.83,0.3,-0.52
subj_36,ordinary,hear something,take a walk,see something,causal,mind,action,mind,0.25,0.58,0.33,0.44,0.18,-0.27
subj_36,ordinary,reach for something,become hungry,kick something,similar,action,bio,action,0.21,0.56,0.35,0.54,0.4,-0.15
subj_36,ordinary,think about something,get sick,remember something,similar,mind,bio,mind,0.25,0.65,0.4,0.08,0.15,0.08
subj_36,ordinary,become hungry,take a walk,feel scared,causal,bio,action,bio,0.18,0.55,0.37,0.67,0.44,-0.22
subj_36,ordinary,take a walk,think about something,sit down,causal,action,mind,action,0.26,0.58,0.32,0.77,0.33,-0.44
subj_36,ordinary,experience pain,kick something,get tired,causal,bio,action,bio,0.13,0.51,0.38,0.43,0.41,-0.02
subj_36,ordinary,get sick,see something,get tired,similar,bio,mind,bio,0.38,0.62,0.25,0.39,0.34,-0.06
subj_36,ordinary,remember something,take a walk,think about something,similar,mind,action,mind,0.24,0.61,0.37,0.07,0.15,0.08
subj_36,ordinary,get tired,jump up and down,feel scared,causal,bio,action,bio,0.1,0.54,0.43,0.42,0.4,-0.02
subj_36,ordinary,see something,take a walk,hear something,causal,mind,action,mind,0.2,0.58,0.38,0.42,0.18,-0.24
subj_36,ordinary,kick something,think about something,sit down,causal,action,mind,action,0.37,0.6,0.23,0.7,0.42,-0.29
subj_36,ordinary,sit down,experience pain,jump up and down,causal,action,bio,action,0.13,0.58,0.45,0.54,0.3,-0.23
subj_36,ordinary,choose what to do,experience pain,remember something,similar,mind,bio,mind,0.2,0.57,0.36,0.15,0.36,0.22
subj_36,ordinary,feel scared,see something,get tired,causal,bio,mind,bio,0.12,0.54,0.42,0.51,0.4,-0.11
subj_37,magical,sit down,experience pain,jump up and down,similar,action,bio,action,0.13,0.58,0.45,0.54,0.3,-0.23
subj_37,magical,see something,take a walk,hear something,causal,mind,action,mind,0.2,0.58,0.38,0.42,0.18,-0.24
subj_37,magical,remember something,take a walk,think about something,similar,mind,action,mind,0.24,0.61,0.37,0.07,0.15,0.08
subj_37,magical,kick something,think about something,sit down,causal,action,mind,action,0.37,0.6,0.23,0.7,0.42,-0.29
subj_37,magical,jump up and down,see something,sit down,similar,action,mind,action,0.29,0.6,0.32,0.83,0.3,-0.52
subj_37,magical,take a walk,think about something,sit down,causal,action,mind,action,0.26,0.58,0.32,0.77,0.33,-0.44
subj_37,magical,experience pain,kick something,get tired,similar,bio,action,bio,0.13,0.51,0.38,0.43,0.41,-0.02
subj_37,magical,hear something,take a walk,see something,similar,mind,action,mind,0.25,0.58,0.33,0.44,0.18,-0.27
subj_37,magical,think about something,get sick,remember something,similar,mind,bio,mind,0.25,0.65,0.4,0.08,0.15,0.08
subj_37,magical,reach for something,become hungry,kick something,similar,action,bio,action,0.21,0.56,0.35,0.54,0.4,-0.15
subj_37,magical,choose what to do,experience pain,remember something,similar,mind,bio,mind,0.2,0.57,0.36,0.15,0.36,0.22
subj_37,magical,get sick,see something,get tired,similar,bio,mind,bio,0.38,0.62,0.25,0.39,0.34,-0.06
subj_37,magical,get tired,jump up and down,feel scared,similar,bio,action,bio,0.1,0.54,0.43,0.42,0.4,-0.02
subj_37,magical,feel scared,see something,get tired,similar,bio,mind,bio,0.12,0.54,0.42,0.51,0.4,-0.11
subj_37,magical,become hungry,take a walk,feel scared,causal,bio,action,bio,0.18,0.55,0.37,0.67,0.44,-0.22
subj_38,magical,sit down,experience pain,jump up and down,similar,action,bio,action,0.13,0.58,0.45,0.54,0.3,-0.23
subj_38,magical,hear something,take a walk,see something,similar,mind,action,mind,0.25,0.58,0.33,0.44,0.18,-0.27
subj_38,magical,remember something,take a walk,think about something,similar,mind,action,mind,0.24,0.61,0.37,0.07,0.15,0.08
subj_38,magical,reach for something,become hungry,kick something,similar,action,bio,action,0.21,0.56,0.35,0.54,0.4,-0.15
subj_38,magical,kick something,think about something,sit down,similar,action,mind,action,0.37,0.6,0.23,0.7,0.42,-0.29
subj_38,magical,think about something,get sick,remember something,similar,mind,bio,mind,0.25,0.65,0.4,0.08,0.15,0.08
subj_38,magical,become hungry,take a walk,feel scared,causal,bio,action,bio,0.18,0.55,0.37,0.67,0.44,-0.22
subj_38,magical,take a walk,think about something,sit down,similar,action,mind,action,0.26,0.58,0.32,0.77,0.33,-0.44
subj_38,magical,get sick,see something,get tired,similar,bio,mind,bio,0.38,0.62,0.25,0.39,0.34,-0.06
subj_38,magical,get tired,jump up and down,feel scared,causal,bio,action,bio,0.1,0.54,0.43,0.42,0.4,-0.02
subj_38,magical,see something,take a walk,hear something,similar,mind,action,mind,0.2,0.58,0.38,0.42,0.18,-0.24
subj_38,magical,experience pain,kick something,get tired,similar,bio,action,bio,0.13,0.51,0.38,0.43,0.41,-0.02
subj_38,magical,feel scared,see something,get tired,similar,bio,mind,bio,0.12,0.54,0.42,0.51,0.4,-0.11
subj_38,magical,jump up and down,see something,sit down,similar,action,mind,action,0.29,0.6,0.32,0.83,0.3,-0.52
subj_38,magical,choose what to do,experience pain,remember something,similar,mind,bio,mind,0.2,0.57,0.36,0.15,0.36,0.22
subj_39,ordinary,get sick,see something,get tired,similar,bio,mind,bio,0.38,0.62,0.25,0.39,0.34,-0.06
subj_39,ordinary,kick something,think about something,sit down,causal,action,mind,action,0.37,0.6,0.23,0.7,0.42,-0.29
subj_39,ordinary,experience pain,kick something,get tired,causal,bio,action,bio,0.13,0.51,0.38,0.43,0.41,-0.02
subj_39,ordinary,sit down,experience pain,jump up and down,causal,action,bio,action,0.13,0.58,0.45,0.54,0.3,-0.23
subj_39,ordinary,take a walk,think about something,sit down,causal,action,mind,action,0.26,0.58,0.32,0.77,0.33,-0.44
subj_39,ordinary,feel scared,see something,get tired,causal,bio,mind,bio,0.12,0.54,0.42,0.51,0.4,-0.11
subj_39,ordinary,remember something,take a walk,think about something,similar,mind,action,mind,0.24,0.61,0.37,0.07,0.15,0.08
subj_39,ordinary,see something,take a walk,hear something,causal,mind,action,mind,0.2,0.58,0.38,0.42,0.18,-0.24
subj_39,ordinary,get tired,jump up and down,feel scared,causal,bio,action,bio,0.1,0.54,0.43,0.42,0.4,-0.02
subj_39,ordinary,hear something,take a walk,see something,causal,mind,action,mind,0.25,0.58,0.33,0.44,0.18,-0.27
subj_39,ordinary,reach for something,become hungry,kick something,similar,action,bio,action,0.21,0.56,0.35,0.54,0.4,-0.15
subj_39,ordinary,jump up and down,see something,sit down,causal,action,mind,action,0.29,0.6,0.32,0.83,0.3,-0.52
subj_39,ordinary,choose what to do,experience pain,remember something,similar,mind,bio,mind,0.2,0.57,0.36,0.15,0.36,0.22
subj_39,ordinary,become hungry,take a walk,feel scared,causal,bio,action,bio,0.18,0.55,0.37,0.67,0.44,-0.22
subj_39,ordinary,think about something,get sick,remember something,similar,mind,bio,mind,0.25,0.65,0.4,0.08,0.15,0.08
subj_40,magical,sit down,experience pain,jump up and down,similar,action,bio,action,0.13,0.58,0.45,0.54,0.3,-0.23
subj_40,magical,experience pain,kick something,get tired,causal,bio,action,bio,0.13,0.51,0.38,0.43,0.41,-0.02
subj_40,magical,take a walk,think about something,sit down,causal,action,mind,action,0.26,0.58,0.32,0.77,0.33,-0.44
subj_40,magical,kick something,think about something,sit down,causal,action,mind,action,0.37,0.6,0.23,0.7,0.42,-0.29
subj_40,magical,see something,take a walk,hear something,causal,mind,action,mind,0.2,0.58,0.38,0.42,0.18,-0.24
subj_40,magical,choose what to do,experience pain,remember something,similar,mind,bio,mind,0.2,0.57,0.36,0.15,0.36,0.22
subj_40,magical,jump up and down,see something,sit down,similar,action,mind,action,0.29,0.6,0.32,0.83,0.3,-0.52
subj_40,magical,become hungry,take a walk,feel scared,similar,bio,action,bio,0.18,0.55,0.37,0.67,0.44,-0.22
subj_40,magical,hear something,take a walk,see something,causal,mind,action,mind,0.25,0.58,0.33,0.44,0.18,-0.27
subj_40,magical,think about something,get sick,remember something,similar,mind,bio,mind,0.25,0.65,0.4,0.08,0.15,0.08
subj_40,magical,get sick,see something,get tired,similar,bio,mind,bio,0.38,0.62,0.25,0.39,0.34,-0.06
subj_40,magical,feel scared,see something,get tired,causal,bio,mind,bio,0.12,0.54,0.42,0.51,0.4,-0.11
subj_40,magical,get tired,jump up and down,feel scared,causal,bio,action,bio,0.1,0.54,0.43,0.42,0.4,-0.02
subj_40,magical,reach for something,become hungry,kick something,causal,action,bio,action,0.21,0.56,0.35,0.54,0.4,-0.15
subj_40,magical,remember something,take a walk,think about something,similar,mind,action,mind,0.24,0.61,0.37,0.07,0.15,0.08
subj_41,magical,jump up and down,see something,sit down,causal,action,mind,action,0.29,0.6,0.32,0.83,0.3,-0.52
subj_41,magical,take a walk,think about something,sit down,causal,action,mind,action,0.26,0.58,0.32,0.77,0.33,-0.44
subj_41,magical,sit down,experience pain,jump up and down,causal,action,bio,action,0.13,0.58,0.45,0.54,0.3,-0.23
subj_41,magical,become hungry,take a walk,feel scared,causal,bio,action,bio,0.18,0.55,0.37,0.67,0.44,-0.22
subj_41,magical,get tired,jump up and down,feel scared,causal,bio,action,bio,0.1,0.54,0.43,0.42,0.4,-0.02
subj_41,magical,hear something,take a walk,see something,causal,mind,action,mind,0.25,0.58,0.33,0.44,0.18,-0.27
subj_41,magical,choose what to do,experience pain,remember something,similar,mind,bio,mind,0.2,0.57,0.36,0.15,0.36,0.22
subj_41,magical,get sick,see something,get tired,similar,bio,mind,bio,0.38,0.62,0.25,0.39,0.34,-0.06
subj_41,magical,think about something,get sick,remember something,similar,mind,bio,mind,0.25,0.65,0.4,0.08,0.15,0.08
subj_41,magical,feel scared,see something,get tired,causal,bio,mind,bio,0.12,0.54,0.42,0.51,0.4,-0.11
subj_41,magical,remember something,take a walk,think about something,similar,mind,action,mind,0.24,0.61,0.37,0.07,0.15,0.08
subj_41,magical,kick something,think about something,sit down,causal,action,mind,action,0.37,0.6,0.23,0.7,0.42,-0.29
subj_41,magical,see something,take a walk,hear something,causal,mind,action,mind,0.2,0.58,0.38,0.42,0.18,-0.24
subj_41,magical,reach for something,become hungry,kick something,causal,action,bio,action,0.21,0.56,0.35,0.54,0.4,-0.15
subj_41,magical,experience pain,kick something,get tired,causal,bio,action,bio,0.13,0.51,0.38,0.43,0.41,-0.02
subj_42,magical,jump up and down,see something,sit down,similar,action,mind,action,0.29,0.6,0.32,0.83,0.3,-0.52
subj_42,magical,see something,take a walk,hear something,similar,mind,action,mind,0.2,0.58,0.38,0.42,0.18,-0.24
subj_42,magical,kick something,think about something,sit down,similar,action,mind,action,0.37,0.6,0.23,0.7,0.42,-0.29
subj_42,magical,take a walk,think about something,sit down,similar,action,mind,action,0.26,0.58,0.32,0.77,0.33,-0.44
subj_42,magical,hear something,take a walk,see something,similar,mind,action,mind,0.25,0.58,0.33,0.44,0.18,-0.27
subj_42,magical,remember something,take a walk,think about something,similar,mind,action,mind,0.24,0.61,0.37,0.07,0.15,0.08
subj_42,magical,choose what to do,experience pain,remember something,similar,mind,bio,mind,0.2,0.57,0.36,0.15,0.36,0.22
subj_42,magical,reach for something,become hungry,kick something,causal,action,bio,action,0.21,0.56,0.35,0.54,0.4,-0.15
subj_42,magical,get sick,see something,get tired,similar,bio,mind,bio,0.38,0.62,0.25,0.39,0.34,-0.06
subj_42,magical,think about something,get sick,remember something,similar,mind,bio,mind,0.25,0.65,0.4,0.08,0.15,0.08
subj_42,magical,become hungry,take a walk,feel scared,similar,bio,action,bio,0.18,0.55,0.37,0.67,0.44,-0.22
subj_42,magical,sit down,experience pain,jump up and down,similar,action,bio,action,0.13,0.58,0.45,0.54,0.3,-0.23
subj_42,magical,feel scared,see something,get tired,causal,bio,mind,bio,0.12,0.54,0.42,0.51,0.4,-0.11
subj_42,magical,get tired,jump up and down,feel scared,causal,bio,action,bio,0.1,0.54,0.43,0.42,0.4,-0.02
subj_42,magical,experience pain,kick something,get tired,causal,bio,action,bio,0.13,0.51,0.38,0.43,0.41,-0.02
subj_43,ordinary,jump up and down,see something,sit down,causal,action,mind,action,0.29,0.6,0.32,0.83,0.3,-0.52
subj_43,ordinary,hear something,take a walk,see something,causal,mind,action,mind,0.25,0.58,0.33,0.44,0.18,-0.27
subj_43,ordinary,take a walk,think about something,sit down,causal,action,mind,action,0.26,0.58,0.32,0.77,0.33,-0.44
subj_43,ordinary,think about something,get sick,remember something,similar,mind,bio,mind,0.25,0.65,0.4,0.08,0.15,0.08
subj_43,ordinary,get sick,see something,get tired,similar,bio,mind,bio,0.38,0.62,0.25,0.39,0.34,-0.06
subj_43,ordinary,reach for something,become hungry,kick something,causal,action,bio,action,0.21,0.56,0.35,0.54,0.4,-0.15
subj_43,ordinary,see something,take a walk,hear something,causal,mind,action,mind,0.2,0.58,0.38,0.42,0.18,-0.24
subj_43,ordinary,become hungry,take a walk,feel scared,causal,bio,action,bio,0.18,0.55,0.37,0.67,0.44,-0.22
subj_43,ordinary,choose what to do,experience pain,remember something,similar,mind,bio,mind,0.2,0.57,0.36,0.15,0.36,0.22
subj_43,ordinary,experience pain,kick something,get tired,causal,bio,action,bio,0.13,0.51,0.38,0.43,0.41,-0.02
subj_43,ordinary,sit down,experience pain,jump up and down,causal,action,bio,action,0.13,0.58,0.45,0.54,0.3,-0.23
subj_43,ordinary,kick something,think about something,sit down,causal,action,mind,action,0.37,0.6,0.23,0.7,0.42,-0.29
subj_43,ordinary,get tired,jump up and down,feel scared,causal,bio,action,bio,0.1,0.54,0.43,0.42,0.4,-0.02
subj_43,ordinary,remember something,take a walk,think about something,similar,mind,action,mind,0.24,0.61,0.37,0.07,0.15,0.08
subj_43,ordinary,feel scared,see something,get tired,causal,bio,mind,bio,0.12,0.54,0.42,0.51,0.4,-0.11
subj_44,magical,reach for something,become hungry,kick something,similar,action,bio,action,0.21,0.56,0.35,0.54,0.4,-0.15
subj_44,magical,hear something,take a walk,see something,similar,mind,action,mind,0.25,0.58,0.33,0.44,0.18,-0.27
subj_44,magical,experience pain,kick something,get tired,similar,bio,action,bio,0.13,0.51,0.38,0.43,0.41,-0.02
subj_44,magical,choose what to do,experience pain,remember something,similar,mind,bio,mind,0.2,0.57,0.36,0.15,0.36,0.22
subj_44,magical,become hungry,take a walk,feel scared,causal,bio,action,bio,0.18,0.55,0.37,0.67,0.44,-0.22
subj_44,magical,take a walk,think about something,sit down,similar,action,mind,action,0.26,0.58,0.32,0.77,0.33,-0.44
subj_44,magical,see something,take a walk,hear something,similar,mind,action,mind,0.2,0.58,0.38,0.42,0.18,-0.24
subj_44,magical,get tired,jump up and down,feel scared,causal,bio,action,bio,0.1,0.54,0.43,0.42,0.4,-0.02
subj_44,magical,remember something,take a walk,think about something,similar,mind,action,mind,0.24,0.61,0.37,0.07,0.15,0.08
subj_44,magical,get sick,see something,get tired,similar,bio,mind,bio,0.38,0.62,0.25,0.39,0.34,-0.06
subj_44,magical,kick something,think about something,sit down,similar,action,mind,action,0.37,0.6,0.23,0.7,0.42,-0.29
subj_44,magical,jump up and down,see something,sit down,similar,action,mind,action,0.29,0.6,0.32,0.83,0.3,-0.52
subj_44,magical,feel scared,see something,get tired,causal,bio,mind,bio,0.12,0.54,0.42,0.51,0.4,-0.11
subj_44,magical,think about something,get sick,remember something,similar,mind,bio,mind,0.25,0.65,0.4,0.08,0.15,0.08
subj_44,magical,sit down,experience pain,jump up and down,similar,action,bio,action,0.13,0.58,0.45,0.54,0.3,-0.23
subj_45,ordinary,sit down,experience pain,jump up and down,similar,action,bio,action,0.13,0.58,0.45,0.54,0.3,-0.23
subj_45,ordinary,get sick,see something,get tired,causal,bio,mind,bio,0.38,0.62,0.25,0.39,0.34,-0.06
subj_45,ordinary,choose what to do,experience pain,remember something,similar,mind,bio,mind,0.2,0.57,0.36,0.15,0.36,0.22
subj_45,ordinary,reach for something,become hungry,kick something,similar,action,bio,action,0.21,0.56,0.35,0.54,0.4,-0.15
subj_45,ordinary,take a walk,think about something,sit down,causal,action,mind,action,0.26,0.58,0.32,0.77,0.33,-0.44
subj_45,ordinary,hear something,take a walk,see something,causal,mind,action,mind,0.25,0.58,0.33,0.44,0.18,-0.27
subj_45,ordinary,jump up and down,see something,sit down,similar,action,mind,action,0.29,0.6,0.32,0.83,0.3,-0.52
subj_45,ordinary,experience pain,kick something,get tired,causal,bio,action,bio,0.13,0.51,0.38,0.43,0.41,-0.02
subj_45,ordinary,kick something,think about something,sit down,causal,action,mind,action,0.37,0.6,0.23,0.7,0.42,-0.29
subj_45,ordinary,feel scared,see something,get tired,causal,bio,mind,bio,0.12,0.54,0.42,0.51,0.4,-0.11
subj_45,ordinary,get tired,jump up and down,feel scared,causal,bio,action,bio,0.1,0.54,0.43,0.42,0.4,-0.02
subj_45,ordinary,think about something,get sick,remember something,similar,mind,bio,mind,0.25,0.65,0.4,0.08,0.15,0.08
subj_45,ordinary,become hungry,take a walk,feel scared,causal,bio,action,bio,0.18,0.55,0.37,0.67,0.44,-0.22
subj_45,ordinary,see something,take a walk,hear something,causal,mind,action,mind,0.2,0.58,0.38,0.42,0.18,-0.24
subj_45,ordinary,remember something,take a walk,think about something,similar,mind,action,mind,0.24,0.61,0.37,0.07,0.15,0.08
subj_46,magical,take a walk,think about something,sit down,causal,action,mind,action,0.26,0.58,0.32,0.77,0.33,-0.44
subj_46,magical,reach for something,become hungry,kick something,causal,action,bio,action,0.21,0.56,0.35,0.54,0.4,-0.15
subj_46,magical,see something,take a walk,hear something,similar,mind,action,mind,0.2,0.58,0.38,0.42,0.18,-0.24
subj_46,magical,feel scared,see something,get tired,causal,bio,mind,bio,0.12,0.54,0.42,0.51,0.4,-0.11
subj_46,magical,sit down,experience pain,jump up and down,similar,action,bio,action,0.13,0.58,0.45,0.54,0.3,-0.23
subj_46,magical,choose what to do,experience pain,remember something,causal,mind,bio,mind,0.2,0.57,0.36,0.15,0.36,0.22
subj_46,magical,hear something,take a walk,see something,similar,mind,action,mind,0.25,0.58,0.33,0.44,0.18,-0.27
subj_46,magical,remember something,take a walk,think about something,similar,mind,action,mind,0.24,0.61,0.37,0.07,0.15,0.08
subj_46,magical,jump up and down,see something,sit down,causal,action,mind,action,0.29,0.6,0.32,0.83,0.3,-0.52
subj_46,magical,experience pain,kick something,get tired,causal,bio,action,bio,0.13,0.51,0.38,0.43,0.41,-0.02
subj_46,magical,become hungry,take a walk,feel scared,similar,bio,action,bio,0.18,0.55,0.37,0.67,0.44,-0.22
subj_46,magical,get tired,jump up and down,feel scared,causal,bio,action,bio,0.1,0.54,0.43,0.42,0.4,-0.02
subj_46,magical,get sick,see something,get tired,similar,bio,mind,bio,0.38,0.62,0.25,0.39,0.34,-0.06
subj_46,magical,kick something,think about something,sit down,similar,action,mind,action,0.37,0.6,0.23,0.7,0.42,-0.29
subj_46,magical,think about something,get sick,remember something,similar,mind,bio,mind,0.25,0.65,0.4,0.08,0.15,0.08
subj_47,ordinary,sit down,experience pain,jump up and down,causal,action,bio,action,0.13,0.58,0.45,0.54,0.3,-0.23
subj_47,ordinary,choose what to do,experience pain,remember something,causal,mind,bio,mind,0.2,0.57,0.36,0.15,0.36,0.22
subj_47,ordinary,kick something,think about something,sit down,causal,action,mind,action,0.37,0.6,0.23,0.7,0.42,-0.29
subj_47,ordinary,get sick,see something,get tired,similar,bio,mind,bio,0.38,0.62,0.25,0.39,0.34,-0.06
subj_47,ordinary,think about something,get sick,remember something,similar,mind,bio,mind,0.25,0.65,0.4,0.08,0.15,0.08
subj_47,ordinary,remember something,take a walk,think about something,similar,mind,action,mind,0.24,0.61,0.37,0.07,0.15,0.08
subj_47,ordinary,become hungry,take a walk,feel scared,causal,bio,action,bio,0.18,0.55,0.37,0.67,0.44,-0.22
subj_47,ordinary,see something,take a walk,hear something,causal,mind,action,mind,0.2,0.58,0.38,0.42,0.18,-0.24
subj_47,ordinary,take a walk,think about something,sit down,causal,action,mind,action,0.26,0.58,0.32,0.77,0.33,-0.44
subj_47,ordinary,feel scared,see something,get tired,causal,bio,mind,bio,0.12,0.54,0.42,0.51,0.4,-0.11
subj_47,ordinary,experience pain,kick something,get tired,causal,bio,action,bio,0.13,0.51,0.38,0.43,0.41,-0.02
subj_47,ordinary,jump up and down,see something,sit down,causal,action,mind,action,0.29,0.6,0.32,0.83,0.3,-0.52
subj_47,ordinary,hear something,take a walk,see something,causal,mind,action,mind,0.25,0.58,0.33,0.44,0.18,-0.27
subj_47,ordinary,get tired,jump up and down,feel scared,causal,bio,action,bio,0.1,0.54,0.43,0.42,0.4,-0.02
subj_47,ordinary,reach for something,become hungry,kick something,causal,action,bio,action,0.21,0.56,0.35,0.54,0.4,-0.15
subj_48,magical,experience pain,kick something,get tired,similar,bio,action,bio,0.13,0.51,0.38,0.43,0.41,-0.02
subj_48,magical,choose what to do,experience pain,remember something,similar,mind,bio,mind,0.2,0.57,0.36,0.15,0.36,0.22
subj_48,magical,jump up and down,see something,sit down,similar,action,mind,action,0.29,0.6,0.32,0.83,0.3,-0.52
subj_48,magical,get tired,jump up and down,feel scared,causal,bio,action,bio,0.1,0.54,0.43,0.42,0.4,-0.02
subj_48,magical,reach for something,become hungry,kick something,causal,action,bio,action,0.21,0.56,0.35,0.54,0.4,-0.15
subj_48,magical,feel scared,see something,get tired,causal,bio,mind,bio,0.12,0.54,0.42,0.51,0.4,-0.11
subj_48,magical,become hungry,take a walk,feel scared,causal,bio,action,bio,0.18,0.55,0.37,0.67,0.44,-0.22
subj_48,magical,get sick,see something,get tired,similar,bio,mind,bio,0.38,0.62,0.25,0.39,0.34,-0.06
subj_48,magical,sit down,experience pain,jump up and down,similar,action,bio,action,0.13,0.58,0.45,0.54,0.3,-0.23
subj_48,magical,remember something,take a walk,think about something,similar,mind,action,mind,0.24,0.61,0.37,0.07,0.15,0.08
subj_48,magical,take a walk,think about something,sit down,causal,action,mind,action,0.26,0.58,0.32,0.77,0.33,-0.44
subj_48,magical,think about something,get sick,remember something,similar,mind,bio,mind,0.25,0.65,0.4,0.08,0.15,0.08
subj_48,magical,see something,take a walk,hear something,causal,mind,action,mind,0.2,0.58,0.38,0.42,0.18,-0.24
subj_48,magical,kick something,think about something,sit down,similar,action,mind,action,0.37,0.6,0.23,0.7,0.42,-0.29
subj_48,magical,hear something,take a walk,see something,causal,mind,action,mind,0.25,0.58,0.33,0.44,0.18,-0.27
subj_49,magical,choose what to do,experience pain,remember something,similar,mind,bio,mind,0.2,0.57,0.36,0.15,0.36,0.22
subj_49,magical,get tired,jump up and down,feel scared,causal,bio,action,bio,0.1,0.54,0.43,0.42,0.4,-0.02
subj_49,magical,hear something,take a walk,see something,similar,mind,action,mind,0.25,0.58,0.33,0.44,0.18,-0.27
subj_49,magical,see something,take a walk,hear something,similar,mind,action,mind,0.2,0.58,0.38,0.42,0.18,-0.24
subj_49,magical,kick something,think about something,sit down,causal,action,mind,action,0.37,0.6,0.23,0.7,0.42,-0.29
subj_49,magical,sit down,experience pain,jump up and down,similar,action,bio,action,0.13,0.58,0.45,0.54,0.3,-0.23
subj_49,magical,experience pain,kick something,get tired,causal,bio,action,bio,0.13,0.51,0.38,0.43,0.41,-0.02
subj_49,magical,take a walk,think about something,sit down,similar,action,mind,action,0.26,0.58,0.32,0.77,0.33,-0.44
subj_49,magical,reach for something,become hungry,kick something,similar,action,bio,action,0.21,0.56,0.35,0.54,0.4,-0.15
subj_49,magical,become hungry,take a walk,feel scared,similar,bio,action,bio,0.18,0.55,0.37,0.67,0.44,-0.22
subj_49,magical,remember something,take a walk,think about something,similar,mind,action,mind,0.24,0.61,0.37,0.07,0.15,0.08
subj_49,magical,think about something,get sick,remember something,similar,mind,bio,mind,0.25,0.65,0.4,0.08,0.15,0.08
subj_49,magical,get sick,see something,get tired,similar,bio,mind,bio,0.38,0.62,0.25,0.39,0.34,-0.06
subj_49,magical,feel scared,see something,get tired,causal,bio,mind,bio,0.12,0.54,0.42,0.51,0.4,-0.11
subj_49,magical,jump up and down,see something,sit down,similar,action,mind,action,0.29,0.6,0.32,0.83,0.3,-0.52
subj_50,ordinary,reach for something,become hungry,kick something,similar,action,bio,action,0.21,0.56,0.35,0.54,0.4,-0.15
subj_50,ordinary,see something,take a walk,hear something,causal,mind,action,mind,0.2,0.58,0.38,0.42,0.18,-0.24
subj_50,ordinary,sit down,experience pain,jump up and down,similar,action,bio,action,0.13,0.58,0.45,0.54,0.3,-0.23
subj_50,ordinary,jump up and down,see something,sit down,causal,action,mind,action,0.29,0.6,0.32,0.83,0.3,-0.52
subj_50,ordinary,think about something,get sick,remember something,similar,mind,bio,mind,0.25,0.65,0.4,0.08,0.15,0.08
subj_50,ordinary,experience pain,kick something,get tired,causal,bio,action,bio,0.13,0.51,0.38,0.43,0.41,-0.02
subj_50,ordinary,feel scared,see something,get tired,causal,bio,mind,bio,0.12,0.54,0.42,0.51,0.4,-0.11
subj_50,ordinary,remember something,take a walk,think about something,similar,mind,action,mind,0.24,0.61,0.37,0.07,0.15,0.08
subj_50,ordinary,get sick,see something,get tired,similar,bio,mind,bio,0.38,0.62,0.25,0.39,0.34,-0.06
subj_50,ordinary,choose what to do,experience pain,remember something,similar,mind,bio,mind,0.2,0.57,0.36,0.15,0.36,0.22
subj_50,ordinary,become hungry,take a walk,feel scared,causal,bio,action,bio,0.18,0.55,0.37,0.67,0.44,-0.22
subj_50,ordinary,get tired,jump up and down,feel scared,causal,bio,action,bio,0.1,0.54,0.43,0.42,0.4,-0.02
subj_50,ordinary,hear something,take a walk,see something,similar,mind,action,mind,0.25,0.58,0.33,0.44,0.18,-0.27
subj_50,ordinary,take a walk,think about something,sit down,causal,action,mind,action,0.26,0.58,0.32,0.77,0.33,-0.44
subj_50,ordinary,kick something,think about something,sit down,causal,action,mind,action,0.37,0.6,0.23,0.7,0.42,-0.29
subj_51,ordinary,take a walk,think about something,sit down,causal,action,mind,action,0.26,0.58,0.32,0.77,0.33,-0.44
subj_51,ordinary,feel scared,see something,get tired,causal,bio,mind,bio,0.12,0.54,0.42,0.51,0.4,-0.11
subj_51,ordinary,hear something,take a walk,see something,similar,mind,action,mind,0.25,0.58,0.33,0.44,0.18,-0.27
subj_51,ordinary,reach for something,become hungry,kick something,causal,action,bio,action,0.21,0.56,0.35,0.54,0.4,-0.15
subj_51,ordinary,become hungry,take a walk,feel scared,causal,bio,action,bio,0.18,0.55,0.37,0.67,0.44,-0.22
subj_51,ordinary,think about something,get sick,remember something,causal,mind,bio,mind,0.25,0.65,0.4,0.08,0.15,0.08
subj_51,ordinary,choose what to do,experience pain,remember something,causal,mind,bio,mind,0.2,0.57,0.36,0.15,0.36,0.22
subj_51,ordinary,kick something,think about something,sit down,similar,action,mind,action,0.37,0.6,0.23,0.7,0.42,-0.29
subj_51,ordinary,sit down,experience pain,jump up and down,causal,action,bio,action,0.13,0.58,0.45,0.54,0.3,-0.23
subj_51,ordinary,get sick,see something,get tired,causal,bio,mind,bio,0.38,0.62,0.25,0.39,0.34,-0.06
subj_51,ordinary,remember something,take a walk,think about something,similar,mind,action,mind,0.24,0.61,0.37,0.07,0.15,0.08
subj_51,ordinary,see something,take a walk,hear something,similar,mind,action,mind,0.2,0.58,0.38,0.42,0.18,-0.24
subj_51,ordinary,jump up and down,see something,sit down,similar,action,mind,action,0.29,0.6,0.32,0.83,0.3,-0.52
subj_51,ordinary,experience pain,kick something,get tired,similar,bio,action,bio,0.13,0.51,0.38,0.43,0.41,-0.02
subj_51,ordinary,get tired,jump up and down,feel scared,causal,bio,action,bio,0.1,0.54,0.43,0.42,0.4,-0.02
subj_52,magical,become hungry,take a walk,feel scared,causal,bio,action,bio,0.18,0.55,0.37,0.67,0.44,-0.22
subj_52,magical,choose what to do,experience pain,remember something,causal,mind,bio,mind,0.2,0.57,0.36,0.15,0.36,0.22
subj_52,magical,feel scared,see something,get tired,causal,bio,mind,bio,0.12,0.54,0.42,0.51,0.4,-0.11
subj_52,magical,get sick,see something,get tired,causal,bio,mind,bio,0.38,0.62,0.25,0.39,0.34,-0.06
subj_52,magical,experience pain,kick something,get tired,causal,bio,action,bio,0.13,0.51,0.38,0.43,0.41,-0.02
subj_52,magical,sit down,experience pain,jump up and down,similar,action,bio,action,0.13,0.58,0.45,0.54,0.3,-0.23
subj_52,magical,kick something,think about something,sit down,causal,action,mind,action,0.37,0.6,0.23,0.7,0.42,-0.29
subj_52,magical,jump up and down,see something,sit down,causal,action,mind,action,0.29,0.6,0.32,0.83,0.3,-0.52
subj_52,magical,get tired,jump up and down,feel scared,causal,bio,action,bio,0.1,0.54,0.43,0.42,0.4,-0.02
subj_52,magical,hear something,take a walk,see something,causal,mind,action,mind,0.25,0.58,0.33,0.44,0.18,-0.27
subj_52,magical,reach for something,become hungry,kick something,causal,action,bio,action,0.21,0.56,0.35,0.54,0.4,-0.15
subj_52,magical,take a walk,think about something,sit down,causal,action,mind,action,0.26,0.58,0.32,0.77,0.33,-0.44
subj_52,magical,think about something,get sick,remember something,similar,mind,bio,mind,0.25,0.65,0.4,0.08,0.15,0.08
subj_52,magical,remember something,take a walk,think about something,similar,mind,action,mind,0.24,0.61,0.37,0.07,0.15,0.08
subj_52,magical,see something,take a walk,hear something,causal,mind,action,mind,0.2,0.58,0.38,0.42,0.18,-0.24
subj_53,magical,think about something,get sick,remember something,similar,mind,bio,mind,0.25,0.65,0.4,0.08,0.15,0.08
subj_53,magical,see something,take a walk,hear something,similar,mind,action,mind,0.2,0.58,0.38,0.42,0.18,-0.24
subj_53,magical,take a walk,think about something,sit down,similar,action,mind,action,0.26,0.58,0.32,0.77,0.33,-0.44
subj_53,magical,become hungry,take a walk,feel scared,causal,bio,action,bio,0.18,0.55,0.37,0.67,0.44,-0.22
subj_53,magical,jump up and down,see something,sit down,similar,action,mind,action,0.29,0.6,0.32,0.83,0.3,-0.52
subj_53,magical,sit down,experience pain,jump up and down,similar,action,bio,action,0.13,0.58,0.45,0.54,0.3,-0.23
subj_53,magical,get tired,jump up and down,feel scared,causal,bio,action,bio,0.1,0.54,0.43,0.42,0.4,-0.02
subj_53,magical,hear something,take a walk,see something,similar,mind,action,mind,0.25,0.58,0.33,0.44,0.18,-0.27
subj_53,magical,feel scared,see something,get tired,similar,bio,mind,bio,0.12,0.54,0.42,0.51,0.4,-0.11
subj_53,magical,experience pain,kick something,get tired,similar,bio,action,bio,0.13,0.51,0.38,0.43,0.41,-0.02
subj_53,magical,remember something,take a walk,think about something,similar,mind,action,mind,0.24,0.61,0.37,0.07,0.15,0.08
subj_53,magical,kick something,think about something,sit down,similar,action,mind,action,0.37,0.6,0.23,0.7,0.42,-0.29
subj_53,magical,choose what to do,experience pain,remember something,similar,mind,bio,mind,0.2,0.57,0.36,0.15,0.36,0.22
subj_53,magical,reach for something,become hungry,kick something,similar,action,bio,action,0.21,0.56,0.35,0.54,0.4,-0.15
subj_53,magical,get sick,see something,get tired,similar,bio,mind,bio,0.38,0.62,0.25,0.39,0.34,-0.06
subj_54,magical,sit down,experience pain,jump up and down,similar,action,bio,action,0.13,0.58,0.45,0.54,0.3,-0.23
subj_54,magical,become hungry,take a walk,feel scared,causal,bio,action,bio,0.18,0.55,0.37,0.67,0.44,-0.22
subj_54,magical,hear something,take a walk,see something,similar,mind,action,mind,0.25,0.58,0.33,0.44,0.18,-0.27
subj_54,magical,think about something,get sick,remember something,similar,mind,bio,mind,0.25,0.65,0.4,0.08,0.15,0.08
subj_54,magical,choose what to do,experience pain,remember something,similar,mind,bio,mind,0.2,0.57,0.36,0.15,0.36,0.22
subj_54,magical,feel scared,see something,get tired,causal,bio,mind,bio,0.12,0.54,0.42,0.51,0.4,-0.11
subj_54,magical,reach for something,become hungry,kick something,similar,action,bio,action,0.21,0.56,0.35,0.54,0.4,-0.15
subj_54,magical,see something,take a walk,hear something,similar,mind,action,mind,0.2,0.58,0.38,0.42,0.18,-0.24
subj_54,magical,remember something,take a walk,think about something,similar,mind,action,mind,0.24,0.61,0.37,0.07,0.15,0.08
subj_54,magical,take a walk,think about something,sit down,similar,action,mind,action,0.26,0.58,0.32,0.77,0.33,-0.44
subj_54,magical,jump up and down,see something,sit down,similar,action,mind,action,0.29,0.6,0.32,0.83,0.3,-0.52
subj_54,magical,get tired,jump up and down,feel scared,similar,bio,action,bio,0.1,0.54,0.43,0.42,0.4,-0.02
subj_54,magical,get sick,see something,get tired,similar,bio,mind,bio,0.38,0.62,0.25,0.39,0.34,-0.06
subj_54,magical,kick something,think about something,sit down,similar,action,mind,action,0.37,0.6,0.23,0.7,0.42,-0.29
subj_54,magical,experience pain,kick something,get tired,causal,bio,action,bio,0.13,0.51,0.38,0.43,0.41,-0.02
subj_55,magical,remember something,take a walk,think about something,similar,mind,action,mind,0.24,0.61,0.37,0.07,0.15,0.08
subj_55,magical,kick something,think about something,sit down,causal,action,mind,action,0.37,0.6,0.23,0.7,0.42,-0.29
subj_55,magical,take a walk,think about something,sit down,causal,action,mind,action,0.26,0.58,0.32,0.77,0.33,-0.44
subj_55,magical,get sick,see something,get tired,similar,bio,mind,bio,0.38,0.62,0.25,0.39,0.34,-0.06
subj_55,magical,reach for something,become hungry,kick something,causal,action,bio,action,0.21,0.56,0.35,0.54,0.4,-0.15
subj_55,magical,choose what to do,experience pain,remember something,similar,mind,bio,mind,0.2,0.57,0.36,0.15,0.36,0.22
subj_55,magical,think about something,get sick,remember something,similar,mind,bio,mind,0.25,0.65,0.4,0.08,0.15,0.08
subj_55,magical,become hungry,take a walk,feel scared,causal,bio,action,bio,0.18,0.55,0.37,0.67,0.44,-0.22
subj_55,magical,get tired,jump up and down,feel scared,causal,bio,action,bio,0.1,0.54,0.43,0.42,0.4,-0.02
subj_55,magical,feel scared,see something,get tired,causal,bio,mind,bio,0.12,0.54,0.42,0.51,0.4,-0.11
subj_55,magical,jump up and down,see something,sit down,causal,action,mind,action,0.29,0.6,0.32,0.83,0.3,-0.52
subj_55,magical,sit down,experience pain,jump up and down,causal,action,bio,action,0.13,0.58,0.45,0.54,0.3,-0.23
subj_55,magical,experience pain,kick something,get tired,causal,bio,action,bio,0.13,0.51,0.38,0.43,0.41,-0.02
subj_55,magical,hear something,take a walk,see something,causal,mind,action,mind,0.25,0.58,0.33,0.44,0.18,-0.27
subj_55,magical,see something,take a walk,hear something,causal,mind,action,mind,0.2,0.58,0.38,0.42,0.18,-0.24
subj_56,magical,remember something,take a walk,think about something,similar,mind,action,mind,0.24,0.61,0.37,0.07,0.15,0.08
subj_56,magical,think about something,get sick,remember something,similar,mind,bio,mind,0.25,0.65,0.4,0.08,0.15,0.08
subj_56,magical,experience pain,kick something,get tired,causal,bio,action,bio,0.13,0.51,0.38,0.43,0.41,-0.02
subj_56,magical,jump up and down,see something,sit down,similar,action,mind,action,0.29,0.6,0.32,0.83,0.3,-0.52
subj_56,magical,become hungry,take a walk,feel scared,causal,bio,action,bio,0.18,0.55,0.37,0.67,0.44,-0.22
subj_56,magical,choose what to do,experience pain,remember something,similar,mind,bio,mind,0.2,0.57,0.36,0.15,0.36,0.22
subj_56,magical,reach for something,become hungry,kick something,causal,action,bio,action,0.21,0.56,0.35,0.54,0.4,-0.15
subj_56,magical,sit down,experience pain,jump up and down,causal,action,bio,action,0.13,0.58,0.45,0.54,0.3,-0.23
subj_56,magical,take a walk,think about something,sit down,causal,action,mind,action,0.26,0.58,0.32,0.77,0.33,-0.44
subj_56,magical,feel scared,see something,get tired,causal,bio,mind,bio,0.12,0.54,0.42,0.51,0.4,-0.11
subj_56,magical,see something,take a walk,hear something,causal,mind,action,mind,0.2,0.58,0.38,0.42,0.18,-0.24
subj_56,magical,hear something,take a walk,see something,causal,mind,action,mind,0.25,0.58,0.33,0.44,0.18,-0.27
subj_56,magical,get sick,see something,get tired,similar,bio,mind,bio,0.38,0.62,0.25,0.39,0.34,-0.06
subj_56,magical,kick something,think about something,sit down,similar,action,mind,action,0.37,0.6,0.23,0.7,0.42,-0.29
subj_56,magical,get tired,jump up and down,feel scared,causal,bio,action,bio,0.1,0.54,0.43,0.42,0.4,-0.02
subj_57,magical,reach for something,become hungry,kick something,similar,action,bio,action,0.21,0.56,0.35,0.54,0.4,-0.15
subj_57,magical,jump up and down,see something,sit down,similar,action,mind,action,0.29,0.6,0.32,0.83,0.3,-0.52
subj_57,magical,see something,take a walk,hear something,similar,mind,action,mind,0.2,0.58,0.38,0.42,0.18,-0.24
subj_57,magical,experience pain,kick something,get tired,causal,bio,action,bio,0.13,0.51,0.38,0.43,0.41,-0.02
subj_57,magical,kick something,think about something,sit down,similar,action,mind,action,0.37,0.6,0.23,0.7,0.42,-0.29
subj_57,magical,hear something,take a walk,see something,similar,mind,action,mind,0.25,0.58,0.33,0.44,0.18,-0.27
subj_57,magical,get sick,see something,get tired,similar,bio,mind,bio,0.38,0.62,0.25,0.39,0.34,-0.06
subj_57,magical,take a walk,think about something,sit down,similar,action,mind,action,0.26,0.58,0.32,0.77,0.33,-0.44
subj_57,magical,get tired,jump up and down,feel scared,causal,bio,action,bio,0.1,0.54,0.43,0.42,0.4,-0.02
subj_57,magical,remember something,take a walk,think about something,similar,mind,action,mind,0.24,0.61,0.37,0.07,0.15,0.08
subj_57,magical,become hungry,take a walk,feel scared,causal,bio,action,bio,0.18,0.55,0.37,0.67,0.44,-0.22
subj_57,magical,choose what to do,experience pain,remember something,similar,mind,bio,mind,0.2,0.57,0.36,0.15,0.36,0.22
subj_57,magical,think about something,get sick,remember something,similar,mind,bio,mind,0.25,0.65,0.4,0.08,0.15,0.08
subj_57,magical,feel scared,see something,get tired,causal,bio,mind,bio,0.12,0.54,0.42,0.51,0.4,-0.11
subj_57,magical,sit down,experience pain,jump up and down,similar,action,bio,action,0.13,0.58,0.45,0.54,0.3,-0.23
subj_58,magical,experience pain,kick something,get tired,causal,bio,action,bio,0.13,0.51,0.38,0.43,0.41,-0.02
subj_58,magical,get sick,see something,get tired,similar,bio,mind,bio,0.38,0.62,0.25,0.39,0.34,-0.06
subj_58,magical,sit down,experience pain,jump up and down,similar,action,bio,action,0.13,0.58,0.45,0.54,0.3,-0.23
subj_58,magical,take a walk,think about something,sit down,causal,action,mind,action,0.26,0.58,0.32,0.77,0.33,-0.44
subj_58,magical,jump up and down,see something,sit down,causal,action,mind,action,0.29,0.6,0.32,0.83,0.3,-0.52
subj_58,magical,become hungry,take a walk,feel scared,causal,bio,action,bio,0.18,0.55,0.37,0.67,0.44,-0.22
subj_58,magical,reach for something,become hungry,kick something,causal,action,bio,action,0.21,0.56,0.35,0.54,0.4,-0.15
subj_58,magical,see something,take a walk,hear something,similar,mind,action,mind,0.2,0.58,0.38,0.42,0.18,-0.24
subj_58,magical,choose what to do,experience pain,remember something,similar,mind,bio,mind,0.2,0.57,0.36,0.15,0.36,0.22
subj_58,magical,remember something,take a walk,think about something,similar,mind,action,mind,0.24,0.61,0.37,0.07,0.15,0.08
subj_58,magical,hear something,take a walk,see something,similar,mind,action,mind,0.25,0.58,0.33,0.44,0.18,-0.27
subj_58,magical,get tired,jump up and down,feel scared,causal,bio,action,bio,0.1,0.54,0.43,0.42,0.4,-0.02
subj_58,magical,kick something,think about something,sit down,causal,action,mind,action,0.37,0.6,0.23,0.7,0.42,-0.29
subj_58,magical,feel scared,see something,get tired,causal,bio,mind,bio,0.12,0.54,0.42,0.51,0.4,-0.11
subj_58,magical,think about something,get sick,remember something,similar,mind,bio,mind,0.25,0.65,0.4,0.08,0.15,0.08
subj_59,ordinary,reach for something,become hungry,kick something,causal,action,bio,action,0.21,0.56,0.35,0.54,0.4,-0.15
subj_59,ordinary,choose what to do,experience pain,remember something,causal,mind,bio,mind,0.2,0.57,0.36,0.15,0.36,0.22
subj_59,ordinary,get tired,jump up and down,feel scared,causal,bio,action,bio,0.1,0.54,0.43,0.42,0.4,-0.02
subj_59,ordinary,think about something,get sick,remember something,similar,mind,bio,mind,0.25,0.65,0.4,0.08,0.15,0.08
subj_59,ordinary,sit down,experience pain,jump up and down,causal,action,bio,action,0.13,0.58,0.45,0.54,0.3,-0.23
subj_59,ordinary,feel scared,see something,get tired,causal,bio,mind,bio,0.12,0.54,0.42,0.51,0.4,-0.11
subj_59,ordinary,become hungry,take a walk,feel scared,causal,bio,action,bio,0.18,0.55,0.37,0.67,0.44,-0.22
subj_59,ordinary,kick something,think about something,sit down,causal,action,mind,action,0.37,0.6,0.23,0.7,0.42,-0.29
subj_59,ordinary,jump up and down,see something,sit down,causal,action,mind,action,0.29,0.6,0.32,0.83,0.3,-0.52
subj_59,ordinary,remember something,take a walk,think about something,similar,mind,action,mind,0.24,0.61,0.37,0.07,0.15,0.08
subj_59,ordinary,experience pain,kick something,get tired,causal,bio,action,bio,0.13,0.51,0.38,0.43,0.41,-0.02
subj_59,ordinary,hear something,take a walk,see something,similar,mind,action,mind,0.25,0.58,0.33,0.44,0.18,-0.27
subj_59,ordinary,see something,take a walk,hear something,causal,mind,action,mind,0.2,0.58,0.38,0.42,0.18,-0.24
subj_59,ordinary,take a walk,think about something,sit down,causal,action,mind,action,0.26,0.58,0.32,0.77,0.33,-0.44
subj_59,ordinary,get sick,see something,get tired,causal,bio,mind,bio,0.38,0.62,0.25,0.39,0.34,-0.06
subj_60,ordinary,experience pain,kick something,get tired,causal,bio,action,bio,0.13,0.51,0.38,0.43,0.41,-0.02
subj_60,ordinary,see something,take a walk,hear something,causal,mind,action,mind,0.2,0.58,0.38,0.42,0.18,-0.24
subj_60,ordinary,choose what to do,experience pain,remember something,causal,mind,bio,mind,0.2,0.57,0.36,0.15,0.36,0.22
subj_60,ordinary,kick something,think about something,sit down,causal,action,mind,action,0.37,0.6,0.23,0.7,0.42,-0.29
subj_60,ordinary,get tired,jump up and down,feel scared,causal,bio,action,bio,0.1,0.54,0.43,0.42,0.4,-0.02
subj_60,ordinary,become hungry,take a walk,feel scared,causal,bio,action,bio,0.18,0.55,0.37,0.67,0.44,-0.22
subj_60,ordinary,reach for something,become hungry,kick something,causal,action,bio,action,0.21,0.56,0.35,0.54,0.4,-0.15
subj_60,ordinary,hear something,take a walk,see something,causal,mind,action,mind,0.25,0.58,0.33,0.44,0.18,-0.27
subj_60,ordinary,get sick,see something,get tired,causal,bio,mind,bio,0.38,0.62,0.25,0.39,0.34,-0.06
subj_60,ordinary,jump up and down,see something,sit down,causal,action,mind,action,0.29,0.6,0.32,0.83,0.3,-0.52
subj_60,ordinary,feel scared,see something,get tired,causal,bio,mind,bio,0.12,0.54,0.42,0.51,0.4,-0.11
subj_60,ordinary,sit down,experience pain,jump up and down,similar,action,bio,action,0.13,0.58,0.45,0.54,0.3,-0.23
subj_60,ordinary,remember something,take a walk,think about something,similar,mind,action,mind,0.24,0.61,0.37,0.07,0.15,0.08
subj_60,ordinary,think about something,get sick,remember something,similar,mind,bio,mind,0.25,0.65,0.4,0.08,0.15,0.08
subj_60,ordinary,take a walk,think about something,sit down,causal,action,mind,action,0.26,0.58,0.32,0.77,0.33,-0.44
subj_61,ordinary,take a walk,think about something,sit down,similar,action,mind,action,0.26,0.58,0.32,0.77,0.33,-0.44
subj_61,ordinary,choose what to do,experience pain,remember something,similar,mind,bio,mind,0.2,0.57,0.36,0.15,0.36,0.22
subj_61,ordinary,see something,take a walk,hear something,similar,mind,action,mind,0.2,0.58,0.38,0.42,0.18,-0.24
subj_61,ordinary,think about something,get sick,remember something,similar,mind,bio,mind,0.25,0.65,0.4,0.08,0.15,0.08
subj_61,ordinary,experience pain,kick something,get tired,causal,bio,action,bio,0.13,0.51,0.38,0.43,0.41,-0.02
subj_61,ordinary,hear something,take a walk,see something,similar,mind,action,mind,0.25,0.58,0.33,0.44,0.18,-0.27
subj_61,ordinary,get tired,jump up and down,feel scared,causal,bio,action,bio,0.1,0.54,0.43,0.42,0.4,-0.02
subj_61,ordinary,sit down,experience pain,jump up and down,similar,action,bio,action,0.13,0.58,0.45,0.54,0.3,-0.23
subj_61,ordinary,kick something,think about something,sit down,causal,action,mind,action,0.37,0.6,0.23,0.7,0.42,-0.29
subj_61,ordinary,jump up and down,see something,sit down,causal,action,mind,action,0.29,0.6,0.32,0.83,0.3,-0.52
subj_61,ordinary,become hungry,take a walk,feel scared,causal,bio,action,bio,0.18,0.55,0.37,0.67,0.44,-0.22
subj_61,ordinary,reach for something,become hungry,kick something,causal,action,bio,action,0.21,0.56,0.35,0.54,0.4,-0.15
subj_61,ordinary,get sick,see something,get tired,similar,bio,mind,bio,0.38,0.62,0.25,0.39,0.34,-0.06
subj_61,ordinary,remember something,take a walk,think about something,similar,mind,action,mind,0.24,0.61,0.37,0.07,0.15,0.08
subj_61,ordinary,feel scared,see something,get tired,causal,bio,mind,bio,0.12,0.54,0.42,0.51,0.4,-0.11
subj_62,ordinary,choose what to do,experience pain,remember something,similar,mind,bio,mind,0.2,0.57,0.36,0.15,0.36,0.22
subj_62,ordinary,take a walk,think about something,sit down,causal,action,mind,action,0.26,0.58,0.32,0.77,0.33,-0.44
subj_62,ordinary,become hungry,take a walk,feel scared,similar,bio,action,bio,0.18,0.55,0.37,0.67,0.44,-0.22
subj_62,ordinary,think about something,get sick,remember something,similar,mind,bio,mind,0.25,0.65,0.4,0.08,0.15,0.08
subj_62,ordinary,see something,take a walk,hear something,causal,mind,action,mind,0.2,0.58,0.38,0.42,0.18,-0.24
subj_62,ordinary,experience pain,kick something,get tired,causal,bio,action,bio,0.13,0.51,0.38,0.43,0.41,-0.02
subj_62,ordinary,get tired,jump up and down,feel scared,causal,bio,action,bio,0.1,0.54,0.43,0.42,0.4,-0.02
subj_62,ordinary,hear something,take a walk,see something,causal,mind,action,mind,0.25,0.58,0.33,0.44,0.18,-0.27
subj_62,ordinary,kick something,think about something,sit down,causal,action,mind,action,0.37,0.6,0.23,0.7,0.42,-0.29
subj_62,ordinary,get sick,see something,get tired,similar,bio,mind,bio,0.38,0.62,0.25,0.39,0.34,-0.06
subj_62,ordinary,feel scared,see something,get tired,causal,bio,mind,bio,0.12,0.54,0.42,0.51,0.4,-0.11
subj_62,ordinary,sit down,experience pain,jump up and down,causal,action,bio,action,0.13,0.58,0.45,0.54,0.3,-0.23
subj_62,ordinary,remember something,take a walk,think about something,similar,mind,action,mind,0.24,0.61,0.37,0.07,0.15,0.08
subj_62,ordinary,reach for something,become hungry,kick something,causal,action,bio,action,0.21,0.56,0.35,0.54,0.4,-0.15
subj_62,ordinary,jump up and down,see something,sit down,causal,action,mind,action,0.29,0.6,0.32,0.83,0.3,-0.52
subj_63,magical,get tired,jump up and down,feel scared,causal,bio,action,bio,0.1,0.54,0.43,0.42,0.4,-0.02
subj_63,magical,become hungry,take a walk,feel scared,causal,bio,action,bio,0.18,0.55,0.37,0.67,0.44,-0.22
subj_63,magical,remember something,take a walk,think about something,similar,mind,action,mind,0.24,0.61,0.37,0.07,0.15,0.08
subj_63,magical,reach for something,become hungry,kick something,similar,action,bio,action,0.21,0.56,0.35,0.54,0.4,-0.15
subj_63,magical,get sick,see something,get tired,similar,bio,mind,bio,0.38,0.62,0.25,0.39,0.34,-0.06
subj_63,magical,see something,take a walk,hear something,causal,mind,action,mind,0.2,0.58,0.38,0.42,0.18,-0.24
subj_63,magical,take a walk,think about something,sit down,causal,action,mind,action,0.26,0.58,0.32,0.77,0.33,-0.44
subj_63,magical,jump up and down,see something,sit down,similar,action,mind,action,0.29,0.6,0.32,0.83,0.3,-0.52
subj_63,magical,choose what to do,experience pain,remember something,similar,mind,bio,mind,0.2,0.57,0.36,0.15,0.36,0.22
subj_63,magical,hear something,take a walk,see something,causal,mind,action,mind,0.25,0.58,0.33,0.44,0.18,-0.27
subj_63,magical,feel scared,see something,get tired,causal,bio,mind,bio,0.12,0.54,0.42,0.51,0.4,-0.11
subj_63,magical,experience pain,kick something,get tired,causal,bio,action,bio,0.13,0.51,0.38,0.43,0.41,-0.02
subj_63,magical,sit down,experience pain,jump up and down,similar,action,bio,action,0.13,0.58,0.45,0.54,0.3,-0.23
subj_63,magical,think about something,get sick,remember something,similar,mind,bio,mind,0.25,0.65,0.4,0.08,0.15,0.08
subj_63,magical,kick something,think about something,sit down,causal,action,mind,action,0.37,0.6,0.23,0.7,0.42,-0.29
subj_64,magical,get sick,see something,get tired,similar,bio,mind,bio,0.38,0.62,0.25,0.39,0.34,-0.06
subj_64,magical,see something,take a walk,hear something,similar,mind,action,mind,0.2,0.58,0.38,0.42,0.18,-0.24
subj_64,magical,hear something,take a walk,see something,similar,mind,action,mind,0.25,0.58,0.33,0.44,0.18,-0.27
subj_64,magical,think about something,get sick,remember something,similar,mind,bio,mind,0.25,0.65,0.4,0.08,0.15,0.08
subj_64,magical,remember something,take a walk,think about something,similar,mind,action,mind,0.24,0.61,0.37,0.07,0.15,0.08
subj_64,magical,choose what to do,experience pain,remember something,similar,mind,bio,mind,0.2,0.57,0.36,0.15,0.36,0.22
subj_64,magical,feel scared,see something,get tired,causal,bio,mind,bio,0.12,0.54,0.42,0.51,0.4,-0.11
subj_64,magical,experience pain,kick something,get tired,similar,bio,action,bio,0.13,0.51,0.38,0.43,0.41,-0.02
subj_64,magical,take a walk,think about something,sit down,causal,action,mind,action,0.26,0.58,0.32,0.77,0.33,-0.44
subj_64,magical,sit down,experience pain,jump up and down,similar,action,bio,action,0.13,0.58,0.45,0.54,0.3,-0.23
subj_64,magical,jump up and down,see something,sit down,causal,action,mind,action,0.29,0.6,0.32,0.83,0.3,-0.52
subj_64,magical,get tired,jump up and down,feel scared,similar,bio,action,bio,0.1,0.54,0.43,0.42,0.4,-0.02
subj_64,magical,reach for something,become hungry,kick something,similar,action,bio,action,0.21,0.56,0.35,0.54,0.4,-0.15
subj_64,magical,become hungry,take a walk,feel scared,causal,bio,action,bio,0.18,0.55,0.37,0.67,0.44,-0.22
subj_64,magical,kick something,think about something,sit down,causal,action,mind,action,0.37,0.6,0.23,0.7,0.42,-0.29
subj_65,magical,choose what to do,experience pain,remember something,causal,mind,bio,mind,0.2,0.57,0.36,0.15,0.36,0.22
subj_65,magical,get sick,see something,get tired,similar,bio,mind,bio,0.38,0.62,0.25,0.39,0.34,-0.06
subj_65,magical,experience pain,kick something,get tired,similar,bio,action,bio,0.13,0.51,0.38,0.43,0.41,-0.02
subj_65,magical,remember something,take a walk,think about something,similar,mind,action,mind,0.24,0.61,0.37,0.07,0.15,0.08
subj_65,magical,feel scared,see something,get tired,causal,bio,mind,bio,0.12,0.54,0.42,0.51,0.4,-0.11
subj_65,magical,take a walk,think about something,sit down,similar,action,mind,action,0.26,0.58,0.32,0.77,0.33,-0.44
subj_65,magical,become hungry,take a walk,feel scared,causal,bio,action,bio,0.18,0.55,0.37,0.67,0.44,-0.22
subj_65,magical,sit down,experience pain,jump up and down,similar,action,bio,action,0.13,0.58,0.45,0.54,0.3,-0.23
subj_65,magical,think about something,get sick,remember something,similar,mind,bio,mind,0.25,0.65,0.4,0.08,0.15,0.08
subj_65,magical,reach for something,become hungry,kick something,similar,action,bio,action,0.21,0.56,0.35,0.54,0.4,-0.15
subj_65,magical,see something,take a walk,hear something,similar,mind,action,mind,0.2,0.58,0.38,0.42,0.18,-0.24
subj_65,magical,jump up and down,see something,sit down,similar,action,mind,action,0.29,0.6,0.32,0.83,0.3,-0.52
subj_65,magical,hear something,take a walk,see something,similar,mind,action,mind,0.25,0.58,0.33,0.44,0.18,-0.27
subj_65,magical,get tired,jump up and down,feel scared,causal,bio,action,bio,0.1,0.54,0.43,0.42,0.4,-0.02
subj_65,magical,kick something,think about something,sit down,similar,action,mind,action,0.37,0.6,0.23,0.7,0.42,-0.29
subj_66,magical,sit down,experience pain,jump up and down,causal,action,bio,action,0.13,0.58,0.45,0.54,0.3,-0.23
subj_66,magical,see something,take a walk,hear something,causal,mind,action,mind,0.2,0.58,0.38,0.42,0.18,-0.24
subj_66,magical,get tired,jump up and down,feel scared,causal,bio,action,bio,0.1,0.54,0.43,0.42,0.4,-0.02
subj_66,magical,remember something,take a walk,think about something,similar,mind,action,mind,0.24,0.61,0.37,0.07,0.15,0.08
subj_66,magical,reach for something,become hungry,kick something,causal,action,bio,action,0.21,0.56,0.35,0.54,0.4,-0.15
subj_66,magical,hear something,take a walk,see something,causal,mind,action,mind,0.25,0.58,0.33,0.44,0.18,-0.27
subj_66,magical,kick something,think about something,sit down,similar,action,mind,action,0.37,0.6,0.23,0.7,0.42,-0.29
subj_66,magical,get sick,see something,get tired,similar,bio,mind,bio,0.38,0.62,0.25,0.39,0.34,-0.06
subj_66,magical,choose what to do,experience pain,remember something,similar,mind,bio,mind,0.2,0.57,0.36,0.15,0.36,0.22
subj_66,magical,become hungry,take a walk,feel scared,causal,bio,action,bio,0.18,0.55,0.37,0.67,0.44,-0.22
subj_66,magical,experience pain,kick something,get tired,causal,bio,action,bio,0.13,0.51,0.38,0.43,0.41,-0.02
subj_66,magical,think about something,get sick,remember something,similar,mind,bio,mind,0.25,0.65,0.4,0.08,0.15,0.08
subj_66,magical,feel scared,see something,get tired,causal,bio,mind,bio,0.12,0.54,0.42,0.51,0.4,-0.11
subj_66,magical,take a walk,think about something,sit down,causal,action,mind,action,0.26,0.58,0.32,0.77,0.33,-0.44
subj_66,magical,jump up and down,see something,sit down,causal,action,mind,action,0.29,0.6,0.32,0.83,0.3,-0.52
subj_67,magical,choose what to do,experience pain,remember something,similar,mind,bio,mind,0.2,0.57,0.36,0.15,0.36,0.22
subj_67,magical,feel scared,see something,get tired,causal,bio,mind,bio,0.12,0.54,0.42,0.51,0.4,-0.11
subj_67,magical,sit down,experience pain,jump up and down,similar,action,bio,action,0.13,0.58,0.45,0.54,0.3,-0.23
subj_67,magical,experience pain,kick something,get tired,causal,bio,action,bio,0.13,0.51,0.38,0.43,0.41,-0.02
subj_67,magical,take a walk,think about something,sit down,causal,action,mind,action,0.26,0.58,0.32,0.77,0.33,-0.44
subj_67,magical,hear something,take a walk,see something,similar,mind,action,mind,0.25,0.58,0.33,0.44,0.18,-0.27
subj_67,magical,get tired,jump up and down,feel scared,causal,bio,action,bio,0.1,0.54,0.43,0.42,0.4,-0.02
subj_67,magical,see something,take a walk,hear something,causal,mind,action,mind,0.2,0.58,0.38,0.42,0.18,-0.24
subj_67,magical,think about something,get sick,remember something,similar,mind,bio,mind,0.25,0.65,0.4,0.08,0.15,0.08
subj_67,magical,remember something,take a walk,think about something,similar,mind,action,mind,0.24,0.61,0.37,0.07,0.15,0.08
subj_67,magical,become hungry,take a walk,feel scared,causal,bio,action,bio,0.18,0.55,0.37,0.67,0.44,-0.22
subj_67,magical,jump up and down,see something,sit down,similar,action,mind,action,0.29,0.6,0.32,0.83,0.3,-0.52
subj_67,magical,kick something,think about something,sit down,causal,action,mind,action,0.37,0.6,0.23,0.7,0.42,-0.29
subj_67,magical,reach for something,become hungry,kick something,causal,action,bio,action,0.21,0.56,0.35,0.54,0.4,-0.15
subj_67,magical,get sick,see something,get tired,similar,bio,mind,bio,0.38,0.62,0.25,0.39,0.34,-0.06
subj_68,magical,remember something,take a walk,think about something,similar,mind,action,mind,0.24,0.61,0.37,0.07,0.15,0.08
subj_68,magical,get sick,see something,get tired,similar,bio,mind,bio,0.38,0.62,0.25,0.39,0.34,-0.06
subj_68,magical,get tired,jump up and down,feel scared,causal,bio,action,bio,0.1,0.54,0.43,0.42,0.4,-0.02
subj_68,magical,think about something,get sick,remember something,similar,mind,bio,mind,0.25,0.65,0.4,0.08,0.15,0.08
subj_68,magical,jump up and down,see something,sit down,causal,action,mind,action,0.29,0.6,0.32,0.83,0.3,-0.52
subj_68,magical,feel scared,see something,get tired,causal,bio,mind,bio,0.12,0.54,0.42,0.51,0.4,-0.11
subj_68,magical,see something,take a walk,hear something,similar,mind,action,mind,0.2,0.58,0.38,0.42,0.18,-0.24
subj_68,magical,kick something,think about something,sit down,causal,action,mind,action,0.37,0.6,0.23,0.7,0.42,-0.29
subj_68,magical,reach for something,become hungry,kick something,causal,action,bio,action,0.21,0.56,0.35,0.54,0.4,-0.15
subj_68,magical,experience pain,kick something,get tired,causal,bio,action,bio,0.13,0.51,0.38,0.43,0.41,-0.02
subj_68,magical,choose what to do,experience pain,remember something,causal,mind,bio,mind,0.2,0.57,0.36,0.15,0.36,0.22
subj_68,magical,sit down,experience pain,jump up and down,causal,action,bio,action,0.13,0.58,0.45,0.54,0.3,-0.23
subj_68,magical,hear something,take a walk,see something,similar,mind,action,mind,0.25,0.58,0.33,0.44,0.18,-0.27
subj_68,magical,become hungry,take a walk,feel scared,causal,bio,action,bio,0.18,0.55,0.37,0.67,0.44,-0.22
subj_68,magical,take a walk,think about something,sit down,causal,action,mind,action,0.26,0.58,0.32,0.77,0.33,-0.44
subj_69,magical,choose what to do,experience pain,remember something,similar,mind,bio,mind,0.2,0.57,0.36,0.15,0.36,0.22
subj_69,magical,get tired,jump up and down,feel scared,causal,bio,action,bio,0.1,0.54,0.43,0.42,0.4,-0.02
subj_69,magical,become hungry,take a walk,feel scared,causal,bio,action,bio,0.18,0.55,0.37,0.67,0.44,-0.22
subj_69,magical,hear something,take a walk,see something,similar,mind,action,mind,0.25,0.58,0.33,0.44,0.18,-0.27
subj_69,magical,think about something,get sick,remember something,similar,mind,bio,mind,0.25,0.65,0.4,0.08,0.15,0.08
subj_69,magical,reach for something,become hungry,kick something,similar,action,bio,action,0.21,0.56,0.35,0.54,0.4,-0.15
subj_69,magical,get sick,see something,get tired,causal,bio,mind,bio,0.38,0.62,0.25,0.39,0.34,-0.06
subj_69,magical,experience pain,kick something,get tired,similar,bio,action,bio,0.13,0.51,0.38,0.43,0.41,-0.02
subj_69,magical,feel scared,see something,get tired,causal,bio,mind,bio,0.12,0.54,0.42,0.51,0.4,-0.11
subj_69,magical,see something,take a walk,hear something,similar,mind,action,mind,0.2,0.58,0.38,0.42,0.18,-0.24
subj_69,magical,kick something,think about something,sit down,similar,action,mind,action,0.37,0.6,0.23,0.7,0.42,-0.29
subj_69,magical,remember something,take a walk,think about something,similar,mind,action,mind,0.24,0.61,0.37,0.07,0.15,0.08
subj_69,magical,jump up and down,see something,sit down,similar,action,mind,action,0.29,0.6,0.32,0.83,0.3,-0.52
subj_69,magical,take a walk,think about something,sit down,similar,action,mind,action,0.26,0.58,0.32,0.77,0.33,-0.44
subj_69,magical,sit down,experience pain,jump up and down,similar,action,bio,action,0.13,0.58,0.45,0.54,0.3,-0.23
subj_70,magical,sit down,experience pain,jump up and down,similar,action,bio,action,0.13,0.58,0.45,0.54,0.3,-0.23
subj_70,magical,take a walk,think about something,sit down,similar,action,mind,action,0.26,0.58,0.32,0.77,0.33,-0.44
subj_70,magical,see something,take a walk,hear something,similar,mind,action,mind,0.2,0.58,0.38,0.42,0.18,-0.24
subj_70,magical,kick something,think about something,sit down,similar,action,mind,action,0.37,0.6,0.23,0.7,0.42,-0.29
subj_70,magical,reach for something,become hungry,kick something,similar,action,bio,action,0.21,0.56,0.35,0.54,0.4,-0.15
subj_70,magical,think about something,get sick,remember something,similar,mind,bio,mind,0.25,0.65,0.4,0.08,0.15,0.08
subj_70,magical,feel scared,see something,get tired,similar,bio,mind,bio,0.12,0.54,0.42,0.51,0.4,-0.11
subj_70,magical,get sick,see something,get tired,similar,bio,mind,bio,0.38,0.62,0.25,0.39,0.34,-0.06
subj_70,magical,get tired,jump up and down,feel scared,similar,bio,action,bio,0.1,0.54,0.43,0.42,0.4,-0.02
subj_70,magical,choose what to do,experience pain,remember something,similar,mind,bio,mind,0.2,0.57,0.36,0.15,0.36,0.22
subj_70,magical,experience pain,kick something,get tired,similar,bio,action,bio,0.13,0.51,0.38,0.43,0.41,-0.02
subj_70,magical,become hungry,take a walk,feel scared,causal,bio,action,bio,0.18,0.55,0.37,0.67,0.44,-0.22
subj_70,magical,remember something,take a walk,think about something,similar,mind,action,mind,0.24,0.61,0.37,0.07,0.15,0.08
subj_70,magical,jump up and down,see something,sit down,similar,action,mind,action,0.29,0.6,0.32,0.83,0.3,-0.52
subj_70,magical,hear something,take a walk,see something,similar,mind,action,mind,0.25,0.58,0.33,0.44,0.18,-0.27
subj_71,magical,experience pain,kick something,get tired,causal,bio,action,bio,0.13,0.51,0.38,0.43,0.41,-0.02
subj_71,magical,kick something,think about something,sit down,causal,action,mind,action,0.37,0.6,0.23,0.7,0.42,-0.29
subj_71,magical,sit down,experience pain,jump up and down,similar,action,bio,action,0.13,0.58,0.45,0.54,0.3,-0.23
subj_71,magical,hear something,take a walk,see something,similar,mind,action,mind,0.25,0.58,0.33,0.44,0.18,-0.27
subj_71,magical,think about something,get sick,remember something,similar,mind,bio,mind,0.25,0.65,0.4,0.08,0.15,0.08
subj_71,magical,get tired,jump up and down,feel scared,causal,bio,action,bio,0.1,0.54,0.43,0.42,0.4,-0.02
subj_71,magical,jump up and down,see something,sit down,similar,action,mind,action,0.29,0.6,0.32,0.83,0.3,-0.52
subj_71,magical,reach for something,become hungry,kick something,similar,action,bio,action,0.21,0.56,0.35,0.54,0.4,-0.15
subj_71,magical,see something,take a walk,hear something,similar,mind,action,mind,0.2,0.58,0.38,0.42,0.18,-0.24
subj_71,magical,get sick,see something,get tired,similar,bio,mind,bio,0.38,0.62,0.25,0.39,0.34,-0.06
subj_71,magical,become hungry,take a walk,feel scared,similar,bio,action,bio,0.18,0.55,0.37,0.67,0.44,-0.22
subj_71,magical,feel scared,see something,get tired,similar,bio,mind,bio,0.12,0.54,0.42,0.51,0.4,-0.11
subj_71,magical,take a walk,think about something,sit down,similar,action,mind,action,0.26,0.58,0.32,0.77,0.33,-0.44
subj_71,magical,remember something,take a walk,think about something,similar,mind,action,mind,0.24,0.61,0.37,0.07,0.15,0.08
subj_71,magical,choose what to do,experience pain,remember something,similar,mind,bio,mind,0.2,0.57,0.36,0.15,0.36,0.22
subj_72,magical,take a walk,think about something,sit down,causal,action,mind,action,0.26,0.58,0.32,0.77,0.33,-0.44
subj_72,magical,hear something,take a walk,see something,similar,mind,action,mind,0.25,0.58,0.33,0.44,0.18,-0.27
subj_72,magical,jump up and down,see something,sit down,causal,action,mind,action,0.29,0.6,0.32,0.83,0.3,-0.52
subj_72,magical,sit down,experience pain,jump up and down,causal,action,bio,action,0.13,0.58,0.45,0.54,0.3,-0.23
subj_72,magical,see something,take a walk,hear something,similar,mind,action,mind,0.2,0.58,0.38,0.42,0.18,-0.24
subj_72,magical,kick something,think about something,sit down,causal,action,mind,action,0.37,0.6,0.23,0.7,0.42,-0.29
subj_72,magical,choose what to do,experience pain,remember something,similar,mind,bio,mind,0.2,0.57,0.36,0.15,0.36,0.22
subj_72,magical,reach for something,become hungry,kick something,similar,action,bio,action,0.21,0.56,0.35,0.54,0.4,-0.15
subj_72,magical,get sick,see something,get tired,similar,bio,mind,bio,0.38,0.62,0.25,0.39,0.34,-0.06
subj_72,magical,feel scared,see something,get tired,causal,bio,mind,bio,0.12,0.54,0.42,0.51,0.4,-0.11
subj_72,magical,become hungry,take a walk,feel scared,causal,bio,action,bio,0.18,0.55,0.37,0.67,0.44,-0.22
subj_72,magical,get tired,jump up and down,feel scared,causal,bio,action,bio,0.1,0.54,0.43,0.42,0.4,-0.02
subj_72,magical,think about something,get sick,remember something,similar,mind,bio,mind,0.25,0.65,0.4,0.08,0.15,0.08
subj_72,magical,remember something,take a walk,think about something,similar,mind,action,mind,0.24,0.61,0.37,0.07,0.15,0.08
subj_72,magical,experience pain,kick something,get tired,causal,bio,action,bio,0.13,0.51,0.38,0.43,0.41,-0.02
subj_73,magical,reach for something,become hungry,kick something,causal,action,bio,action,0.21,0.56,0.35,0.54,0.4,-0.15
subj_73,magical,remember something,take a walk,think about something,similar,mind,action,mind,0.24,0.61,0.37,0.07,0.15,0.08
subj_73,magical,hear something,take a walk,see something,similar,mind,action,mind,0.25,0.58,0.33,0.44,0.18,-0.27
subj_73,magical,kick something,think about something,sit down,similar,action,mind,action,0.37,0.6,0.23,0.7,0.42,-0.29
subj_73,magical,sit down,experience pain,jump up and down,similar,action,bio,action,0.13,0.58,0.45,0.54,0.3,-0.23
subj_73,magical,feel scared,see something,get tired,causal,bio,mind,bio,0.12,0.54,0.42,0.51,0.4,-0.11
subj_73,magical,experience pain,kick something,get tired,causal,bio,action,bio,0.13,0.51,0.38,0.43,0.41,-0.02
subj_73,magical,become hungry,take a walk,feel scared,causal,bio,action,bio,0.18,0.55,0.37,0.67,0.44,-0.22
subj_73,magical,choose what to do,experience pain,remember something,causal,mind,bio,mind,0.2,0.57,0.36,0.15,0.36,0.22
subj_73,magical,take a walk,think about something,sit down,causal,action,mind,action,0.26,0.58,0.32,0.77,0.33,-0.44
subj_73,magical,see something,take a walk,hear something,similar,mind,action,mind,0.2,0.58,0.38,0.42,0.18,-0.24
subj_73,magical,think about something,get sick,remember something,similar,mind,bio,mind,0.25,0.65,0.4,0.08,0.15,0.08
subj_73,magical,jump up and down,see something,sit down,causal,action,mind,action,0.29,0.6,0.32,0.83,0.3,-0.52
subj_73,magical,get sick,see something,get tired,similar,bio,mind,bio,0.38,0.62,0.25,0.39,0.34,-0.06
subj_73,magical,get tired,jump up and down,feel scared,causal,bio,action,bio,0.1,0.54,0.43,0.42,0.4,-0.02
subj_74,ordinary,reach for something,become hungry,kick something,similar,action,bio,action,0.21,0.56,0.35,0.54,0.4,-0.15
subj_74,ordinary,sit down,experience pain,jump up and down,causal,action,bio,action,0.13,0.58,0.45,0.54,0.3,-0.23
subj_74,ordinary,take a walk,think about something,sit down,causal,action,mind,action,0.26,0.58,0.32,0.77,0.33,-0.44
subj_74,ordinary,experience pain,kick something,get tired,causal,bio,action,bio,0.13,0.51,0.38,0.43,0.41,-0.02
subj_74,ordinary,think about something,get sick,remember something,similar,mind,bio,mind,0.25,0.65,0.4,0.08,0.15,0.08
subj_74,ordinary,kick something,think about something,sit down,causal,action,mind,action,0.37,0.6,0.23,0.7,0.42,-0.29
subj_74,ordinary,see something,take a walk,hear something,causal,mind,action,mind,0.2,0.58,0.38,0.42,0.18,-0.24
subj_74,ordinary,remember something,take a walk,think about something,similar,mind,action,mind,0.24,0.61,0.37,0.07,0.15,0.08
subj_74,ordinary,become hungry,take a walk,feel scared,causal,bio,action,bio,0.18,0.55,0.37,0.67,0.44,-0.22
subj_74,ordinary,hear something,take a walk,see something,causal,mind,action,mind,0.25,0.58,0.33,0.44,0.18,-0.27
subj_74,ordinary,feel scared,see something,get tired,causal,bio,mind,bio,0.12,0.54,0.42,0.51,0.4,-0.11
subj_74,ordinary,get tired,jump up and down,feel scared,causal,bio,action,bio,0.1,0.54,0.43,0.42,0.4,-0.02
subj_74,ordinary,get sick,see something,get tired,similar,bio,mind,bio,0.38,0.62,0.25,0.39,0.34,-0.06
subj_74,ordinary,jump up and down,see something,sit down,causal,action,mind,action,0.29,0.6,0.32,0.83,0.3,-0.52
subj_74,ordinary,choose what to do,experience pain,remember something,similar,mind,bio,mind,0.2,0.57,0.36,0.15,0.36,0.22
subj_75,magical,get sick,see something,get tired,similar,bio,mind,bio,0.38,0.62,0.25,0.39,0.34,-0.06
subj_75,magical,experience pain,kick something,get tired,causal,bio,action,bio,0.13,0.51,0.38,0.43,0.41,-0.02
subj_75,magical,feel scared,see something,get tired,causal,bio,mind,bio,0.12,0.54,0.42,0.51,0.4,-0.11
subj_75,magical,reach for something,become hungry,kick something,causal,action,bio,action,0.21,0.56,0.35,0.54,0.4,-0.15
subj_75,magical,sit down,experience pain,jump up and down,causal,action,bio,action,0.13,0.58,0.45,0.54,0.3,-0.23
subj_75,magical,get tired,jump up and down,feel scared,causal,bio,action,bio,0.1,0.54,0.43,0.42,0.4,-0.02
subj_75,magical,remember something,take a walk,think about something,similar,mind,action,mind,0.24,0.61,0.37,0.07,0.15,0.08
subj_75,magical,become hungry,take a walk,feel scared,causal,bio,action,bio,0.18,0.55,0.37,0.67,0.44,-0.22
subj_75,magical,choose what to do,experience pain,remember something,similar,mind,bio,mind,0.2,0.57,0.36,0.15,0.36,0.22
subj_75,magical,jump up and down,see something,sit down,causal,action,mind,action,0.29,0.6,0.32,0.83,0.3,-0.52
subj_75,magical,hear something,take a walk,see something,similar,mind,action,mind,0.25,0.58,0.33,0.44,0.18,-0.27
subj_75,magical,take a walk,think about something,sit down,causal,action,mind,action,0.26,0.58,0.32,0.77,0.33,-0.44
subj_75,magical,kick something,think about something,sit down,causal,action,mind,action,0.37,0.6,0.23,0.7,0.42,-0.29
subj_75,magical,think about something,get sick,remember something,similar,mind,bio,mind,0.25,0.65,0.4,0.08,0.15,0.08
subj_75,magical,see something,take a walk,hear something,causal,mind,action,mind,0.2,0.58,0.38,0.42,0.18,-0.24
subj_76,ordinary,reach for something,become hungry,kick something,causal,action,bio,action,0.21,0.56,0.35,0.54,0.4,-0.15
subj_76,ordinary,get tired,jump up and down,feel scared,causal,bio,action,bio,0.1,0.54,0.43,0.42,0.4,-0.02
subj_76,ordinary,become hungry,take a walk,feel scared,causal,bio,action,bio,0.18,0.55,0.37,0.67,0.44,-0.22
subj_76,ordinary,kick something,think about something,sit down,similar,action,mind,action,0.37,0.6,0.23,0.7,0.42,-0.29
subj_76,ordinary,see something,take a walk,hear something,similar,mind,action,mind,0.2,0.58,0.38,0.42,0.18,-0.24
subj_76,ordinary,take a walk,think about something,sit down,similar,action,mind,action,0.26,0.58,0.32,0.77,0.33,-0.44
subj_76,ordinary,remember something,take a walk,think about something,similar,mind,action,mind,0.24,0.61,0.37,0.07,0.15,0.08
subj_76,ordinary,feel scared,see something,get tired,causal,bio,mind,bio,0.12,0.54,0.42,0.51,0.4,-0.11
subj_76,ordinary,hear something,take a walk,see something,similar,mind,action,mind,0.25,0.58,0.33,0.44,0.18,-0.27
subj_76,ordinary,choose what to do,experience pain,remember something,similar,mind,bio,mind,0.2,0.57,0.36,0.15,0.36,0.22
subj_76,ordinary,sit down,experience pain,jump up and down,similar,action,bio,action,0.13,0.58,0.45,0.54,0.3,-0.23
subj_76,ordinary,jump up and down,see something,sit down,similar,action,mind,action,0.29,0.6,0.32,0.83,0.3,-0.52
subj_76,ordinary,experience pain,kick something,get tired,causal,bio,action,bio,0.13,0.51,0.38,0.43,0.41,-0.02
subj_76,ordinary,get sick,see something,get tired,similar,bio,mind,bio,0.38,0.62,0.25,0.39,0.34,-0.06
subj_76,ordinary,think about something,get sick,remember something,similar,mind,bio,mind,0.25,0.65,0.4,0.08,0.15,0.08
subj_77,ordinary,feel scared,see something,get tired,causal,bio,mind,bio,0.12,0.54,0.42,0.51,0.4,-0.11
subj_77,ordinary,hear something,take a walk,see something,similar,mind,action,mind,0.25,0.58,0.33,0.44,0.18,-0.27
subj_77,ordinary,become hungry,take a walk,feel scared,causal,bio,action,bio,0.18,0.55,0.37,0.67,0.44,-0.22
subj_77,ordinary,sit down,experience pain,jump up and down,causal,action,bio,action,0.13,0.58,0.45,0.54,0.3,-0.23
subj_77,ordinary,reach for something,become hungry,kick something,causal,action,bio,action,0.21,0.56,0.35,0.54,0.4,-0.15
subj_77,ordinary,see something,take a walk,hear something,similar,mind,action,mind,0.2,0.58,0.38,0.42,0.18,-0.24
subj_77,ordinary,experience pain,kick something,get tired,causal,bio,action,bio,0.13,0.51,0.38,0.43,0.41,-0.02
subj_77,ordinary,jump up and down,see something,sit down,causal,action,mind,action,0.29,0.6,0.32,0.83,0.3,-0.52
subj_77,ordinary,choose what to do,experience pain,remember something,similar,mind,bio,mind,0.2,0.57,0.36,0.15,0.36,0.22
subj_77,ordinary,think about something,get sick,remember something,similar,mind,bio,mind,0.25,0.65,0.4,0.08,0.15,0.08
subj_77,ordinary,get tired,jump up and down,feel scared,causal,bio,action,bio,0.1,0.54,0.43,0.42,0.4,-0.02
subj_77,ordinary,get sick,see something,get tired,similar,bio,mind,bio,0.38,0.62,0.25,0.39,0.34,-0.06
subj_77,ordinary,remember something,take a walk,think about something,similar,mind,action,mind,0.24,0.61,0.37,0.07,0.15,0.08
subj_77,ordinary,take a walk,think about something,sit down,causal,action,mind,action,0.26,0.58,0.32,0.77,0.33,-0.44
subj_77,ordinary,kick something,think about something,sit down,causal,action,mind,action,0.37,0.6,0.23,0.7,0.42,-0.29
subj_78,ordinary,kick something,think about something,sit down,causal,action,mind,action,0.37,0.6,0.23,0.7,0.42,-0.29
subj_78,ordinary,feel scared,see something,get tired,causal,bio,mind,bio,0.12,0.54,0.42,0.51,0.4,-0.11
subj_78,ordinary,get sick,see something,get tired,causal,bio,mind,bio,0.38,0.62,0.25,0.39,0.34,-0.06
subj_78,ordinary,sit down,experience pain,jump up and down,causal,action,bio,action,0.13,0.58,0.45,0.54,0.3,-0.23
subj_78,ordinary,get tired,jump up and down,feel scared,causal,bio,action,bio,0.1,0.54,0.43,0.42,0.4,-0.02
subj_78,ordinary,hear something,take a walk,see something,causal,mind,action,mind,0.25,0.58,0.33,0.44,0.18,-0.27
subj_78,ordinary,remember something,take a walk,think about something,similar,mind,action,mind,0.24,0.61,0.37,0.07,0.15,0.08
subj_78,ordinary,experience pain,kick something,get tired,causal,bio,action,bio,0.13,0.51,0.38,0.43,0.41,-0.02
subj_78,ordinary,become hungry,take a walk,feel scared,causal,bio,action,bio,0.18,0.55,0.37,0.67,0.44,-0.22
subj_78,ordinary,take a walk,think about something,sit down,causal,action,mind,action,0.26,0.58,0.32,0.77,0.33,-0.44
subj_78,ordinary,reach for something,become hungry,kick something,similar,action,bio,action,0.21,0.56,0.35,0.54,0.4,-0.15
subj_78,ordinary,think about something,get sick,remember something,similar,mind,bio,mind,0.25,0.65,0.4,0.08,0.15,0.08
subj_78,ordinary,jump up and down,see something,sit down,causal,action,mind,action,0.29,0.6,0.32,0.83,0.3,-0.52
subj_78,ordinary,choose what to do,experience pain,remember something,similar,mind,bio,mind,0.2,0.57,0.36,0.15,0.36,0.22
subj_78,ordinary,see something,take a walk,hear something,causal,mind,action,mind,0.2,0.58,0.38,0.42,0.18,-0.24
subj_79,magical,jump up and down,see something,sit down,causal,action,mind,action,0.29,0.6,0.32,0.83,0.3,-0.52
subj_79,magical,take a walk,think about something,sit down,causal,action,mind,action,0.26,0.58,0.32,0.77,0.33,-0.44
subj_79,magical,feel scared,see something,get tired,causal,bio,mind,bio,0.12,0.54,0.42,0.51,0.4,-0.11
subj_79,magical,hear something,take a walk,see something,causal,mind,action,mind,0.25,0.58,0.33,0.44,0.18,-0.27
subj_79,magical,become hungry,take a walk,feel scared,similar,bio,action,bio,0.18,0.55,0.37,0.67,0.44,-0.22
subj_79,magical,experience pain,kick something,get tired,causal,bio,action,bio,0.13,0.51,0.38,0.43,0.41,-0.02
subj_79,magical,sit down,experience pain,jump up and down,causal,action,bio,action,0.13,0.58,0.45,0.54,0.3,-0.23
subj_79,magical,see something,take a walk,hear something,causal,mind,action,mind,0.2,0.58,0.38,0.42,0.18,-0.24
subj_79,magical,kick something,think about something,sit down,causal,action,mind,action,0.37,0.6,0.23,0.7,0.42,-0.29
subj_79,magical,think about something,get sick,remember something,similar,mind,bio,mind,0.25,0.65,0.4,0.08,0.15,0.08
subj_79,magical,get tired,jump up and down,feel scared,causal,bio,action,bio,0.1,0.54,0.43,0.42,0.4,-0.02
subj_79,magical,reach for something,become hungry,kick something,causal,action,bio,action,0.21,0.56,0.35,0.54,0.4,-0.15
subj_79,magical,get sick,see something,get tired,similar,bio,mind,bio,0.38,0.62,0.25,0.39,0.34,-0.06
subj_79,magical,remember something,take a walk,think about something,similar,mind,action,mind,0.24,0.61,0.37,0.07,0.15,0.08
subj_79,magical,choose what to do,experience pain,remember something,similar,mind,bio,mind,0.2,0.57,0.36,0.15,0.36,0.22
subj_80,ordinary,feel scared,see something,get tired,causal,bio,mind,bio,0.12,0.54,0.42,0.51,0.4,-0.11
subj_80,ordinary,become hungry,take a walk,feel scared,causal,bio,action,bio,0.18,0.55,0.37,0.67,0.44,-0.22
subj_80,ordinary,think about something,get sick,remember something,similar,mind,bio,mind,0.25,0.65,0.4,0.08,0.15,0.08
subj_80,ordinary,experience pain,kick something,get tired,causal,bio,action,bio,0.13,0.51,0.38,0.43,0.41,-0.02
subj_80,ordinary,take a walk,think about something,sit down,similar,action,mind,action,0.26,0.58,0.32,0.77,0.33,-0.44
subj_80,ordinary,choose what to do,experience pain,remember something,similar,mind,bio,mind,0.2,0.57,0.36,0.15,0.36,0.22
subj_80,ordinary,jump up and down,see something,sit down,causal,action,mind,action,0.29,0.6,0.32,0.83,0.3,-0.52
subj_80,ordinary,kick something,think about something,sit down,similar,action,mind,action,0.37,0.6,0.23,0.7,0.42,-0.29
subj_80,ordinary,get sick,see something,get tired,similar,bio,mind,bio,0.38,0.62,0.25,0.39,0.34,-0.06
subj_80,ordinary,sit down,experience pain,jump up and down,similar,action,bio,action,0.13,0.58,0.45,0.54,0.3,-0.23
subj_80,ordinary,hear something,take a walk,see something,causal,mind,action,mind,0.25,0.58,0.33,0.44,0.18,-0.27
subj_80,ordinary,remember something,take a walk,think about something,similar,mind,action,mind,0.24,0.61,0.37,0.07,0.15,0.08
subj_80,ordinary,see something,take a walk,hear something,similar,mind,action,mind,0.2,0.58,0.38,0.42,0.18,-0.24
subj_80,ordinary,reach for something,become hungry,kick something,causal,action,bio,action,0.21,0.56,0.35,0.54,0.4,-0.15
subj_80,ordinary,get tired,jump up and down,feel scared,causal,bio,action,bio,0.1,0.54,0.43,0.42,0.4,-0.02
subj_81,magical,feel scared,see something,get tired,causal,bio,mind,bio,0.12,0.54,0.42,0.51,0.4,-0.11
subj_81,magical,experience pain,kick something,get tired,causal,bio,action,bio,0.13,0.51,0.38,0.43,0.41,-0.02
subj_81,magical,hear something,take a walk,see something,causal,mind,action,mind,0.25,0.58,0.33,0.44,0.18,-0.27
subj_81,magical,kick something,think about something,sit down,causal,action,mind,action,0.37,0.6,0.23,0.7,0.42,-0.29
subj_81,magical,remember something,take a walk,think about something,similar,mind,action,mind,0.24,0.61,0.37,0.07,0.15,0.08
subj_81,magical,jump up and down,see something,sit down,causal,action,mind,action,0.29,0.6,0.32,0.83,0.3,-0.52
subj_81,magical,get tired,jump up and down,feel scared,causal,bio,action,bio,0.1,0.54,0.43,0.42,0.4,-0.02
subj_81,magical,take a walk,think about something,sit down,causal,action,mind,action,0.26,0.58,0.32,0.77,0.33,-0.44
subj_81,magical,reach for something,become hungry,kick something,causal,action,bio,action,0.21,0.56,0.35,0.54,0.4,-0.15
subj_81,magical,choose what to do,experience pain,remember something,similar,mind,bio,mind,0.2,0.57,0.36,0.15,0.36,0.22
subj_81,magical,sit down,experience pain,jump up and down,causal,action,bio,action,0.13,0.58,0.45,0.54,0.3,-0.23
subj_81,magical,become hungry,take a walk,feel scared,causal,bio,action,bio,0.18,0.55,0.37,0.67,0.44,-0.22
subj_81,magical,see something,take a walk,hear something,causal,mind,action,mind,0.2,0.58,0.38,0.42,0.18,-0.24
subj_81,magical,get sick,see something,get tired,similar,bio,mind,bio,0.38,0.62,0.25,0.39,0.34,-0.06
subj_81,magical,think about something,get sick,remember something,similar,mind,bio,mind,0.25,0.65,0.4,0.08,0.15,0.08
subj_82,ordinary,take a walk,think about something,sit down,causal,action,mind,action,0.26,0.58,0.32,0.77,0.33,-0.44
subj_82,ordinary,kick something,think about something,sit down,causal,action,mind,action,0.37,0.6,0.23,0.7,0.42,-0.29
subj_82,ordinary,sit down,experience pain,jump up and down,causal,action,bio,action,0.13,0.58,0.45,0.54,0.3,-0.23
subj_82,ordinary,get sick,see something,get tired,causal,bio,mind,bio,0.38,0.62,0.25,0.39,0.34,-0.06
subj_82,ordinary,think about something,get sick,remember something,similar,mind,bio,mind,0.25,0.65,0.4,0.08,0.15,0.08
subj_82,ordinary,hear something,take a walk,see something,causal,mind,action,mind,0.25,0.58,0.33,0.44,0.18,-0.27
subj_82,ordinary,feel scared,see something,get tired,causal,bio,mind,bio,0.12,0.54,0.42,0.51,0.4,-0.11
subj_82,ordinary,jump up and down,see something,sit down,causal,action,mind,action,0.29,0.6,0.32,0.83,0.3,-0.52
subj_82,ordinary,experience pain,kick something,get tired,causal,bio,action,bio,0.13,0.51,0.38,0.43,0.41,-0.02
subj_82,ordinary,get tired,jump up and down,feel scared,causal,bio,action,bio,0.1,0.54,0.43,0.42,0.4,-0.02
subj_82,ordinary,choose what to do,experience pain,remember something,similar,mind,bio,mind,0.2,0.57,0.36,0.15,0.36,0.22
subj_82,ordinary,remember something,take a walk,think about something,similar,mind,action,mind,0.24,0.61,0.37,0.07,0.15,0.08
subj_82,ordinary,become hungry,take a walk,feel scared,causal,bio,action,bio,0.18,0.55,0.37,0.67,0.44,-0.22
subj_82,ordinary,reach for something,become hungry,kick something,similar,action,bio,action,0.21,0.56,0.35,0.54,0.4,-0.15
subj_82,ordinary,see something,take a walk,hear something,causal,mind,action,mind,0.2,0.58,0.38,0.42,0.18,-0.24
subj_83,ordinary,reach for something,become hungry,kick something,similar,action,bio,action,0.21,0.56,0.35,0.54,0.4,-0.15
subj_83,ordinary,get tired,jump up and down,feel scared,causal,bio,action,bio,0.1,0.54,0.43,0.42,0.4,-0.02
subj_83,ordinary,sit down,experience pain,jump up and down,causal,action,bio,action,0.13,0.58,0.45,0.54,0.3,-0.23
subj_83,ordinary,get sick,see something,get tired,similar,bio,mind,bio,0.38,0.62,0.25,0.39,0.34,-0.06
subj_83,ordinary,think about something,get sick,remember something,similar,mind,bio,mind,0.25,0.65,0.4,0.08,0.15,0.08
subj_83,ordinary,become hungry,take a walk,feel scared,causal,bio,action,bio,0.18,0.55,0.37,0.67,0.44,-0.22
subj_83,ordinary,hear something,take a walk,see something,causal,mind,action,mind,0.25,0.58,0.33,0.44,0.18,-0.27
subj_83,ordinary,experience pain,kick something,get tired,similar,bio,action,bio,0.13,0.51,0.38,0.43,0.41,-0.02
subj_83,ordinary,remember something,take a walk,think about something,similar,mind,action,mind,0.24,0.61,0.37,0.07,0.15,0.08
subj_83,ordinary,see something,take a walk,hear something,causal,mind,action,mind,0.2,0.58,0.38,0.42,0.18,-0.24
subj_83,ordinary,kick something,think about something,sit down,causal,action,mind,action,0.37,0.6,0.23,0.7,0.42,-0.29
subj_83,ordinary,feel scared,see something,get tired,causal,bio,mind,bio,0.12,0.54,0.42,0.51,0.4,-0.11
subj_83,ordinary,jump up and down,see something,sit down,similar,action,mind,action,0.29,0.6,0.32,0.83,0.3,-0.52
subj_83,ordinary,take a walk,think about something,sit down,causal,action,mind,action,0.26,0.58,0.32,0.77,0.33,-0.44
subj_83,ordinary,choose what to do,experience pain,remember something,similar,mind,bio,mind,0.2,0.57,0.36,0.15,0.36,0.22
subj_84,magical,become hungry,take a walk,feel scared,causal,bio,action,bio,0.18,0.55,0.37,0.67,0.44,-0.22
subj_84,magical,reach for something,become hungry,kick something,similar,action,bio,action,0.21,0.56,0.35,0.54,0.4,-0.15
subj_84,magical,sit down,experience pain,jump up and down,similar,action,bio,action,0.13,0.58,0.45,0.54,0.3,-0.23
subj_84,magical,get sick,see something,get tired,similar,bio,mind,bio,0.38,0.62,0.25,0.39,0.34,-0.06
subj_84,magical,jump up and down,see something,sit down,causal,action,mind,action,0.29,0.6,0.32,0.83,0.3,-0.52
subj_84,magical,kick something,think about something,sit down,causal,action,mind,action,0.37,0.6,0.23,0.7,0.42,-0.29
subj_84,magical,think about something,get sick,remember something,similar,mind,bio,mind,0.25,0.65,0.4,0.08,0.15,0.08
subj_84,magical,hear something,take a walk,see something,similar,mind,action,mind,0.25,0.58,0.33,0.44,0.18,-0.27
subj_84,magical,experience pain,kick something,get tired,causal,bio,action,bio,0.13,0.51,0.38,0.43,0.41,-0.02
subj_84,magical,remember something,take a walk,think about something,similar,mind,action,mind,0.24,0.61,0.37,0.07,0.15,0.08
subj_84,magical,see something,take a walk,hear something,similar,mind,action,mind,0.2,0.58,0.38,0.42,0.18,-0.24
subj_84,magical,take a walk,think about something,sit down,similar,action,mind,action,0.26,0.58,0.32,0.77,0.33,-0.44
subj_84,magical,get tired,jump up and down,feel scared,causal,bio,action,bio,0.1,0.54,0.43,0.42,0.4,-0.02
subj_84,magical,choose what to do,experience pain,remember something,similar,mind,bio,mind,0.2,0.57,0.36,0.15,0.36,0.22
subj_84,magical,feel scared,see something,get tired,similar,bio,mind,bio,0.12,0.54,0.42,0.51,0.4,-0.11
subj_85,ordinary,experience pain,kick something,get tired,causal,bio,action,bio,0.13,0.51,0.38,0.43,0.41,-0.02
subj_85,ordinary,see something,take a walk,hear something,causal,mind,action,mind,0.2,0.58,0.38,0.42,0.18,-0.24
subj_85,ordinary,feel scared,see something,get tired,causal,bio,mind,bio,0.12,0.54,0.42,0.51,0.4,-0.11
subj_85,ordinary,sit down,experience pain,jump up and down,causal,action,bio,action,0.13,0.58,0.45,0.54,0.3,-0.23
subj_85,ordinary,reach for something,become hungry,kick something,similar,action,bio,action,0.21,0.56,0.35,0.54,0.4,-0.15
subj_85,ordinary,get sick,see something,get tired,similar,bio,mind,bio,0.38,0.62,0.25,0.39,0.34,-0.06
subj_85,ordinary,think about something,get sick,remember something,similar,mind,bio,mind,0.25,0.65,0.4,0.08,0.15,0.08
subj_85,ordinary,choose what to do,experience pain,remember something,similar,mind,bio,mind,0.2,0.57,0.36,0.15,0.36,0.22
subj_85,ordinary,hear something,take a walk,see something,similar,mind,action,mind,0.25,0.58,0.33,0.44,0.18,-0.27
subj_85,ordinary,remember something,take a walk,think about something,similar,mind,action,mind,0.24,0.61,0.37,0.07,0.15,0.08
subj_85,ordinary,jump up and down,see something,sit down,causal,action,mind,action,0.29,0.6,0.32,0.83,0.3,-0.52
subj_85,ordinary,get tired,jump up and down,feel scared,causal,bio,action,bio,0.1,0.54,0.43,0.42,0.4,-0.02
subj_85,ordinary,kick something,think about something,sit down,causal,action,mind,action,0.37,0.6,0.23,0.7,0.42,-0.29
subj_85,ordinary,take a walk,think about something,sit down,causal,action,mind,action,0.26,0.58,0.32,0.77,0.33,-0.44
subj_85,ordinary,become hungry,take a walk,feel scared,causal,bio,action,bio,0.18,0.55,0.37,0.67,0.44,-0.22
subj_86,magical,choose what to do,experience pain,remember something,causal,mind,bio,mind,0.2,0.57,0.36,0.15,0.36,0.22
subj_86,magical,remember something,take a walk,think about something,similar,mind,action,mind,0.24,0.61,0.37,0.07,0.15,0.08
subj_86,magical,get sick,see something,get tired,similar,bio,mind,bio,0.38,0.62,0.25,0.39,0.34,-0.06
subj_86,magical,reach for something,become hungry,kick something,similar,action,bio,action,0.21,0.56,0.35,0.54,0.4,-0.15
subj_86,magical,kick something,think about something,sit down,similar,action,mind,action,0.37,0.6,0.23,0.7,0.42,-0.29
subj_86,magical,hear something,take a walk,see something,similar,mind,action,mind,0.25,0.58,0.33,0.44,0.18,-0.27
subj_86,magical,get tired,jump up and down,feel scared,causal,bio,action,bio,0.1,0.54,0.43,0.42,0.4,-0.02
subj_86,magical,jump up and down,see something,sit down,similar,action,mind,action,0.29,0.6,0.32,0.83,0.3,-0.52
subj_86,magical,think about something,get sick,remember something,similar,mind,bio,mind,0.25,0.65,0.4,0.08,0.15,0.08
subj_86,magical,feel scared,see something,get tired,causal,bio,mind,bio,0.12,0.54,0.42,0.51,0.4,-0.11
subj_86,magical,take a walk,think about something,sit down,similar,action,mind,action,0.26,0.58,0.32,0.77,0.33,-0.44
subj_86,magical,become hungry,take a walk,feel scared,causal,bio,action,bio,0.18,0.55,0.37,0.67,0.44,-0.22
subj_86,magical,sit down,experience pain,jump up and down,similar,action,bio,action,0.13,0.58,0.45,0.54,0.3,-0.23
subj_86,magical,see something,take a walk,hear something,similar,mind,action,mind,0.2,0.58,0.38,0.42,0.18,-0.24
subj_86,magical,experience pain,kick something,get tired,causal,bio,action,bio,0.13,0.51,0.38,0.43,0.41,-0.02
subj_87,magical,become hungry,take a walk,feel scared,causal,bio,action,bio,0.18,0.55,0.37,0.67,0.44,-0.22
subj_87,magical,jump up and down,see something,sit down,causal,action,mind,action,0.29,0.6,0.32,0.83,0.3,-0.52
subj_87,magical,reach for something,become hungry,kick something,similar,action,bio,action,0.21,0.56,0.35,0.54,0.4,-0.15
subj_87,magical,choose what to do,experience pain,remember something,similar,mind,bio,mind,0.2,0.57,0.36,0.15,0.36,0.22
subj_87,magical,feel scared,see something,get tired,causal,bio,mind,bio,0.12,0.54,0.42,0.51,0.4,-0.11
subj_87,magical,remember something,take a walk,think about something,similar,mind,action,mind,0.24,0.61,0.37,0.07,0.15,0.08
subj_87,magical,take a walk,think about something,sit down,causal,action,mind,action,0.26,0.58,0.32,0.77,0.33,-0.44
subj_87,magical,kick something,think about something,sit down,causal,action,mind,action,0.37,0.6,0.23,0.7,0.42,-0.29
subj_87,magical,experience pain,kick something,get tired,causal,bio,action,bio,0.13,0.51,0.38,0.43,0.41,-0.02
subj_87,magical,get sick,see something,get tired,causal,bio,mind,bio,0.38,0.62,0.25,0.39,0.34,-0.06
subj_87,magical,think about something,get sick,remember something,similar,mind,bio,mind,0.25,0.65,0.4,0.08,0.15,0.08
subj_87,magical,hear something,take a walk,see something,similar,mind,action,mind,0.25,0.58,0.33,0.44,0.18,-0.27
subj_87,magical,get tired,jump up and down,feel scared,causal,bio,action,bio,0.1,0.54,0.43,0.42,0.4,-0.02
subj_87,magical,see something,take a walk,hear something,causal,mind,action,mind,0.2,0.58,0.38,0.42,0.18,-0.24
subj_87,magical,sit down,experience pain,jump up and down,causal,action,bio,action,0.13,0.58,0.45,0.54,0.3,-0.23
subj_88,magical,get tired,jump up and down,feel scared,causal,bio,action,bio,0.1,0.54,0.43,0.42,0.4,-0.02
subj_88,magical,experience pain,kick something,get tired,causal,bio,action,bio,0.13,0.51,0.38,0.43,0.41,-0.02
subj_88,magical,see something,take a walk,hear something,causal,mind,action,mind,0.2,0.58,0.38,0.42,0.18,-0.24
subj_88,magical,choose what to do,experience pain,remember something,similar,mind,bio,mind,0.2,0.57,0.36,0.15,0.36,0.22
subj_88,magical,think about something,get sick,remember something,similar,mind,bio,mind,0.25,0.65,0.4,0.08,0.15,0.08
subj_88,magical,reach for something,become hungry,kick something,causal,action,bio,action,0.21,0.56,0.35,0.54,0.4,-0.15
subj_88,magical,hear something,take a walk,see something,causal,mind,action,mind,0.25,0.58,0.33,0.44,0.18,-0.27
subj_88,magical,take a walk,think about something,sit down,causal,action,mind,action,0.26,0.58,0.32,0.77,0.33,-0.44
subj_88,magical,sit down,experience pain,jump up and down,causal,action,bio,action,0.13,0.58,0.45,0.54,0.3,-0.23
subj_88,magical,become hungry,take a walk,feel scared,causal,bio,action,bio,0.18,0.55,0.37,0.67,0.44,-0.22
subj_88,magical,jump up and down,see something,sit down,causal,action,mind,action,0.29,0.6,0.32,0.83,0.3,-0.52
subj_88,magical,kick something,think about something,sit down,causal,action,mind,action,0.37,0.6,0.23,0.7,0.42,-0.29
subj_88,magical,remember something,take a walk,think about something,similar,mind,action,mind,0.24,0.61,0.37,0.07,0.15,0.08
subj_88,magical,get sick,see something,get tired,similar,bio,mind,bio,0.38,0.62,0.25,0.39,0.34,-0.06
subj_88,magical,feel scared,see something,get tired,causal,bio,mind,bio,0.12,0.54,0.42,0.51,0.4,-0.11
subj_89,ordinary,sit down,experience pain,jump up and down,similar,action,bio,action,0.13,0.58,0.45,0.54,0.3,-0.23
subj_89,ordinary,reach for something,become hungry,kick something,similar,action,bio,action,0.21,0.56,0.35,0.54,0.4,-0.15
subj_89,ordinary,experience pain,kick something,get tired,similar,bio,action,bio,0.13,0.51,0.38,0.43,0.41,-0.02
subj_89,ordinary,feel scared,see something,get tired,causal,bio,mind,bio,0.12,0.54,0.42,0.51,0.4,-0.11
subj_89,ordinary,choose what to do,experience pain,remember something,similar,mind,bio,mind,0.2,0.57,0.36,0.15,0.36,0.22
subj_89,ordinary,get sick,see something,get tired,causal,bio,mind,bio,0.38,0.62,0.25,0.39,0.34,-0.06
subj_89,ordinary,become hungry,take a walk,feel scared,causal,bio,action,bio,0.18,0.55,0.37,0.67,0.44,-0.22
subj_89,ordinary,take a walk,think about something,sit down,causal,action,mind,action,0.26,0.58,0.32,0.77,0.33,-0.44
subj_89,ordinary,jump up and down,see something,sit down,causal,action,mind,action,0.29,0.6,0.32,0.83,0.3,-0.52
subj_89,ordinary,kick something,think about something,sit down,causal,action,mind,action,0.37,0.6,0.23,0.7,0.42,-0.29
subj_89,ordinary,get tired,jump up and down,feel scared,causal,bio,action,bio,0.1,0.54,0.43,0.42,0.4,-0.02
subj_89,ordinary,hear something,take a walk,see something,causal,mind,action,mind,0.25,0.58,0.33,0.44,0.18,-0.27
subj_89,ordinary,remember something,take a walk,think about something,similar,mind,action,mind,0.24,0.61,0.37,0.07,0.15,0.08
subj_89,ordinary,see something,take a walk,hear something,causal,mind,action,mind,0.2,0.58,0.38,0.42,0.18,-0.24
subj_89,ordinary,think about something,get sick,remember something,similar,mind,bio,mind,0.25,0.65,0.4,0.08,0.15,0.08
subj_90,magical,remember something,take a walk,think about something,similar,mind,action,mind,0.24,0.61,0.37,0.07,0.15,0.08
subj_90,magical,get sick,see something,get tired,similar,bio,mind,bio,0.38,0.62,0.25,0.39,0.34,-0.06
subj_90,magical,kick something,think about something,sit down,similar,action,mind,action,0.37,0.6,0.23,0.7,0.42,-0.29
subj_90,magical,reach for something,become hungry,kick something,similar,action,bio,action,0.21,0.56,0.35,0.54,0.4,-0.15
subj_90,magical,see something,take a walk,hear something,causal,mind,action,mind,0.2,0.58,0.38,0.42,0.18,-0.24
subj_90,magical,jump up and down,see something,sit down,similar,action,mind,action,0.29,0.6,0.32,0.83,0.3,-0.52
subj_90,magical,hear something,take a walk,see something,causal,mind,action,mind,0.25,0.58,0.33,0.44,0.18,-0.27
subj_90,magical,choose what to do,experience pain,remember something,similar,mind,bio,mind,0.2,0.57,0.36,0.15,0.36,0.22
subj_90,magical,get tired,jump up and down,feel scared,causal,bio,action,bio,0.1,0.54,0.43,0.42,0.4,-0.02
subj_90,magical,become hungry,take a walk,feel scared,causal,bio,action,bio,0.18,0.55,0.37,0.67,0.44,-0.22
subj_90,magical,feel scared,see something,get tired,causal,bio,mind,bio,0.12,0.54,0.42,0.51,0.4,-0.11
subj_90,magical,sit down,experience pain,jump up and down,causal,action,bio,action,0.13,0.58,0.45,0.54,0.3,-0.23
subj_90,magical,think about something,get sick,remember something,similar,mind,bio,mind,0.25,0.65,0.4,0.08,0.15,0.08
subj_90,magical,experience pain,kick something,get tired,similar,bio,action,bio,0.13,0.51,0.38,0.43,0.41,-0.02
subj_90,magical,take a walk,think about something,sit down,causal,action,mind,action,0.26,0.58,0.32,0.77,0.33,-0.44
subj_91,ordinary,experience pain,kick something,get tired,causal,bio,action,bio,0.13,0.51,0.38,0.43,0.41,-0.02
subj_91,ordinary,see something,take a walk,hear something,causal,mind,action,mind,0.2,0.58,0.38,0.42,0.18,-0.24
subj_91,ordinary,become hungry,take a walk,feel scared,causal,bio,action,bio,0.18,0.55,0.37,0.67,0.44,-0.22
subj_91,ordinary,feel scared,see something,get tired,causal,bio,mind,bio,0.12,0.54,0.42,0.51,0.4,-0.11
subj_91,ordinary,get sick,see something,get tired,similar,bio,mind,bio,0.38,0.62,0.25,0.39,0.34,-0.06
subj_91,ordinary,jump up and down,see something,sit down,causal,action,mind,action,0.29,0.6,0.32,0.83,0.3,-0.52
subj_91,ordinary,hear something,take a walk,see something,causal,mind,action,mind,0.25,0.58,0.33,0.44,0.18,-0.27
subj_91,ordinary,kick something,think about something,sit down,causal,action,mind,action,0.37,0.6,0.23,0.7,0.42,-0.29
subj_91,ordinary,remember something,take a walk,think about something,similar,mind,action,mind,0.24,0.61,0.37,0.07,0.15,0.08
subj_91,ordinary,think about something,get sick,remember something,similar,mind,bio,mind,0.25,0.65,0.4,0.08,0.15,0.08
subj_91,ordinary,sit down,experience pain,jump up and down,causal,action,bio,action,0.13,0.58,0.45,0.54,0.3,-0.23
subj_91,ordinary,get tired,jump up and down,feel scared,causal,bio,action,bio,0.1,0.54,0.43,0.42,0.4,-0.02
subj_91,ordinary,take a walk,think about something,sit down,causal,action,mind,action,0.26,0.58,0.32,0.77,0.33,-0.44
subj_91,ordinary,choose what to do,experience pain,remember something,similar,mind,bio,mind,0.2,0.57,0.36,0.15,0.36,0.22
subj_91,ordinary,reach for something,become hungry,kick something,causal,action,bio,action,0.21,0.56,0.35,0.54,0.4,-0.15
subj_92,ordinary,experience pain,kick something,get tired,causal,bio,action,bio,0.13,0.51,0.38,0.43,0.41,-0.02
subj_92,ordinary,get sick,see something,get tired,causal,bio,mind,bio,0.38,0.62,0.25,0.39,0.34,-0.06
subj_92,ordinary,become hungry,take a walk,feel scared,causal,bio,action,bio,0.18,0.55,0.37,0.67,0.44,-0.22
subj_92,ordinary,get tired,jump up and down,feel scared,causal,bio,action,bio,0.1,0.54,0.43,0.42,0.4,-0.02
subj_92,ordinary,choose what to do,experience pain,remember something,similar,mind,bio,mind,0.2,0.57,0.36,0.15,0.36,0.22
subj_92,ordinary,see something,take a walk,hear something,causal,mind,action,mind,0.2,0.58,0.38,0.42,0.18,-0.24
subj_92,ordinary,sit down,experience pain,jump up and down,causal,action,bio,action,0.13,0.58,0.45,0.54,0.3,-0.23
subj_92,ordinary,hear something,take a walk,see something,causal,mind,action,mind,0.25,0.58,0.33,0.44,0.18,-0.27
subj_92,ordinary,take a walk,think about something,sit down,causal,action,mind,action,0.26,0.58,0.32,0.77,0.33,-0.44
subj_92,ordinary,kick something,think about something,sit down,causal,action,mind,action,0.37,0.6,0.23,0.7,0.42,-0.29
subj_92,ordinary,reach for something,become hungry,kick something,causal,action,bio,action,0.21,0.56,0.35,0.54,0.4,-0.15
subj_92,ordinary,think about something,get sick,remember something,similar,mind,bio,mind,0.25,0.65,0.4,0.08,0.15,0.08
subj_92,ordinary,jump up and down,see something,sit down,causal,action,mind,action,0.29,0.6,0.32,0.83,0.3,-0.52
subj_92,ordinary,feel scared,see something,get tired,causal,bio,mind,bio,0.12,0.54,0.42,0.51,0.4,-0.11
subj_92,ordinary,remember something,take a walk,think about something,similar,mind,action,mind,0.24,0.61,0.37,0.07,0.15,0.08
subj_93,magical,hear something,take a walk,see something,similar,mind,action,mind,0.25,0.58,0.33,0.44,0.18,-0.27
subj_93,magical,become hungry,take a walk,feel scared,similar,bio,action,bio,0.18,0.55,0.37,0.67,0.44,-0.22
subj_93,magical,experience pain,kick something,get tired,similar,bio,action,bio,0.13,0.51,0.38,0.43,0.41,-0.02
subj_93,magical,take a walk,think about something,sit down,similar,action,mind,action,0.26,0.58,0.32,0.77,0.33,-0.44
subj_93,magical,remember something,take a walk,think about something,similar,mind,action,mind,0.24,0.61,0.37,0.07,0.15,0.08
subj_93,magical,reach for something,become hungry,kick something,causal,action,bio,action,0.21,0.56,0.35,0.54,0.4,-0.15
subj_93,magical,get tired,jump up and down,feel scared,similar,bio,action,bio,0.1,0.54,0.43,0.42,0.4,-0.02
subj_93,magical,sit down,experience pain,jump up and down,causal,action,bio,action,0.13,0.58,0.45,0.54,0.3,-0.23
subj_93,magical,jump up and down,see something,sit down,causal,action,mind,action,0.29,0.6,0.32,0.83,0.3,-0.52
subj_93,magical,kick something,think about something,sit down,causal,action,mind,action,0.37,0.6,0.23,0.7,0.42,-0.29
subj_93,magical,feel scared,see something,get tired,causal,bio,mind,bio,0.12,0.54,0.42,0.51,0.4,-0.11
subj_93,magical,think about something,get sick,remember something,similar,mind,bio,mind,0.25,0.65,0.4,0.08,0.15,0.08
subj_93,magical,get sick,see something,get tired,similar,bio,mind,bio,0.38,0.62,0.25,0.39,0.34,-0.06
subj_93,magical,choose what to do,experience pain,remember something,similar,mind,bio,mind,0.2,0.57,0.36,0.15,0.36,0.22
subj_93,magical,see something,take a walk,hear something,similar,mind,action,mind,0.2,0.58,0.38,0.42,0.18,-0.24
subj_94,ordinary,remember something,take a walk,think about something,similar,mind,action,mind,0.24,0.61,0.37,0.07,0.15,0.08
subj_94,ordinary,feel scared,see something,get tired,causal,bio,mind,bio,0.12,0.54,0.42,0.51,0.4,-0.11
subj_94,ordinary,become hungry,take a walk,feel scared,causal,bio,action,bio,0.18,0.55,0.37,0.67,0.44,-0.22
subj_94,ordinary,take a walk,think about something,sit down,causal,action,mind,action,0.26,0.58,0.32,0.77,0.33,-0.44
subj_94,ordinary,get tired,jump up and down,feel scared,causal,bio,action,bio,0.1,0.54,0.43,0.42,0.4,-0.02
subj_94,ordinary,sit down,experience pain,jump up and down,similar,action,bio,action,0.13,0.58,0.45,0.54,0.3,-0.23
subj_94,ordinary,kick something,think about something,sit down,causal,action,mind,action,0.37,0.6,0.23,0.7,0.42,-0.29
subj_94,ordinary,hear something,take a walk,see something,similar,mind,action,mind,0.25,0.58,0.33,0.44,0.18,-0.27
subj_94,ordinary,choose what to do,experience pain,remember something,similar,mind,bio,mind,0.2,0.57,0.36,0.15,0.36,0.22
subj_94,ordinary,see something,take a walk,hear something,causal,mind,action,mind,0.2,0.58,0.38,0.42,0.18,-0.24
subj_94,ordinary,get sick,see something,get tired,similar,bio,mind,bio,0.38,0.62,0.25,0.39,0.34,-0.06
subj_94,ordinary,reach for something,become hungry,kick something,similar,action,bio,action,0.21,0.56,0.35,0.54,0.4,-0.15
subj_94,ordinary,jump up and down,see something,sit down,causal,action,mind,action,0.29,0.6,0.32,0.83,0.3,-0.52
subj_94,ordinary,experience pain,kick something,get tired,causal,bio,action,bio,0.13,0.51,0.38,0.43,0.41,-0.02
subj_94,ordinary,think about something,get sick,remember something,similar,mind,bio,mind,0.25,0.65,0.4,0.08,0.15,0.08
subj_95,magical,feel scared,see something,get tired,causal,bio,mind,bio,0.12,0.54,0.42,0.51,0.4,-0.11
subj_95,magical,take a walk,think about something,sit down,similar,action,mind,action,0.26,0.58,0.32,0.77,0.33,-0.44
subj_95,magical,think about something,get sick,remember something,similar,mind,bio,mind,0.25,0.65,0.4,0.08,0.15,0.08
subj_95,magical,get tired,jump up and down,feel scared,similar,bio,action,bio,0.1,0.54,0.43,0.42,0.4,-0.02
subj_95,magical,sit down,experience pain,jump up and down,similar,action,bio,action,0.13,0.58,0.45,0.54,0.3,-0.23
subj_95,magical,reach for something,become hungry,kick something,similar,action,bio,action,0.21,0.56,0.35,0.54,0.4,-0.15
subj_95,magical,get sick,see something,get tired,similar,bio,mind,bio,0.38,0.62,0.25,0.39,0.34,-0.06
subj_95,magical,see something,take a walk,hear something,similar,mind,action,mind,0.2,0.58,0.38,0.42,0.18,-0.24
subj_95,magical,experience pain,kick something,get tired,similar,bio,action,bio,0.13,0.51,0.38,0.43,0.41,-0.02
subj_95,magical,kick something,think about something,sit down,similar,action,mind,action,0.37,0.6,0.23,0.7,0.42,-0.29
subj_95,magical,jump up and down,see something,sit down,similar,action,mind,action,0.29,0.6,0.32,0.83,0.3,-0.52
subj_95,magical,choose what to do,experience pain,remember something,similar,mind,bio,mind,0.2,0.57,0.36,0.15,0.36,0.22
subj_95,magical,remember something,take a walk,think about something,similar,mind,action,mind,0.24,0.61,0.37,0.07,0.15,0.08
subj_95,magical,become hungry,take a walk,feel scared,causal,bio,action,bio,0.18,0.55,0.37,0.67,0.44,-0.22
subj_95,magical,hear something,take a walk,see something,similar,mind,action,mind,0.25,0.58,0.33,0.44,0.18,-0.27
subj_96,magical,become hungry,take a walk,feel scared,causal,bio,action,bio,0.18,0.55,0.37,0.67,0.44,-0.22
subj_96,magical,experience pain,kick something,get tired,causal,bio,action,bio,0.13,0.51,0.38,0.43,0.41,-0.02
subj_96,magical,see something,take a walk,hear something,similar,mind,action,mind,0.2,0.58,0.38,0.42,0.18,-0.24
subj_96,magical,get sick,see something,get tired,similar,bio,mind,bio,0.38,0.62,0.25,0.39,0.34,-0.06
subj_96,magical,reach for something,become hungry,kick something,similar,action,bio,action,0.21,0.56,0.35,0.54,0.4,-0.15
subj_96,magical,feel scared,see something,get tired,causal,bio,mind,bio,0.12,0.54,0.42,0.51,0.4,-0.11
subj_96,magical,remember something,take a walk,think about something,similar,mind,action,mind,0.24,0.61,0.37,0.07,0.15,0.08
subj_96,magical,sit down,experience pain,jump up and down,similar,action,bio,action,0.13,0.58,0.45,0.54,0.3,-0.23
subj_96,magical,hear something,take a walk,see something,similar,mind,action,mind,0.25,0.58,0.33,0.44,0.18,-0.27
subj_96,magical,think about something,get sick,remember something,similar,mind,bio,mind,0.25,0.65,0.4,0.08,0.15,0.08
subj_96,magical,kick something,think about something,sit down,similar,action,mind,action,0.37,0.6,0.23,0.7,0.42,-0.29
subj_96,magical,choose what to do,experience pain,remember something,similar,mind,bio,mind,0.2,0.57,0.36,0.15,0.36,0.22
subj_96,magical,jump up and down,see something,sit down,similar,action,mind,action,0.29,0.6,0.32,0.83,0.3,-0.52
subj_96,magical,take a walk,think about something,sit down,similar,action,mind,action,0.26,0.58,0.32,0.77,0.33,-0.44
subj_96,magical,get tired,jump up and down,feel scared,causal,bio,action,bio,0.1,0.54,0.43,0.42,0.4,-0.02
subj_97,ordinary,kick something,think about something,sit down,causal,action,mind,action,0.37,0.6,0.23,0.7,0.42,-0.29
subj_97,ordinary,feel scared,see something,get tired,causal,bio,mind,bio,0.12,0.54,0.42,0.51,0.4,-0.11
subj_97,ordinary,hear something,take a walk,see something,causal,mind,action,mind,0.25,0.58,0.33,0.44,0.18,-0.27
subj_97,ordinary,get sick,see something,get tired,causal,bio,mind,bio,0.38,0.62,0.25,0.39,0.34,-0.06
subj_97,ordinary,reach for something,become hungry,kick something,causal,action,bio,action,0.21,0.56,0.35,0.54,0.4,-0.15
subj_97,ordinary,get tired,jump up and down,feel scared,causal,bio,action,bio,0.1,0.54,0.43,0.42,0.4,-0.02
subj_97,ordinary,jump up and down,see something,sit down,causal,action,mind,action,0.29,0.6,0.32,0.83,0.3,-0.52
subj_97,ordinary,remember something,take a walk,think about something,similar,mind,action,mind,0.24,0.61,0.37,0.07,0.15,0.08
subj_97,ordinary,choose what to do,experience pain,remember something,causal,mind,bio,mind,0.2,0.57,0.36,0.15,0.36,0.22
subj_97,ordinary,see something,take a walk,hear something,causal,mind,action,mind,0.2,0.58,0.38,0.42,0.18,-0.24
subj_97,ordinary,think about something,get sick,remember something,similar,mind,bio,mind,0.25,0.65,0.4,0.08,0.15,0.08
subj_97,ordinary,become hungry,take a walk,feel scared,causal,bio,action,bio,0.18,0.55,0.37,0.67,0.44,-0.22
subj_97,ordinary,take a walk,think about something,sit down,causal,action,mind,action,0.26,0.58,0.32,0.77,0.33,-0.44
subj_97,ordinary,experience pain,kick something,get tired,causal,bio,action,bio,0.13,0.51,0.38,0.43,0.41,-0.02
subj_97,ordinary,sit down,experience pain,jump up and down,causal,action,bio,action,0.13,0.58,0.45,0.54,0.3,-0.23
subj_98,magical,get tired,jump up and down,feel scared,causal,bio,action,bio,0.1,0.54,0.43,0.42,0.4,-0.02
subj_98,magical,feel scared,see something,get tired,causal,bio,mind,bio,0.12,0.54,0.42,0.51,0.4,-0.11
subj_98,magical,take a walk,think about something,sit down,causal,action,mind,action,0.26,0.58,0.32,0.77,0.33,-0.44
subj_98,magical,remember something,take a walk,think about something,similar,mind,action,mind,0.24,0.61,0.37,0.07,0.15,0.08
subj_98,magical,kick something,think about something,sit down,similar,action,mind,action,0.37,0.6,0.23,0.7,0.42,-0.29
subj_98,magical,become hungry,take a walk,feel scared,causal,bio,action,bio,0.18,0.55,0.37,0.67,0.44,-0.22
subj_98,magical,get sick,see something,get tired,similar,bio,mind,bio,0.38,0.62,0.25,0.39,0.34,-0.06
subj_98,magical,see something,take a walk,hear something,causal,mind,action,mind,0.2,0.58,0.38,0.42,0.18,-0.24
subj_98,magical,jump up and down,see something,sit down,similar,action,mind,action,0.29,0.6,0.32,0.83,0.3,-0.52
subj_98,magical,experience pain,kick something,get tired,causal,bio,action,bio,0.13,0.51,0.38,0.43,0.41,-0.02
subj_98,magical,think about something,get sick,remember something,similar,mind,bio,mind,0.25,0.65,0.4,0.08,0.15,0.08
subj_98,magical,hear something,take a walk,see something,causal,mind,action,mind,0.25,0.58,0.33,0.44,0.18,-0.27
subj_98,magical,reach for something,become hungry,kick something,causal,action,bio,action,0.21,0.56,0.35,0.54,0.4,-0.15
subj_98,magical,choose what to do,experience pain,remember something,causal,mind,bio,mind,0.2,0.57,0.36,0.15,0.36,0.22
subj_98,magical,sit down,experience pain,jump up and down,causal,action,bio,action,0.13,0.58,0.45,0.54,0.3,-0.23
subj_99,ordinary,think about something,get sick,remember something,similar,mind,bio,mind,0.25,0.65,0.4,0.08,0.15,0.08
subj_99,ordinary,experience pain,kick something,get tired,causal,bio,action,bio,0.13,0.51,0.38,0.43,0.41,-0.02
subj_99,ordinary,get tired,jump up and down,feel scared,causal,bio,action,bio,0.1,0.54,0.43,0.42,0.4,-0.02
subj_99,ordinary,feel scared,see something,get tired,causal,bio,mind,bio,0.12,0.54,0.42,0.51,0.4,-0.11
subj_99,ordinary,hear something,take a walk,see something,causal,mind,action,mind,0.25,0.58,0.33,0.44,0.18,-0.27
subj_99,ordinary,jump up and down,see something,sit down,causal,action,mind,action,0.29,0.6,0.32,0.83,0.3,-0.52
subj_99,ordinary,get sick,see something,get tired,causal,bio,mind,bio,0.38,0.62,0.25,0.39,0.34,-0.06
subj_99,ordinary,remember something,take a walk,think about something,similar,mind,action,mind,0.24,0.61,0.37,0.07,0.15,0.08
subj_99,ordinary,reach for something,become hungry,kick something,similar,action,bio,action,0.21,0.56,0.35,0.54,0.4,-0.15
subj_99,ordinary,choose what to do,experience pain,remember something,similar,mind,bio,mind,0.2,0.57,0.36,0.15,0.36,0.22
subj_99,ordinary,kick something,think about something,sit down,causal,action,mind,action,0.37,0.6,0.23,0.7,0.42,-0.29
subj_99,ordinary,sit down,experience pain,jump up and down,causal,action,bio,action,0.13,0.58,0.45,0.54,0.3,-0.23
subj_99,ordinary,see something,take a walk,hear something,causal,mind,action,mind,0.2,0.58,0.38,0.42,0.18,-0.24
subj_99,ordinary,take a walk,think about something,sit down,causal,action,mind,action,0.26,0.58,0.32,0.77,0.33,-0.44
subj_99,ordinary,become hungry,take a walk,feel scared,causal,bio,action,bio,0.18,0.55,0.37,0.67,0.44,-0.22
subj_100,magical,become hungry,take a walk,feel scared,causal,bio,action,bio,0.18,0.55,0.37,0.67,0.44,-0.22
subj_100,magical,kick something,think about something,sit down,causal,action,mind,action,0.37,0.6,0.23,0.7,0.42,-0.29
subj_100,magical,jump up and down,see something,sit down,similar,action,mind,action,0.29,0.6,0.32,0.83,0.3,-0.52
subj_100,magical,get sick,see something,get tired,similar,bio,mind,bio,0.38,0.62,0.25,0.39,0.34,-0.06
subj_100,magical,sit down,experience pain,jump up and down,similar,action,bio,action,0.13,0.58,0.45,0.54,0.3,-0.23
subj_100,magical,remember something,take a walk,think about something,causal,mind,action,mind,0.24,0.61,0.37,0.07,0.15,0.08
subj_100,magical,reach for something,become hungry,kick something,causal,action,bio,action,0.21,0.56,0.35,0.54,0.4,-0.15
subj_100,magical,experience pain,kick something,get tired,similar,bio,action,bio,0.13,0.51,0.38,0.43,0.41,-0.02
subj_100,magical,take a walk,think about something,sit down,causal,action,mind,action,0.26,0.58,0.32,0.77,0.33,-0.44
subj_100,magical,get tired,jump up and down,feel scared,causal,bio,action,bio,0.1,0.54,0.43,0.42,0.4,-0.02
subj_100,magical,choose what to do,experience pain,remember something,similar,mind,bio,mind,0.2,0.57,0.36,0.15,0.36,0.22
subj_100,magical,see something,take a walk,hear something,similar,mind,action,mind,0.2,0.58,0.38,0.42,0.18,-0.24
subj_100,magical,think about something,get sick,remember something,similar,mind,bio,mind,0.25,0.65,0.4,0.08,0.15,0.08
subj_100,magical,feel scared,see something,get tired,similar,bio,mind,bio,0.12,0.54,0.42,0.51,0.4,-0.11
subj_100,magical,hear something,take a walk,see something,similar,mind,action,mind,0.25,0.58,0.33,0.44,0.18,-0.27
subj_101,magical,get tired,jump up and down,feel scared,causal,bio,action,bio,0.1,0.54,0.43,0.42,0.4,-0.02
subj_101,magical,hear something,take a walk,see something,causal,mind,action,mind,0.25,0.58,0.33,0.44,0.18,-0.27
subj_101,magical,reach for something,become hungry,kick something,causal,action,bio,action,0.21,0.56,0.35,0.54,0.4,-0.15
subj_101,magical,sit down,experience pain,jump up and down,causal,action,bio,action,0.13,0.58,0.45,0.54,0.3,-0.23
subj_101,magical,remember something,take a walk,think about something,similar,mind,action,mind,0.24,0.61,0.37,0.07,0.15,0.08
subj_101,magical,feel scared,see something,get tired,causal,bio,mind,bio,0.12,0.54,0.42,0.51,0.4,-0.11
subj_101,magical,jump up and down,see something,sit down,causal,action,mind,action,0.29,0.6,0.32,0.83,0.3,-0.52
subj_101,magical,take a walk,think about something,sit down,causal,action,mind,action,0.26,0.58,0.32,0.77,0.33,-0.44
subj_101,magical,see something,take a walk,hear something,causal,mind,action,mind,0.2,0.58,0.38,0.42,0.18,-0.24
subj_101,magical,experience pain,kick something,get tired,causal,bio,action,bio,0.13,0.51,0.38,0.43,0.41,-0.02
subj_101,magical,get sick,see something,get tired,similar,bio,mind,bio,0.38,0.62,0.25,0.39,0.34,-0.06
subj_101,magical,become hungry,take a walk,feel scared,causal,bio,action,bio,0.18,0.55,0.37,0.67,0.44,-0.22
subj_101,magical,choose what to do,experience pain,remember something,causal,mind,bio,mind,0.2,0.57,0.36,0.15,0.36,0.22
subj_101,magical,kick something,think about something,sit down,causal,action,mind,action,0.37,0.6,0.23,0.7,0.42,-0.29
subj_101,magical,think about something,get sick,remember something,similar,mind,bio,mind,0.25,0.65,0.4,0.08,0.15,0.08
subj_102,ordinary,kick something,think about something,sit down,causal,action,mind,action,0.37,0.6,0.23,0.7,0.42,-0.29
subj_102,ordinary,see something,take a walk,hear something,causal,mind,action,mind,0.2,0.58,0.38,0.42,0.18,-0.24
subj_102,ordinary,experience pain,kick something,get tired,causal,bio,action,bio,0.13,0.51,0.38,0.43,0.41,-0.02
subj_102,ordinary,sit down,experience pain,jump up and down,causal,action,bio,action,0.13,0.58,0.45,0.54,0.3,-0.23
subj_102,ordinary,get tired,jump up and down,feel scared,causal,bio,action,bio,0.1,0.54,0.43,0.42,0.4,-0.02
subj_102,ordinary,choose what to do,experience pain,remember something,causal,mind,bio,mind,0.2,0.57,0.36,0.15,0.36,0.22
subj_102,ordinary,remember something,take a walk,think about something,similar,mind,action,mind,0.24,0.61,0.37,0.07,0.15,0.08
subj_102,ordinary,jump up and down,see something,sit down,causal,action,mind,action,0.29,0.6,0.32,0.83,0.3,-0.52
subj_102,ordinary,feel scared,see something,get tired,causal,bio,mind,bio,0.12,0.54,0.42,0.51,0.4,-0.11
subj_102,ordinary,get sick,see something,get tired,similar,bio,mind,bio,0.38,0.62,0.25,0.39,0.34,-0.06
subj_102,ordinary,hear something,take a walk,see something,causal,mind,action,mind,0.25,0.58,0.33,0.44,0.18,-0.27
subj_102,ordinary,reach for something,become hungry,kick something,causal,action,bio,action,0.21,0.56,0.35,0.54,0.4,-0.15
subj_102,ordinary,think about something,get sick,remember something,similar,mind,bio,mind,0.25,0.65,0.4,0.08,0.15,0.08
subj_102,ordinary,become hungry,take a walk,feel scared,causal,bio,action,bio,0.18,0.55,0.37,0.67,0.44,-0.22
subj_102,ordinary,take a walk,think about something,sit down,causal,action,mind,action,0.26,0.58,0.32,0.77,0.33,-0.44
subj_103,magical,experience pain,kick something,get tired,causal,bio,action,bio,0.13,0.51,0.38,0.43,0.41,-0.02
subj_103,magical,jump up and down,see something,sit down,causal,action,mind,action,0.29,0.6,0.32,0.83,0.3,-0.52
subj_103,magical,kick something,think about something,sit down,similar,action,mind,action,0.37,0.6,0.23,0.7,0.42,-0.29
subj_103,magical,choose what to do,experience pain,remember something,similar,mind,bio,mind,0.2,0.57,0.36,0.15,0.36,0.22
subj_103,magical,remember something,take a walk,think about something,similar,mind,action,mind,0.24,0.61,0.37,0.07,0.15,0.08
subj_103,magical,get tired,jump up and down,feel scared,causal,bio,action,bio,0.1,0.54,0.43,0.42,0.4,-0.02
subj_103,magical,take a walk,think about something,sit down,similar,action,mind,action,0.26,0.58,0.32,0.77,0.33,-0.44
subj_103,magical,think about something,get sick,remember something,similar,mind,bio,mind,0.25,0.65,0.4,0.08,0.15,0.08
subj_103,magical,reach for something,become hungry,kick something,causal,action,bio,action,0.21,0.56,0.35,0.54,0.4,-0.15
subj_103,magical,feel scared,see something,get tired,causal,bio,mind,bio,0.12,0.54,0.42,0.51,0.4,-0.11
subj_103,magical,become hungry,take a walk,feel scared,causal,bio,action,bio,0.18,0.55,0.37,0.67,0.44,-0.22
subj_103,magical,sit down,experience pain,jump up and down,similar,action,bio,action,0.13,0.58,0.45,0.54,0.3,-0.23
subj_103,magical,see something,take a walk,hear something,similar,mind,action,mind,0.2,0.58,0.38,0.42,0.18,-0.24
subj_103,magical,hear something,take a walk,see something,similar,mind,action,mind,0.25,0.58,0.33,0.44,0.18,-0.27
subj_103,magical,get sick,see something,get tired,similar,bio,mind,bio,0.38,0.62,0.25,0.39,0.34,-0.06
subj_104,magical,think about something,get sick,remember something,similar,mind,bio,mind,0.25,0.65,0.4,0.08,0.15,0.08
subj_104,magical,get tired,jump up and down,feel scared,causal,bio,action,bio,0.1,0.54,0.43,0.42,0.4,-0.02
subj_104,magical,sit down,experience pain,jump up and down,similar,action,bio,action,0.13,0.58,0.45,0.54,0.3,-0.23
subj_104,magical,choose what to do,experience pain,remember something,similar,mind,bio,mind,0.2,0.57,0.36,0.15,0.36,0.22
subj_104,magical,hear something,take a walk,see something,causal,mind,action,mind,0.25,0.58,0.33,0.44,0.18,-0.27
subj_104,magical,jump up and down,see something,sit down,similar,action,mind,action,0.29,0.6,0.32,0.83,0.3,-0.52
subj_104,magical,get sick,see something,get tired,similar,bio,mind,bio,0.38,0.62,0.25,0.39,0.34,-0.06
subj_104,magical,reach for something,become hungry,kick something,similar,action,bio,action,0.21,0.56,0.35,0.54,0.4,-0.15
subj_104,magical,remember something,take a walk,think about something,similar,mind,action,mind,0.24,0.61,0.37,0.07,0.15,0.08
subj_104,magical,see something,take a walk,hear something,causal,mind,action,mind,0.2,0.58,0.38,0.42,0.18,-0.24
subj_104,magical,experience pain,kick something,get tired,causal,bio,action,bio,0.13,0.51,0.38,0.43,0.41,-0.02
subj_104,magical,kick something,think about something,sit down,similar,action,mind,action,0.37,0.6,0.23,0.7,0.42,-0.29
subj_104,magical,feel scared,see something,get tired,causal,bio,mind,bio,0.12,0.54,0.42,0.51,0.4,-0.11
subj_104,magical,become hungry,take a walk,feel scared,causal,bio,action,bio,0.18,0.55,0.37,0.67,0.44,-0.22
subj_104,magical,take a walk,think about something,sit down,similar,action,mind,action,0.26,0.58,0.32,0.77,0.33,-0.44
subj_105,ordinary,hear something,take a walk,see something,similar,mind,action,mind,0.25,0.58,0.33,0.44,0.18,-0.27
subj_105,ordinary,see something,take a walk,hear something,causal,mind,action,mind,0.2,0.58,0.38,0.42,0.18,-0.24
subj_105,ordinary,kick something,think about something,sit down,causal,action,mind,action,0.37,0.6,0.23,0.7,0.42,-0.29
subj_105,ordinary,take a walk,think about something,sit down,causal,action,mind,action,0.26,0.58,0.32,0.77,0.33,-0.44
subj_105,ordinary,reach for something,become hungry,kick something,causal,action,bio,action,0.21,0.56,0.35,0.54,0.4,-0.15
subj_105,ordinary,experience pain,kick something,get tired,causal,bio,action,bio,0.13,0.51,0.38,0.43,0.41,-0.02
subj_105,ordinary,sit down,experience pain,jump up and down,causal,action,bio,action,0.13,0.58,0.45,0.54,0.3,-0.23
subj_105,ordinary,think about something,get sick,remember something,similar,mind,bio,mind,0.25,0.65,0.4,0.08,0.15,0.08
subj_105,ordinary,jump up and down,see something,sit down,causal,action,mind,action,0.29,0.6,0.32,0.83,0.3,-0.52
subj_105,ordinary,get sick,see something,get tired,similar,bio,mind,bio,0.38,0.62,0.25,0.39,0.34,-0.06
subj_105,ordinary,get tired,jump up and down,feel scared,causal,bio,action,bio,0.1,0.54,0.43,0.42,0.4,-0.02
subj_105,ordinary,feel scared,see something,get tired,causal,bio,mind,bio,0.12,0.54,0.42,0.51,0.4,-0.11
subj_105,ordinary,remember something,take a walk,think about something,similar,mind,action,mind,0.24,0.61,0.37,0.07,0.15,0.08
subj_105,ordinary,choose what to do,experience pain,remember something,similar,mind,bio,mind,0.2,0.57,0.36,0.15,0.36,0.22
subj_105,ordinary,become hungry,take a walk,feel scared,causal,bio,action,bio,0.18,0.55,0.37,0.67,0.44,-0.22
