subject_id,itemB,causal_itemA,similar_itemA,counterfactual_type,likelihood,causal_itemA_causal_distance,causal_itemA_freesort_distance,causal_itemA_freesort_minus_causal,similar_itemA_causal_distance,similar_itemA_freesort_distance,similar_itemA_freesort_minus_causal
subj_01,choose what to do,experience pain,remember something,Direct,25,0.17,0.83,0.66,0.1,0.42,0.32
subj_01,choose what to do,experience pain,remember something,Intrinsic,0,0.17,0.83,0.66,0.1,0.42,0.32
subj_01,remember something,take a walk,think about something,Direct,0,0.22,0.91,0.69,0,0,0
subj_01,remember something,take a walk,think about something,Intrinsic,26,0.22,0.91,0.69,0,0,0
subj_01,think about something,get sick,remember something,Direct,25,0.23,1,0.77,0.01,0,-0.01
subj_01,think about something,get sick,remember something,Intrinsic,37,0.23,1,0.77,0.01,0,-0.01
subj_01,reach for something,become hungry,kick something,Direct,0,0.18,0.83,0.65,0.62,0.49,-0.14
subj_01,reach for something,become hungry,kick something,Intrinsic,36,0.18,0.83,0.65,0.62,0.49,-0.14
subj_01,become hungry,take a walk,feel scared,Direct,0,0.14,0.79,0.65,0.79,0.58,-0.2
subj_01,become hungry,take a walk,feel scared,Intrinsic,85,0.14,0.79,0.65,0.79,0.58,-0.2
subj_01,hear something,take a walk,see something,Direct,0,0.23,0.86,0.62,0.49,0.05,-0.44
subj_01,hear something,take a walk,see something,Intrinsic,38,0.23,0.86,0.62,0.49,0.05,-0.44
subj_01,sit down,experience pain,jump up and down,Direct,68,0.08,0.87,0.79,0.61,0.3,-0.31
subj_01,sit down,experience pain,jump up and down,Intrinsic,64,0.08,0.87,0.79,0.61,0.3,-0.31
subj_01,jump up and down,see something,sit down,Direct,23,0.28,0.91,0.63,1,0.3,-0.7
subj_01,jump up and down,see something,sit down,Intrinsic,73,0.28,0.91,0.63,1,0.3,-0.7
subj_01,experience pain,kick something,get tired,Direct,73,0.07,0.72,0.65,0.47,0.51,0.04
subj_01,experience pain,kick something,get tired,Intrinsic,32,0.07,0.72,0.65,0.47,0.51,0.04
subj_01,feel scared,see something,get tired,Direct,39,0.06,0.78,0.71,0.58,0.5,-0.08
subj_01,feel scared,see something,get tired,Intrinsic,40,0.06,0.78,0.71,0.58,0.5,-0.08
subj_01,kick something,think about something,sit down,Direct,7,0.4,0.9,0.5,0.84,0.53,-0.31
subj_01,kick something,think about something,sit down,Intrinsic,15,0.4,0.9,0.5,0.84,0.53,-0.31
subj_01,see something,take a walk,hear something,Direct,13,0.17,0.86,0.69,0.46,0.05,-0.41
subj_01,see something,take a walk,hear something,Intrinsic,23,0.17,0.86,0.69,0.46,0.05,-0.41
subj_01,take a walk,think about something,sit down,Direct,0,0.25,0.86,0.61,0.92,0.35,-0.57
subj_01,take a walk,think about something,sit down,Intrinsic,74,0.25,0.86,0.61,0.92,0.35,-0.57
subj_01,get sick,see something,get tired,Direct,38,0.4,0.95,0.55,0.42,0.37,-0.06
subj_01,get sick,see something,get tired,Intrinsic,18,0.4,0.95,0.55,0.42,0.37,-0.06
subj_01,get tired,jump up and down,feel scared,Direct,26,0.04,0.78,0.73,0.47,0.5,0.03
subj_01,get tired,jump up and down,feel scared,Intrinsic,74,0.04,0.78,0.73,0.47,0.5,0.03
subj_02,feel scared,see something,get tired,Direct,77,0.06,0.78,0.71,0.58,0.5,-0.08
subj_02,feel scared,see something,get tired,Intrinsic,25,0.06,0.78,0.71,0.58,0.5,-0.08
subj_02,remember something,take a walk,think about something,Direct,10,0.22,0.91,0.69,0,0,0
subj_02,remember something,take a walk,think about something,Intrinsic,75,0.22,0.91,0.69,0,0,0
subj_02,get tired,jump up and down,feel scared,Direct,25,0.04,0.78,0.73,0.47,0.5,0.03
subj_02,get tired,jump up and down,feel scared,Intrinsic,25,0.04,0.78,0.73,0.47,0.5,0.03
subj_02,experience pain,kick something,get tired,Direct,76,0.07,0.72,0.65,0.47,0.51,0.04
subj_02,experience pain,kick something,get tired,Intrinsic,25,0.07,0.72,0.65,0.47,0.51,0.04
subj_02,choose what to do,experience pain,remember something,Direct,26,0.17,0.83,0.66,0.1,0.42,0.32
subj_02,choose what to do,experience pain,remember something,Intrinsic,11,0.17,0.83,0.66,0.1,0.42,0.32
subj_02,kick something,think about something,sit down,Direct,25,0.4,0.9,0.5,0.84,0.53,-0.31
subj_02,kick something,think about something,sit down,Intrinsic,87,0.4,0.9,0.5,0.84,0.53,-0.31
subj_02,reach for something,become hungry,kick something,Direct,11,0.18,0.83,0.65,0.62,0.49,-0.14
subj_02,reach for something,become hungry,kick something,Intrinsic,63,0.18,0.83,0.65,0.62,0.49,-0.14
subj_02,think about something,get sick,remember something,Direct,39,0.23,1,0.77,0.01,0,-0.01
subj_02,think about something,get sick,remember something,Intrinsic,61,0.23,1,0.77,0.01,0,-0.01
subj_02,see something,take a walk,hear something,Direct,74,0.17,0.86,0.69,0.46,0.05,-0.41
subj_02,see something,take a walk,hear something,Intrinsic,77,0.17,0.86,0.69,0.46,0.05,-0.41
subj_02,sit down,experience pain,jump up and down,Direct,75,0.08,0.87,0.79,0.61,0.3,-0.31
subj_02,sit down,experience pain,jump up and down,Intrinsic,25,0.08,0.87,0.79,0.61,0.3,-0.31
subj_02,hear something,take a walk,see something,Direct,11,0.23,0.86,0.62,0.49,0.05,-0.44
subj_02,hear something,take a walk,see something,Intrinsic,76,0.23,0.86,0.62,0.49,0.05,-0.44
subj_02,get sick,see something,get tired,Direct,91,0.4,0.95,0.55,0.42,0.37,-0.06
subj_02,get sick,see something,get tired,Intrinsic,12,0.4,0.95,0.55,0.42,0.37,-0.06
subj_02,jump up and down,see something,sit down,Direct,0,0.28,0.91,0.63,1,0.3,-0.7
subj_02,jump up and down,see something,sit down,Intrinsic,13,0.28,0.91,0.63,1,0.3,-0.7
subj_02,take a walk,think about something,sit down,Direct,100,0.25,0.86,0.61,0.92,0.35,-0.57
subj_02,take a walk,think about something,sit down,Intrinsic,63,0.25,0.86,0.61,0.92,0.35,-0.57
subj_02,become hungry,take a walk,feel scared,Direct,25,0.14,0.79,0.65,0.79,0.58,-0.2
subj_02,become hungry,take a walk,feel scared,Intrinsic,76,0.14,0.79,0.65,0.79,0.58,-0.2
subj_03,become hungry,take a walk,feel scared,Direct,76,0.14,0.79,0.65,0.79,0.58,-0.2
subj_03,become hungry,take a walk,feel scared,Intrinsic,24,0.14,0.79,0.65,0.79,0.58,-0.2
subj_03,sit down,experience pain,jump up and down,Direct,26,0.08,0.87,0.79,0.61,0.3,-0.31
subj_03,sit down,experience pain,jump up and down,Intrinsic,25,0.08,0.87,0.79,0.61,0.3,-0.31
subj_03,jump up and down,see something,sit down,Direct,1,0.28,0.91,0.63,1,0.3,-0.7
subj_03,jump up and down,see something,sit down,Intrinsic,1,0.28,0.91,0.63,1,0.3,-0.7
subj_03,choose what to do,experience pain,remember something,Direct,0,0.17,0.83,0.66,0.1,0.42,0.32
subj_03,choose what to do,experience pain,remember something,Intrinsic,0,0.17,0.83,0.66,0.1,0.42,0.32
subj_03,take a walk,think about something,sit down,Direct,1,0.25,0.86,0.61,0.92,0.35,-0.57
subj_03,take a walk,think about something,sit down,Intrinsic,24,0.25,0.86,0.61,0.92,0.35,-0.57
subj_03,see something,take a walk,hear something,Direct,76,0.17,0.86,0.69,0.46,0.05,-0.41
subj_03,see something,take a walk,hear something,Intrinsic,0,0.17,0.86,0.69,0.46,0.05,-0.41
subj_03,experience pain,kick something,get tired,Direct,1,0.07,0.72,0.65,0.47,0.51,0.04
subj_03,experience pain,kick something,get tired,Intrinsic,50,0.07,0.72,0.65,0.47,0.51,0.04
subj_03,remember something,take a walk,think about something,Direct,27,0.22,0.91,0.69,0,0,0
subj_03,remember something,take a walk,think about something,Intrinsic,25,0.22,0.91,0.69,0,0,0
subj_03,think about something,get sick,remember something,Direct,100,0.23,1,0.77,0.01,0,-0.01
subj_03,think about something,get sick,remember something,Intrinsic,25,0.23,1,0.77,0.01,0,-0.01
subj_03,get tired,jump up and down,feel scared,Direct,76,0.04,0.78,0.73,0.47,0.5,0.03
subj_03,get tired,jump up and down,feel scared,Intrinsic,25,0.04,0.78,0.73,0.47,0.5,0.03
subj_03,feel scared,see something,get tired,Direct,22,0.06,0.78,0.71,0.58,0.5,-0.08
subj_03,feel scared,see something,get tired,Intrinsic,25,0.06,0.78,0.71,0.58,0.5,-0.08
subj_03,reach for something,become hungry,kick something,Direct,24,0.18,0.83,0.65,0.62,0.49,-0.14
subj_03,reach for something,become hungry,kick something,Intrinsic,24,0.18,0.83,0.65,0.62,0.49,-0.14
subj_03,hear something,take a walk,see something,Direct,76,0.23,0.86,0.62,0.49,0.05,-0.44
subj_03,hear something,take a walk,see something,Intrinsic,25,0.23,0.86,0.62,0.49,0.05,-0.44
subj_03,kick something,think about something,sit down,Direct,25,0.4,0.9,0.5,0.84,0.53,-0.31
subj_03,kick something,think about something,sit down,Intrinsic,25,0.4,0.9,0.5,0.84,0.53,-0.31
subj_03,get sick,see something,get tired,Direct,76,0.4,0.95,0.55,0.42,0.37,-0.06
subj_03,get sick,see something,get tired,Intrinsic,77,0.4,0.95,0.55,0.42,0.37,-0.06
subj_04,remember something,take a walk,think about something,Direct,24,0.22,0.91,0.69,0,0,0
subj_04,remember something,take a walk,think about something,Intrinsic,76,0.22,0.91,0.69,0,0,0
subj_04,sit down,experience pain,jump up and down,Direct,7,0.08,0.87,0.79,0.61,0.3,-0.31
subj_04,sit down,experience pain,jump up and down,Intrinsic,63,0.08,0.87,0.79,0.61,0.3,-0.31
subj_04,become hungry,take a walk,feel scared,Direct,1,0.14,0.79,0.65,0.79,0.58,-0.2
subj_04,become hungry,take a walk,feel scared,Intrinsic,88,0.14,0.79,0.65,0.79,0.58,-0.2
subj_04,hear something,take a walk,see something,Direct,76,0.23,0.86,0.62,0.49,0.05,-0.44
subj_04,hear something,take a walk,see something,Intrinsic,76,0.23,0.86,0.62,0.49,0.05,-0.44
subj_04,see something,take a walk,hear something,Direct,12,0.17,0.86,0.69,0.46,0.05,-0.41
subj_04,see something,take a walk,hear something,Intrinsic,76,0.17,0.86,0.69,0.46,0.05,-0.41
subj_04,reach for something,become hungry,kick something,Direct,1,0.18,0.83,0.65,0.62,0.49,-0.14
subj_04,reach for something,become hungry,kick something,Intrinsic,24,0.18,0.83,0.65,0.62,0.49,-0.14
subj_04,think about something,get sick,remember something,Direct,12,0.23,1,0.77,0.01,0,-0.01
subj_04,think about something,get sick,remember something,Intrinsic,77,0.23,1,0.77,0.01,0,-0.01
subj_04,feel scared,see something,get tired,Direct,1,0.06,0.78,0.71,0.58,0.5,-0.08
subj_04,feel scared,see something,get tired,Intrinsic,76,0.06,0.78,0.71,0.58,0.5,-0.08
subj_04,experience pain,kick something,get tired,Direct,25,0.07,0.72,0.65,0.47,0.51,0.04
subj_04,experience pain,kick something,get tired,Intrinsic,79,0.07,0.72,0.65,0.47,0.51,0.04
subj_04,choose what to do,experience pain,remember something,Direct,24,0.17,0.83,0.66,0.1,0.42,0.32
subj_04,choose what to do,experience pain,remember something,Intrinsic,75,0.17,0.83,0.66,0.1,0.42,0.32
subj_04,kick something,think about something,sit down,Direct,12,0.4,0.9,0.5,0.84,0.53,-0.31
subj_04,kick something,think about something,sit down,Intrinsic,24,0.4,0.9,0.5,0.84,0.53,-0.31
subj_04,get tired,jump up and down,feel scared,Direct,0,0.04,0.78,0.73,0.47,0.5,0.03
subj_04,get tired,jump up and down,feel scared,Intrinsic,80,0.04,0.78,0.73,0.47,0.5,0.03
subj_04,get sick,see something,get tired,Direct,25,0.4,0.95,0.55,0.42,0.37,-0.06
subj_04,get sick,see something,get tired,Intrinsic,11,0.4,0.95,0.55,0.42,0.37,-0.06
subj_04,jump up and down,see something,sit down,Direct,74,0.28,0.91,0.63,1,0.3,-0.7
subj_04,jump up and down,see something,sit down,Intrinsic,24,0.28,0.91,0.63,1,0.3,-0.7
subj_04,take a walk,think about something,sit down,Direct,15,0.25,0.86,0.61,0.92,0.35,-0.57
subj_04,take a walk,think about something,sit down,Intrinsic,79,0.25,0.86,0.61,0.92,0.35,-0.57
subj_05,think about something,get sick,remember something,Direct,25,0.23,1,0.77,0.01,0,-0.01
subj_05,think about something,get sick,remember something,Intrinsic,0,0.23,1,0.77,0.01,0,-0.01
subj_05,experience pain,kick something,get tired,Direct,0,0.07,0.72,0.65,0.47,0.51,0.04
subj_05,experience pain,kick something,get tired,Intrinsic,75,0.07,0.72,0.65,0.47,0.51,0.04
subj_05,kick something,think about something,sit down,Direct,48,0.4,0.9,0.5,0.84,0.53,-0.31
subj_05,kick something,think about something,sit down,Intrinsic,0,0.4,0.9,0.5,0.84,0.53,-0.31
subj_05,reach for something,become hungry,kick something,Direct,0,0.18,0.83,0.65,0.62,0.49,-0.14
subj_05,reach for something,become hungry,kick something,Intrinsic,86,0.18,0.83,0.65,0.62,0.49,-0.14
subj_05,remember something,take a walk,think about something,Direct,47,0.22,0.91,0.69,0,0,0
subj_05,remember something,take a walk,think about something,Intrinsic,0,0.22,0.91,0.69,0,0,0
subj_05,hear something,take a walk,see something,Direct,0,0.23,0.86,0.62,0.49,0.05,-0.44
subj_05,hear something,take a walk,see something,Intrinsic,20,0.23,0.86,0.62,0.49,0.05,-0.44
subj_05,sit down,experience pain,jump up and down,Direct,0,0.08,0.87,0.79,0.61,0.3,-0.31
subj_05,sit down,experience pain,jump up and down,Intrinsic,63,0.08,0.87,0.79,0.61,0.3,-0.31
subj_05,feel scared,see something,get tired,Direct,54,0.06,0.78,0.71,0.58,0.5,-0.08
subj_05,feel scared,see something,get tired,Intrinsic,100,0.06,0.78,0.71,0.58,0.5,-0.08
subj_05,choose what to do,experience pain,remember something,Direct,0,0.17,0.83,0.66,0.1,0.42,0.32
subj_05,choose what to do,experience pain,remember something,Intrinsic,19,0.17,0.83,0.66,0.1,0.42,0.32
subj_05,become hungry,take a walk,feel scared,Direct,0,0.14,0.79,0.65,0.79,0.58,-0.2
subj_05,become hungry,take a walk,feel scared,Intrinsic,100,0.14,0.79,0.65,0.79,0.58,-0.2
subj_05,get tired,jump up and down,feel scared,Direct,25,0.04,0.78,0.73,0.47,0.5,0.03
subj_05,get tired,jump up and down,feel scared,Intrinsic,74,0.04,0.78,0.73,0.47,0.5,0.03
subj_05,jump up and down,see something,sit down,Direct,0,0.28,0.91,0.63,1,0.3,-0.7
subj_05,jump up and down,see something,sit down,Intrinsic,41,0.28,0.91,0.63,1,0.3,-0.7
subj_05,take a walk,think about something,sit down,Direct,0,0.25,0.86,0.61,0.92,0.35,-0.57
subj_05,take a walk,think about something,sit down,Intrinsic,100,0.25,0.86,0.61,0.92,0.35,-0.57
subj_05,see something,take a walk,hear something,Direct,61,0.17,0.86,0.69,0.46,0.05,-0.41
subj_05,see something,take a walk,hear something,Intrinsic,0,0.17,0.86,0.69,0.46,0.05,-0.41
subj_05,get sick,see something,get tired,Direct,0,0.4,0.95,0.55,0.42,0.37,-0.06
subj_05,get sick,see something,get tired,Intrinsic,100,0.4,0.95,0.55,0.42,0.37,-0.06
subj_06,take a walk,think about something,sit down,Direct,25,0.25,0.86,0.61,0.92,0.35,-0.57
subj_06,take a walk,think about something,sit down,Intrinsic,77,0.25,0.86,0.61,0.92,0.35,-0.57
subj_06,feel scared,see something,get tired,Direct,75,0.06,0.78,0.71,0.58,0.5,-0.08
subj_06,feel scared,see something,get tired,Intrinsic,50,0.06,0.78,0.71,0.58,0.5,-0.08
subj_06,jump up and down,see something,sit down,Direct,24,0.28,0.91,0.63,1,0.3,-0.7
subj_06,jump up and down,see something,sit down,Intrinsic,75,0.28,0.91,0.63,1,0.3,-0.7
subj_06,reach for something,become hungry,kick something,Direct,50,0.18,0.83,0.65,0.62,0.49,-0.14
subj_06,reach for something,become hungry,kick something,Intrinsic,76,0.18,0.83,0.65,0.62,0.49,-0.14
subj_06,remember something,take a walk,think about something,Direct,76,0.22,0.91,0.69,0,0,0
subj_06,remember something,take a walk,think about something,Intrinsic,26,0.22,0.91,0.69,0,0,0
subj_06,see something,take a walk,hear something,Direct,75,0.17,0.86,0.69,0.46,0.05,-0.41
subj_06,see something,take a walk,hear something,Intrinsic,25,0.17,0.86,0.69,0.46,0.05,-0.41
subj_06,hear something,take a walk,see something,Direct,25,0.23,0.86,0.62,0.49,0.05,-0.44
subj_06,hear something,take a walk,see something,Intrinsic,76,0.23,0.86,0.62,0.49,0.05,-0.44
subj_06,get sick,see something,get tired,Direct,75,0.4,0.95,0.55,0.42,0.37,-0.06
subj_06,get sick,see something,get tired,Intrinsic,75,0.4,0.95,0.55,0.42,0.37,-0.06
subj_06,sit down,experience pain,jump up and down,Direct,75,0.08,0.87,0.79,0.61,0.3,-0.31
subj_06,sit down,experience pain,jump up and down,Intrinsic,75,0.08,0.87,0.79,0.61,0.3,-0.31
subj_06,experience pain,kick something,get tired,Direct,76,0.07,0.72,0.65,0.47,0.51,0.04
subj_06,experience pain,kick something,get tired,Intrinsic,77,0.07,0.72,0.65,0.47,0.51,0.04
subj_06,kick something,think about something,sit down,Direct,76,0.4,0.9,0.5,0.84,0.53,-0.31
subj_06,kick something,think about something,sit down,Intrinsic,77,0.4,0.9,0.5,0.84,0.53,-0.31
subj_06,get tired,jump up and down,feel scared,Direct,26,0.04,0.78,0.73,0.47,0.5,0.03
subj_06,get tired,jump up and down,feel scared,Intrinsic,76,0.04,0.78,0.73,0.47,0.5,0.03
subj_06,become hungry,take a walk,feel scared,Direct,75,0.14,0.79,0.65,0.79,0.58,-0.2
subj_06,become hungry,take a walk,feel scared,Intrinsic,76,0.14,0.79,0.65,0.79,0.58,-0.2
subj_06,choose what to do,experience pain,remember something,Direct,75,0.17,0.83,0.66,0.1,0.42,0.32
subj_06,choose what to do,experience pain,remember something,Intrinsic,26,0.17,0.83,0.66,0.1,0.42,0.32
subj_06,think about something,get sick,remember something,Direct,75,0.23,1,0.77,0.01,0,-0.01
subj_06,think about something,get sick,remember something,Intrinsic,26,0.23,1,0.77,0.01,0,-0.01
subj_07,become hungry,take a walk,feel scared,Direct,40,0.14,0.79,0.65,0.79,0.58,-0.2
subj_07,become hungry,take a walk,feel scared,Intrinsic,95,0.14,0.79,0.65,0.79,0.58,-0.2
subj_07,get sick,see something,get tired,Direct,32,0.4,0.95,0.55,0.42,0.37,-0.06
subj_07,get sick,see something,get tired,Intrinsic,70,0.4,0.95,0.55,0.42,0.37,-0.06
subj_07,get tired,jump up and down,feel scared,Direct,42,0.04,0.78,0.73,0.47,0.5,0.03
subj_07,get tired,jump up and down,feel scared,Intrinsic,28,0.04,0.78,0.73,0.47,0.5,0.03
subj_07,hear something,take a walk,see something,Direct,77,0.23,0.86,0.62,0.49,0.05,-0.44
subj_07,hear something,take a walk,see something,Intrinsic,92,0.23,0.86,0.62,0.49,0.05,-0.44
subj_07,think about something,get sick,remember something,Direct,21,0.23,1,0.77,0.01,0,-0.01
subj_07,think about something,get sick,remember something,Intrinsic,21,0.23,1,0.77,0.01,0,-0.01
subj_07,choose what to do,experience pain,remember something,Direct,69,0.17,0.83,0.66,0.1,0.42,0.32
subj_07,choose what to do,experience pain,remember something,Intrinsic,19,0.17,0.83,0.66,0.1,0.42,0.32
subj_07,take a walk,think about something,sit down,Direct,35,0.25,0.86,0.61,0.92,0.35,-0.57
subj_07,take a walk,think about something,sit down,Intrinsic,75,0.25,0.86,0.61,0.92,0.35,-0.57
subj_07,sit down,experience pain,jump up and down,Direct,13,0.08,0.87,0.79,0.61,0.3,-0.31
subj_07,sit down,experience pain,jump up and down,Intrinsic,22,0.08,0.87,0.79,0.61,0.3,-0.31
subj_07,jump up and down,see something,sit down,Direct,12,0.28,0.91,0.63,1,0.3,-0.7
subj_07,jump up and down,see something,sit down,Intrinsic,63,0.28,0.91,0.63,1,0.3,-0.7
subj_07,kick something,think about something,sit down,Direct,0,0.4,0.9,0.5,0.84,0.53,-0.31
subj_07,kick something,think about something,sit down,Intrinsic,68,0.4,0.9,0.5,0.84,0.53,-0.31
subj_07,see something,take a walk,hear something,Direct,57,0.17,0.86,0.69,0.46,0.05,-0.41
subj_07,see something,take a walk,hear something,Intrinsic,23,0.17,0.86,0.69,0.46,0.05,-0.41
subj_07,experience pain,kick something,get tired,Direct,39,0.07,0.72,0.65,0.47,0.51,0.04
subj_07,experience pain,kick something,get tired,Intrinsic,43,0.07,0.72,0.65,0.47,0.51,0.04
subj_07,feel scared,see something,get tired,Direct,0,0.06,0.78,0.71,0.58,0.5,-0.08
subj_07,feel scared,see something,get tired,Intrinsic,84,0.06,0.78,0.71,0.58,0.5,-0.08
subj_07,remember something,take a walk,think about something,Direct,31,0.22,0.91,0.69,0,0,0
subj_07,remember something,take a walk,think about something,Intrinsic,17,0.22,0.91,0.69,0,0,0
subj_07,reach for something,become hungry,kick something,Direct,9,0.18,0.83,0.65,0.62,0.49,-0.14
subj_07,reach for something,become hungry,kick something,Intrinsic,32,0.18,0.83,0.65,0.62,0.49,-0.14
subj_08,reach for something,become hungry,kick something,Direct,68,0.18,0.83,0.65,0.62,0.49,-0.14
subj_08,reach for something,become hungry,kick something,Intrinsic,37,0.18,0.83,0.65,0.62,0.49,-0.14
subj_08,jump up and down,see something,sit down,Direct,28,0.28,0.91,0.63,1,0.3,-0.7
subj_08,jump up and down,see something,sit down,Intrinsic,64,0.28,0.91,0.63,1,0.3,-0.7
subj_08,take a walk,think about something,sit down,Direct,15,0.25,0.86,0.61,0.92,0.35,-0.57
subj_08,take a walk,think about something,sit down,Intrinsic,65,0.25,0.86,0.61,0.92,0.35,-0.57
subj_08,kick something,think about something,sit down,Direct,57,0.4,0.9,0.5,0.84,0.53,-0.31
subj_08,kick something,think about something,sit down,Intrinsic,46,0.4,0.9,0.5,0.84,0.53,-0.31
subj_08,see something,take a walk,hear something,Direct,14,0.17,0.86,0.69,0.46,0.05,-0.41
subj_08,see something,take a walk,hear something,Intrinsic,86,0.17,0.86,0.69,0.46,0.05,-0.41
subj_08,feel scared,see something,get tired,Direct,12,0.06,0.78,0.71,0.58,0.5,-0.08
subj_08,feel scared,see something,get tired,Intrinsic,38,0.06,0.78,0.71,0.58,0.5,-0.08
subj_08,get tired,jump up and down,feel scared,Direct,37,0.04,0.78,0.73,0.47,0.5,0.03
subj_08,get tired,jump up and down,feel scared,Intrinsic,28,0.04,0.78,0.73,0.47,0.5,0.03
subj_08,experience pain,kick something,get tired,Direct,42,0.07,0.72,0.65,0.47,0.51,0.04
subj_08,experience pain,kick something,get tired,Intrinsic,64,0.07,0.72,0.65,0.47,0.51,0.04
subj_08,hear something,take a walk,see something,Direct,15,0.23,0.86,0.62,0.49,0.05,-0.44
subj_08,hear something,take a walk,see something,Intrinsic,68,0.23,0.86,0.62,0.49,0.05,-0.44
subj_08,sit down,experience pain,jump up and down,Direct,61,0.08,0.87,0.79,0.61,0.3,-0.31
subj_08,sit down,experience pain,jump up and down,Intrinsic,67,0.08,0.87,0.79,0.61,0.3,-0.31
subj_08,choose what to do,experience pain,remember something,Direct,34,0.17,0.83,0.66,0.1,0.42,0.32
subj_08,choose what to do,experience pain,remember something,Intrinsic,40,0.17,0.83,0.66,0.1,0.42,0.32
subj_08,remember something,take a walk,think about something,Direct,76,0.22,0.91,0.69,0,0,0
subj_08,remember something,take a walk,think about something,Intrinsic,43,0.22,0.91,0.69,0,0,0
subj_08,become hungry,take a walk,feel scared,Direct,34,0.14,0.79,0.65,0.79,0.58,-0.2
subj_08,become hungry,take a walk,feel scared,Intrinsic,66,0.14,0.79,0.65,0.79,0.58,-0.2
subj_08,think about something,get sick,remember something,Direct,42,0.23,1,0.77,0.01,0,-0.01
subj_08,think about something,get sick,remember something,Intrinsic,64,0.23,1,0.77,0.01,0,-0.01
subj_08,get sick,see something,get tired,Direct,39,0.4,0.95,0.55,0.42,0.37,-0.06
subj_08,get sick,see something,get tired,Intrinsic,61,0.4,0.95,0.55,0.42,0.37,-0.06
subj_09,hear something,take a walk,see something,Direct,27,0.23,0.86,0.62,0.49,0.05,-0.44
subj_09,hear something,take a walk,see something,Intrinsic,86,0.23,0.86,0.62,0.49,0.05,-0.44
subj_09,remember something,take a walk,think about something,Direct,76,0.22,0.91,0.69,0,0,0
subj_09,remember something,take a walk,think about something,Intrinsic,9,0.22,0.91,0.69,0,0,0
subj_09,reach for something,become hungry,kick something,Direct,0,0.18,0.83,0.65,0.62,0.49,-0.14
subj_09,reach for something,become hungry,kick something,Intrinsic,6,0.18,0.83,0.65,0.62,0.49,-0.14
subj_09,choose what to do,experience pain,remember something,Direct,8,0.17,0.83,0.66,0.1,0.42,0.32
subj_09,choose what to do,experience pain,remember something,Intrinsic,4,0.17,0.83,0.66,0.1,0.42,0.32
subj_09,kick something,think about something,sit down,Direct,0,0.4,0.9,0.5,0.84,0.53,-0.31
subj_09,kick something,think about something,sit down,Intrinsic,61,0.4,0.9,0.5,0.84,0.53,-0.31
subj_09,think about something,get sick,remember something,Direct,27,0.23,1,0.77,0.01,0,-0.01
subj_09,think about something,get sick,remember something,Intrinsic,27,0.23,1,0.77,0.01,0,-0.01
subj_09,feel scared,see something,get tired,Direct,12,0.06,0.78,0.71,0.58,0.5,-0.08
subj_09,feel scared,see something,get tired,Intrinsic,8,0.06,0.78,0.71,0.58,0.5,-0.08
subj_09,get sick,see something,get tired,Direct,10,0.4,0.95,0.55,0.42,0.37,-0.06
subj_09,get sick,see something,get tired,Intrinsic,30,0.4,0.95,0.55,0.42,0.37,-0.06
subj_09,experience pain,kick something,get tired,Direct,13,0.07,0.72,0.65,0.47,0.51,0.04
subj_09,experience pain,kick something,get tired,Intrinsic,29,0.07,0.72,0.65,0.47,0.51,0.04
subj_09,take a walk,think about something,sit down,Direct,17,0.25,0.86,0.61,0.92,0.35,-0.57
subj_09,take a walk,think about something,sit down,Intrinsic,71,0.25,0.86,0.61,0.92,0.35,-0.57
subj_09,sit down,experience pain,jump up and down,Direct,3,0.08,0.87,0.79,0.61,0.3,-0.31
subj_09,sit down,experience pain,jump up and down,Intrinsic,41,0.08,0.87,0.79,0.61,0.3,-0.31
subj_09,jump up and down,see something,sit down,Direct,18,0.28,0.91,0.63,1,0.3,-0.7
subj_09,jump up and down,see something,sit down,Intrinsic,84,0.28,0.91,0.63,1,0.3,-0.7
subj_09,become hungry,take a walk,feel scared,Direct,11,0.14,0.79,0.65,0.79,0.58,-0.2
subj_09,become hungry,take a walk,feel scared,Intrinsic,87,0.14,0.79,0.65,0.79,0.58,-0.2
subj_09,get tired,jump up and down,feel scared,Direct,15,0.04,0.78,0.73,0.47,0.5,0.03
subj_09,get tired,jump up and down,feel scared,Intrinsic,76,0.04,0.78,0.73,0.47,0.5,0.03
subj_09,see something,take a walk,hear something,Direct,0,0.17,0.86,0.69,0.46,0.05,-0.41
subj_09,see something,take a walk,hear something,Intrinsic,76,0.17,0.86,0.69,0.46,0.05,-0.41
subj_10,hear something,take a walk,see something,Direct,85,0.23,0.86,0.62,0.49,0.05,-0.44
subj_10,hear something,take a walk,see something,Intrinsic,100,0.23,0.86,0.62,0.49,0.05,-0.44
subj_10,feel scared,see something,get tired,Direct,0,0.06,0.78,0.71,0.58,0.5,-0.08
subj_10,feel scared,see something,get tired,Intrinsic,75,0.06,0.78,0.71,0.58,0.5,-0.08
subj_10,think about something,get sick,remember something,Direct,0,0.23,1,0.77,0.01,0,-0.01
subj_10,think about something,get sick,remember something,Intrinsic,49,0.23,1,0.77,0.01,0,-0.01
subj_10,see something,take a walk,hear something,Direct,7,0.17,0.86,0.69,0.46,0.05,-0.41
subj_10,see something,take a walk,hear something,Intrinsic,50,0.17,0.86,0.69,0.46,0.05,-0.41
subj_10,kick something,think about something,sit down,Direct,53,0.4,0.9,0.5,0.84,0.53,-0.31
subj_10,kick something,think about something,sit down,Intrinsic,16,0.4,0.9,0.5,0.84,0.53,-0.31
subj_10,take a walk,think about something,sit down,Direct,24,0.25,0.86,0.61,0.92,0.35,-0.57
subj_10,take a walk,think about something,sit down,Intrinsic,100,0.25,0.86,0.61,0.92,0.35,-0.57
subj_10,choose what to do,experience pain,remember something,Direct,40,0.17,0.83,0.66,0.1,0.42,0.32
subj_10,choose what to do,experience pain,remember something,Intrinsic,19,0.17,0.83,0.66,0.1,0.42,0.32
subj_10,get tired,jump up and down,feel scared,Direct,39,0.04,0.78,0.73,0.47,0.5,0.03
subj_10,get tired,jump up and down,feel scared,Intrinsic,78,0.04,0.78,0.73,0.47,0.5,0.03
subj_10,get sick,see something,get tired,Direct,50,0.4,0.95,0.55,0.42,0.37,-0.06
subj_10,get sick,see something,get tired,Intrinsic,65,0.4,0.95,0.55,0.42,0.37,-0.06
subj_10,sit down,experience pain,jump up and down,Direct,25,0.08,0.87,0.79,0.61,0.3,-0.31
subj_10,sit down,experience pain,jump up and down,Intrinsic,49,0.08,0.87,0.79,0.61,0.3,-0.31
subj_10,become hungry,take a walk,feel scared,Direct,9,0.14,0.79,0.65,0.79,0.58,-0.2
subj_10,become hungry,take a walk,feel scared,Intrinsic,100,0.14,0.79,0.65,0.79,0.58,-0.2
subj_10,reach for something,become hungry,kick something,Direct,15,0.18,0.83,0.65,0.62,0.49,-0.14
subj_10,reach for something,become hungry,kick something,Intrinsic,51,0.18,0.83,0.65,0.62,0.49,-0.14
subj_10,experience pain,kick something,get tired,Direct,28,0.07,0.72,0.65,0.47,0.51,0.04
subj_10,experience pain,kick something,get tired,Intrinsic,50,0.07,0.72,0.65,0.47,0.51,0.04
subj_10,jump up and down,see something,sit down,Direct,10,0.28,0.91,0.63,1,0.3,-0.7
subj_10,jump up and down,see something,sit down,Intrinsic,75,0.28,0.91,0.63,1,0.3,-0.7
subj_10,remember something,take a walk,think about something,Direct,18,0.22,0.91,0.69,0,0,0
subj_10,remember something,take a walk,think about something,Intrinsic,0,0.22,0.91,0.69,0,0,0
subj_11,sit down,experience pain,jump up and down,Direct,11,0.08,0.87,0.79,0.61,0.3,-0.31
subj_11,sit down,experience pain,jump up and down,Intrinsic,75,0.08,0.87,0.79,0.61,0.3,-0.31
subj_11,experience pain,kick something,get tired,Direct,16,0.07,0.72,0.65,0.47,0.51,0.04
subj_11,experience pain,kick something,get tired,Intrinsic,90,0.07,0.72,0.65,0.47,0.51,0.04
subj_11,remember something,take a walk,think about something,Direct,68,0.22,0.91,0.69,0,0,0
subj_11,remember something,take a walk,think about something,Intrinsic,30,0.22,0.91,0.69,0,0,0
subj_11,reach for something,become hungry,kick something,Direct,20,0.18,0.83,0.65,0.62,0.49,-0.14
subj_11,reach for something,become hungry,kick something,Intrinsic,37,0.18,0.83,0.65,0.62,0.49,-0.14
subj_11,jump up and down,see something,sit down,Direct,26,0.28,0.91,0.63,1,0.3,-0.7
subj_11,jump up and down,see something,sit down,Intrinsic,71,0.28,0.91,0.63,1,0.3,-0.7
subj_11,choose what to do,experience pain,remember something,Direct,31,0.17,0.83,0.66,0.1,0.42,0.32
subj_11,choose what to do,experience pain,remember something,Intrinsic,76,0.17,0.83,0.66,0.1,0.42,0.32
subj_11,get tired,jump up and down,feel scared,Direct,23,0.04,0.78,0.73,0.47,0.5,0.03
subj_11,get tired,jump up and down,feel scared,Intrinsic,91,0.04,0.78,0.73,0.47,0.5,0.03
subj_11,feel scared,see something,get tired,Direct,26,0.06,0.78,0.71,0.58,0.5,-0.08
subj_11,feel scared,see something,get tired,Intrinsic,87,0.06,0.78,0.71,0.58,0.5,-0.08
subj_11,become hungry,take a walk,feel scared,Direct,14,0.14,0.79,0.65,0.79,0.58,-0.2
subj_11,become hungry,take a walk,feel scared,Intrinsic,98,0.14,0.79,0.65,0.79,0.58,-0.2
subj_11,hear something,take a walk,see something,Direct,28,0.23,0.86,0.62,0.49,0.05,-0.44
subj_11,hear something,take a walk,see something,Intrinsic,88,0.23,0.86,0.62,0.49,0.05,-0.44
subj_11,get sick,see something,get tired,Direct,10,0.4,0.95,0.55,0.42,0.37,-0.06
subj_11,get sick,see something,get tired,Intrinsic,72,0.4,0.95,0.55,0.42,0.37,-0.06
subj_11,kick something,think about something,sit down,Direct,89,0.4,0.9,0.5,0.84,0.53,-0.31
subj_11,kick something,think about something,sit down,Intrinsic,15,0.4,0.9,0.5,0.84,0.53,-0.31
subj_11,think about something,get sick,remember something,Direct,34,0.23,1,0.77,0.01,0,-0.01
subj_11,think about something,get sick,remember something,Intrinsic,75,0.23,1,0.77,0.01,0,-0.01
subj_11,see something,take a walk,hear something,Direct,16,0.17,0.86,0.69,0.46,0.05,-0.41
subj_11,see something,take a walk,hear something,Intrinsic,81,0.17,0.86,0.69,0.46,0.05,-0.41
subj_11,take a walk,think about something,sit down,Direct,87,0.25,0.86,0.61,0.92,0.35,-0.57
subj_11,take a walk,think about something,sit down,Intrinsic,89,0.25,0.86,0.61,0.92,0.35,-0.57
subj_12,kick something,think about something,sit down,Direct,75,0.4,0.9,0.5,0.84,0.53,-0.31
subj_12,kick something,think about something,sit down,Intrinsic,25,0.4,0.9,0.5,0.84,0.53,-0.31
subj_12,jump up and down,see something,sit down,Direct,50,0.28,0.91,0.63,1,0.3,-0.7
subj_12,jump up and down,see something,sit down,Intrinsic,73,0.28,0.91,0.63,1,0.3,-0.7
subj_12,hear something,take a walk,see something,Direct,27,0.23,0.86,0.62,0.49,0.05,-0.44
subj_12,hear something,take a walk,see something,Intrinsic,27,0.23,0.86,0.62,0.49,0.05,-0.44
subj_12,remember something,take a walk,think about something,Direct,1,0.22,0.91,0.69,0,0,0
subj_12,remember something,take a walk,think about something,Intrinsic,25,0.22,0.91,0.69,0,0,0
subj_12,see something,take a walk,hear something,Direct,50,0.17,0.86,0.69,0.46,0.05,-0.41
subj_12,see something,take a walk,hear something,Intrinsic,25,0.17,0.86,0.69,0.46,0.05,-0.41
subj_12,reach for something,become hungry,kick something,Direct,72,0.18,0.83,0.65,0.62,0.49,-0.14
subj_12,reach for something,become hungry,kick something,Intrinsic,73,0.18,0.83,0.65,0.62,0.49,-0.14
subj_12,think about something,get sick,remember something,Direct,23,0.23,1,0.77,0.01,0,-0.01
subj_12,think about something,get sick,remember something,Intrinsic,25,0.23,1,0.77,0.01,0,-0.01
subj_12,feel scared,see something,get tired,Direct,25,0.06,0.78,0.71,0.58,0.5,-0.08
subj_12,feel scared,see something,get tired,Intrinsic,26,0.06,0.78,0.71,0.58,0.5,-0.08
subj_12,choose what to do,experience pain,remember something,Direct,23,0.17,0.83,0.66,0.1,0.42,0.32
subj_12,choose what to do,experience pain,remember something,Intrinsic,28,0.17,0.83,0.66,0.1,0.42,0.32
subj_12,take a walk,think about something,sit down,Direct,49,0.25,0.86,0.61,0.92,0.35,-0.57
subj_12,take a walk,think about something,sit down,Intrinsic,75,0.25,0.86,0.61,0.92,0.35,-0.57
subj_12,become hungry,take a walk,feel scared,Direct,25,0.14,0.79,0.65,0.79,0.58,-0.2
subj_12,become hungry,take a walk,feel scared,Intrinsic,25,0.14,0.79,0.65,0.79,0.58,-0.2
subj_12,sit down,experience pain,jump up and down,Direct,26,0.08,0.87,0.79,0.61,0.3,-0.31
subj_12,sit down,experience pain,jump up and down,Intrinsic,32,0.08,0.87,0.79,0.61,0.3,-0.31
subj_12,get sick,see something,get tired,Direct,26,0.4,0.95,0.55,0.42,0.37,-0.06
subj_12,get sick,see something,get tired,Intrinsic,50,0.4,0.95,0.55,0.42,0.37,-0.06
subj_12,experience pain,kick something,get tired,Direct,25,0.07,0.72,0.65,0.47,0.51,0.04
subj_12,experience pain,kick something,get tired,Intrinsic,25,0.07,0.72,0.65,0.47,0.51,0.04
subj_12,get tired,jump up and down,feel scared,Direct,3,0.04,0.78,0.73,0.47,0.5,0.03
subj_12,get tired,jump up and down,feel scared,Intrinsic,49,0.04,0.78,0.73,0.47,0.5,0.03
subj_13,sit down,experience pain,jump up and down,Direct,37,0.08,0.87,0.79,0.61,0.3,-0.31
subj_13,sit down,experience pain,jump up and down,Intrinsic,100,0.08,0.87,0.79,0.61,0.3,-0.31
subj_13,choose what to do,experience pain,remember something,Direct,74,0.17,0.83,0.66,0.1,0.42,0.32
subj_13,choose what to do,experience pain,remember something,Intrinsic,37,0.17,0.83,0.66,0.1,0.42,0.32
subj_13,become hungry,take a walk,feel scared,Direct,100,0.14,0.79,0.65,0.79,0.58,-0.2
subj_13,become hungry,take a walk,feel scared,Intrinsic,75,0.14,0.79,0.65,0.79,0.58,-0.2
subj_13,kick something,think about something,sit down,Direct,54,0.4,0.9,0.5,0.84,0.53,-0.31
subj_13,kick something,think about something,sit down,Intrinsic,100,0.4,0.9,0.5,0.84,0.53,-0.31
subj_13,experience pain,kick something,get tired,Direct,59,0.07,0.72,0.65,0.47,0.51,0.04
subj_13,experience pain,kick something,get tired,Intrinsic,76,0.07,0.72,0.65,0.47,0.51,0.04
subj_13,see something,take a walk,hear something,Direct,90,0.17,0.86,0.69,0.46,0.05,-0.41
subj_13,see something,take a walk,hear something,Intrinsic,60,0.17,0.86,0.69,0.46,0.05,-0.41
subj_13,get sick,see something,get tired,Direct,26,0.4,0.95,0.55,0.42,0.37,-0.06
subj_13,get sick,see something,get tired,Intrinsic,53,0.4,0.95,0.55,0.42,0.37,-0.06
subj_13,feel scared,see something,get tired,Direct,31,0.06,0.78,0.71,0.58,0.5,-0.08
subj_13,feel scared,see something,get tired,Intrinsic,44,0.06,0.78,0.71,0.58,0.5,-0.08
subj_13,think about something,get sick,remember something,Direct,68,0.23,1,0.77,0.01,0,-0.01
subj_13,think about something,get sick,remember something,Intrinsic,34,0.23,1,0.77,0.01,0,-0.01
subj_13,jump up and down,see something,sit down,Direct,65,0.28,0.91,0.63,1,0.3,-0.7
subj_13,jump up and down,see something,sit down,Intrinsic,87,0.28,0.91,0.63,1,0.3,-0.7
subj_13,remember something,take a walk,think about something,Direct,71,0.22,0.91,0.69,0,0,0
subj_13,remember something,take a walk,think about something,Intrinsic,34,0.22,0.91,0.69,0,0,0
subj_13,hear something,take a walk,see something,Direct,14,0.23,0.86,0.62,0.49,0.05,-0.44
subj_13,hear something,take a walk,see something,Intrinsic,59,0.23,0.86,0.62,0.49,0.05,-0.44
subj_13,get tired,jump up and down,feel scared,Direct,43,0.04,0.78,0.73,0.47,0.5,0.03
subj_13,get tired,jump up and down,feel scared,Intrinsic,60,0.04,0.78,0.73,0.47,0.5,0.03
subj_13,reach for something,become hungry,kick something,Direct,36,0.18,0.83,0.65,0.62,0.49,-0.14
subj_13,reach for something,become hungry,kick something,Intrinsic,72,0.18,0.83,0.65,0.62,0.49,-0.14
subj_13,take a walk,think about something,sit down,Direct,0,0.25,0.86,0.61,0.92,0.35,-0.57
subj_13,take a walk,think about something,sit down,Intrinsic,78,0.25,0.86,0.61,0.92,0.35,-0.57
subj_14,see something,take a walk,hear something,Direct,71,0.17,0.86,0.69,0.46,0.05,-0.41
subj_14,see something,take a walk,hear something,Intrinsic,22,0.17,0.86,0.69,0.46,0.05,-0.41
subj_14,hear something,take a walk,see something,Direct,25,0.23,0.86,0.62,0.49,0.05,-0.44
subj_14,hear something,take a walk,see something,Intrinsic,24,0.23,0.86,0.62,0.49,0.05,-0.44
subj_14,take a walk,think about something,sit down,Direct,0,0.25,0.86,0.61,0.92,0.35,-0.57
subj_14,take a walk,think about something,sit down,Intrinsic,76,0.25,0.86,0.61,0.92,0.35,-0.57
subj_14,choose what to do,experience pain,remember something,Direct,25,0.17,0.83,0.66,0.1,0.42,0.32
subj_14,choose what to do,experience pain,remember something,Intrinsic,75,0.17,0.83,0.66,0.1,0.42,0.32
subj_14,experience pain,kick something,get tired,Direct,75,0.07,0.72,0.65,0.47,0.51,0.04
subj_14,experience pain,kick something,get tired,Intrinsic,73,0.07,0.72,0.65,0.47,0.51,0.04
subj_14,become hungry,take a walk,feel scared,Direct,0,0.14,0.79,0.65,0.79,0.58,-0.2
subj_14,become hungry,take a walk,feel scared,Intrinsic,76,0.14,0.79,0.65,0.79,0.58,-0.2
subj_14,reach for something,become hungry,kick something,Direct,24,0.18,0.83,0.65,0.62,0.49,-0.14
subj_14,reach for something,become hungry,kick something,Intrinsic,24,0.18,0.83,0.65,0.62,0.49,-0.14
subj_14,get sick,see something,get tired,Direct,23,0.4,0.95,0.55,0.42,0.37,-0.06
subj_14,get sick,see something,get tired,Intrinsic,26,0.4,0.95,0.55,0.42,0.37,-0.06
subj_14,feel scared,see something,get tired,Direct,39,0.06,0.78,0.71,0.58,0.5,-0.08
subj_14,feel scared,see something,get tired,Intrinsic,74,0.06,0.78,0.71,0.58,0.5,-0.08
subj_14,remember something,take a walk,think about something,Direct,0,0.22,0.91,0.69,0,0,0
subj_14,remember something,take a walk,think about something,Intrinsic,74,0.22,0.91,0.69,0,0,0
subj_14,sit down,experience pain,jump up and down,Direct,2,0.08,0.87,0.79,0.61,0.3,-0.31
subj_14,sit down,experience pain,jump up and down,Intrinsic,75,0.08,0.87,0.79,0.61,0.3,-0.31
subj_14,get tired,jump up and down,feel scared,Direct,25,0.04,0.78,0.73,0.47,0.5,0.03
subj_14,get tired,jump up and down,feel scared,Intrinsic,78,0.04,0.78,0.73,0.47,0.5,0.03
subj_14,kick something,think about something,sit down,Direct,30,0.4,0.9,0.5,0.84,0.53,-0.31
subj_14,kick something,think about something,sit down,Intrinsic,23,0.4,0.9,0.5,0.84,0.53,-0.31
subj_14,jump up and down,see something,sit down,Direct,22,0.28,0.91,0.63,1,0.3,-0.7
subj_14,jump up and down,see something,sit down,Intrinsic,74,0.28,0.91,0.63,1,0.3,-0.7
subj_14,think about something,get sick,remember something,Direct,86,0.23,1,0.77,0.01,0,-0.01
subj_14,think about something,get sick,remember something,Intrinsic,25,0.23,1,0.77,0.01,0,-0.01
subj_15,take a walk,think about something,sit down,Direct,23,0.25,0.86,0.61,0.92,0.35,-0.57
subj_15,take a walk,think about something,sit down,Intrinsic,90,0.25,0.86,0.61,0.92,0.35,-0.57
subj_15,see something,take a walk,hear something,Direct,51,0.17,0.86,0.69,0.46,0.05,-0.41
subj_15,see something,take a walk,hear something,Intrinsic,75,0.17,0.86,0.69,0.46,0.05,-0.41
subj_15,think about something,get sick,remember something,Direct,5,0.23,1,0.77,0.01,0,-0.01
subj_15,think about something,get sick,remember something,Intrinsic,51,0.23,1,0.77,0.01,0,-0.01
subj_15,get tired,jump up and down,feel scared,Direct,88,0.04,0.78,0.73,0.47,0.5,0.03
subj_15,get tired,jump up and down,feel scared,Intrinsic,83,0.04,0.78,0.73,0.47,0.5,0.03
subj_15,get sick,see something,get tired,Direct,24,0.4,0.95,0.55,0.42,0.37,-0.06
subj_15,get sick,see something,get tired,Intrinsic,24,0.4,0.95,0.55,0.42,0.37,-0.06
subj_15,kick something,think about something,sit down,Direct,13,0.4,0.9,0.5,0.84,0.53,-0.31
subj_15,kick something,think about something,sit down,Intrinsic,50,0.4,0.9,0.5,0.84,0.53,-0.31
subj_15,become hungry,take a walk,feel scared,Direct,76,0.14,0.79,0.65,0.79,0.58,-0.2
subj_15,become hungry,take a walk,feel scared,Intrinsic,49,0.14,0.79,0.65,0.79,0.58,-0.2
subj_15,hear something,take a walk,see something,Direct,3,0.23,0.86,0.62,0.49,0.05,-0.44
subj_15,hear something,take a walk,see something,Intrinsic,74,0.23,0.86,0.62,0.49,0.05,-0.44
subj_15,experience pain,kick something,get tired,Direct,26,0.07,0.72,0.65,0.47,0.51,0.04
subj_15,experience pain,kick something,get tired,Intrinsic,50,0.07,0.72,0.65,0.47,0.51,0.04
subj_15,feel scared,see something,get tired,Direct,26,0.06,0.78,0.71,0.58,0.5,-0.08
subj_15,feel scared,see something,get tired,Intrinsic,65,0.06,0.78,0.71,0.58,0.5,-0.08
subj_15,jump up and down,see something,sit down,Direct,59,0.28,0.91,0.63,1,0.3,-0.7
subj_15,jump up and down,see something,sit down,Intrinsic,50,0.28,0.91,0.63,1,0.3,-0.7
subj_15,sit down,experience pain,jump up and down,Direct,12,0.08,0.87,0.79,0.61,0.3,-0.31
subj_15,sit down,experience pain,jump up and down,Intrinsic,50,0.08,0.87,0.79,0.61,0.3,-0.31
subj_15,choose what to do,experience pain,remember something,Direct,25,0.17,0.83,0.66,0.1,0.42,0.32
subj_15,choose what to do,experience pain,remember something,Intrinsic,16,0.17,0.83,0.66,0.1,0.42,0.32
subj_15,reach for something,become hungry,kick something,Direct,49,0.18,0.83,0.65,0.62,0.49,-0.14
subj_15,reach for something,become hungry,kick something,Intrinsic,50,0.18,0.83,0.65,0.62,0.49,-0.14
subj_15,remember something,take a walk,think about something,Direct,50,0.22,0.91,0.69,0,0,0
subj_15,remember something,take a walk,think about something,Intrinsic,23,0.22,0.91,0.69,0,0,0
subj_16,experience pain,kick something,get tired,Direct,64,0.07,0.72,0.65,0.47,0.51,0.04
subj_16,experience pain,kick something,get tired,Intrinsic,79,0.07,0.72,0.65,0.47,0.51,0.04
subj_16,become hungry,take a walk,feel scared,Direct,25,0.14,0.79,0.65,0.79,0.58,-0.2
subj_16,become hungry,take a walk,feel scared,Intrinsic,100,0.14,0.79,0.65,0.79,0.58,-0.2
subj_16,get sick,see something,get tired,Direct,24,0.4,0.95,0.55,0.42,0.37,-0.06
subj_16,get sick,see something,get tired,Intrinsic,75,0.4,0.95,0.55,0.42,0.37,-0.06
subj_16,jump up and down,see something,sit down,Direct,36,0.28,0.91,0.63,1,0.3,-0.7
subj_16,jump up and down,see something,sit down,Intrinsic,19,0.28,0.91,0.63,1,0.3,-0.7
subj_16,sit down,experience pain,jump up and down,Direct,88,0.08,0.87,0.79,0.61,0.3,-0.31
subj_16,sit down,experience pain,jump up and down,Intrinsic,77,0.08,0.87,0.79,0.61,0.3,-0.31
subj_16,feel scared,see something,get tired,Direct,75,0.06,0.78,0.71,0.58,0.5,-0.08
subj_16,feel scared,see something,get tired,Intrinsic,24,0.06,0.78,0.71,0.58,0.5,-0.08
subj_16,think about something,get sick,remember something,Direct,75,0.23,1,0.77,0.01,0,-0.01
subj_16,think about something,get sick,remember something,Intrinsic,19,0.23,1,0.77,0.01,0,-0.01
subj_16,remember something,take a walk,think about something,Direct,14,0.22,0.91,0.69,0,0,0
subj_16,remember something,take a walk,think about something,Intrinsic,16,0.22,0.91,0.69,0,0,0
subj_16,choose what to do,experience pain,remember something,Direct,63,0.17,0.83,0.66,0.1,0.42,0.32
subj_16,choose what to do,experience pain,remember something,Intrinsic,13,0.17,0.83,0.66,0.1,0.42,0.32
subj_16,get tired,jump up and down,feel scared,Direct,24,0.04,0.78,0.73,0.47,0.5,0.03
subj_16,get tired,jump up and down,feel scared,Intrinsic,77,0.04,0.78,0.73,0.47,0.5,0.03
subj_16,reach for something,become hungry,kick something,Direct,83,0.18,0.83,0.65,0.62,0.49,-0.14
subj_16,reach for something,become hungry,kick something,Intrinsic,65,0.18,0.83,0.65,0.62,0.49,-0.14
subj_16,hear something,take a walk,see something,Direct,22,0.23,0.86,0.62,0.49,0.05,-0.44
subj_16,hear something,take a walk,see something,Intrinsic,69,0.23,0.86,0.62,0.49,0.05,-0.44
subj_16,see something,take a walk,hear something,Direct,29,0.17,0.86,0.69,0.46,0.05,-0.41
subj_16,see something,take a walk,hear something,Intrinsic,65,0.17,0.86,0.69,0.46,0.05,-0.41
subj_16,kick something,think about something,sit down,Direct,71,0.4,0.9,0.5,0.84,0.53,-0.31
subj_16,kick something,think about something,sit down,Intrinsic,75,0.4,0.9,0.5,0.84,0.53,-0.31
subj_16,take a walk,think about something,sit down,Direct,25,0.25,0.86,0.61,0.92,0.35,-0.57
subj_16,take a walk,think about something,sit down,Intrinsic,74,0.25,0.86,0.61,0.92,0.35,-0.57
subj_17,feel scared,see something,get tired,Direct,0,0.06,0.78,0.71,0.58,0.5,-0.08
subj_17,feel scared,see something,get tired,Intrinsic,78,0.06,0.78,0.71,0.58,0.5,-0.08
subj_17,get tired,jump up and down,feel scared,Direct,0,0.04,0.78,0.73,0.47,0.5,0.03
subj_17,get tired,jump up and down,feel scared,Intrinsic,75,0.04,0.78,0.73,0.47,0.5,0.03
subj_17,jump up and down,see something,sit down,Direct,19,0.28,0.91,0.63,1,0.3,-0.7
subj_17,jump up and down,see something,sit down,Intrinsic,75,0.28,0.91,0.63,1,0.3,-0.7
subj_17,remember something,take a walk,think about something,Direct,23,0.22,0.91,0.69,0,0,0
subj_17,remember something,take a walk,think about something,Intrinsic,23,0.22,0.91,0.69,0,0,0
subj_17,take a walk,think about something,sit down,Direct,80,0.25,0.86,0.61,0.92,0.35,-0.57
subj_17,take a walk,think about something,sit down,Intrinsic,76,0.25,0.86,0.61,0.92,0.35,-0.57
subj_17,sit down,experience pain,jump up and down,Direct,23,0.08,0.87,0.79,0.61,0.3,-0.31
subj_17,sit down,experience pain,jump up and down,Intrinsic,76,0.08,0.87,0.79,0.61,0.3,-0.31
subj_17,experience pain,kick something,get tired,Direct,53,0.07,0.72,0.65,0.47,0.51,0.04
subj_17,experience pain,kick something,get tired,Intrinsic,72,0.07,0.72,0.65,0.47,0.51,0.04
subj_17,choose what to do,experience pain,remember something,Direct,77,0.17,0.83,0.66,0.1,0.42,0.32
subj_17,choose what to do,experience pain,remember something,Intrinsic,21,0.17,0.83,0.66,0.1,0.42,0.32
subj_17,think about something,get sick,remember something,Direct,35,0.23,1,0.77,0.01,0,-0.01
subj_17,think about something,get sick,remember something,Intrinsic,18,0.23,1,0.77,0.01,0,-0.01
subj_17,see something,take a walk,hear something,Direct,0,0.17,0.86,0.69,0.46,0.05,-0.41
subj_17,see something,take a walk,hear something,Intrinsic,58,0.17,0.86,0.69,0.46,0.05,-0.41
subj_17,kick something,think about something,sit down,Direct,79,0.4,0.9,0.5,0.84,0.53,-0.31
subj_17,kick something,think about something,sit down,Intrinsic,17,0.4,0.9,0.5,0.84,0.53,-0.31
subj_17,become hungry,take a walk,feel scared,Direct,12,0.14,0.79,0.65,0.79,0.58,-0.2
subj_17,become hungry,take a walk,feel scared,Intrinsic,80,0.14,0.79,0.65,0.79,0.58,-0.2
subj_17,hear something,take a walk,see something,Direct,77,0.23,0.86,0.62,0.49,0.05,-0.44
subj_17,hear something,take a walk,see something,Intrinsic,51,0.23,0.86,0.62,0.49,0.05,-0.44
subj_17,get sick,see something,get tired,Direct,27,0.4,0.95,0.55,0.42,0.37,-0.06
subj_17,get sick,see something,get tired,Intrinsic,13,0.4,0.95,0.55,0.42,0.37,-0.06
subj_17,reach for something,become hungry,kick something,Direct,34,0.18,0.83,0.65,0.62,0.49,-0.14
subj_17,reach for something,become hungry,kick something,Intrinsic,28,0.18,0.83,0.65,0.62,0.49,-0.14
subj_18,choose what to do,experience pain,remember something,Direct,50,0.17,0.83,0.66,0.1,0.42,0.32
subj_18,choose what to do,experience pain,remember something,Intrinsic,23,0.17,0.83,0.66,0.1,0.42,0.32
subj_18,hear something,take a walk,see something,Direct,26,0.23,0.86,0.62,0.49,0.05,-0.44
subj_18,hear something,take a walk,see something,Intrinsic,74,0.23,0.86,0.62,0.49,0.05,-0.44
subj_18,experience pain,kick something,get tired,Direct,23,0.07,0.72,0.65,0.47,0.51,0.04
subj_18,experience pain,kick something,get tired,Intrinsic,77,0.07,0.72,0.65,0.47,0.51,0.04
subj_18,jump up and down,see something,sit down,Direct,76,0.28,0.91,0.63,1,0.3,-0.7
subj_18,jump up and down,see something,sit down,Intrinsic,75,0.28,0.91,0.63,1,0.3,-0.7
subj_18,see something,take a walk,hear something,Direct,74,0.17,0.86,0.69,0.46,0.05,-0.41
subj_18,see something,take a walk,hear something,Intrinsic,75,0.17,0.86,0.69,0.46,0.05,-0.41
subj_18,become hungry,take a walk,feel scared,Direct,77,0.14,0.79,0.65,0.79,0.58,-0.2
subj_18,become hungry,take a walk,feel scared,Intrinsic,77,0.14,0.79,0.65,0.79,0.58,-0.2
subj_18,think about something,get sick,remember something,Direct,78,0.23,1,0.77,0.01,0,-0.01
subj_18,think about something,get sick,remember something,Intrinsic,28,0.23,1,0.77,0.01,0,-0.01
subj_18,get sick,see something,get tired,Direct,25,0.4,0.95,0.55,0.42,0.37,-0.06
subj_18,get sick,see something,get tired,Intrinsic,25,0.4,0.95,0.55,0.42,0.37,-0.06
subj_18,get tired,jump up and down,feel scared,Direct,23,0.04,0.78,0.73,0.47,0.5,0.03
subj_18,get tired,jump up and down,feel scared,Intrinsic,75,0.04,0.78,0.73,0.47,0.5,0.03
subj_18,take a walk,think about something,sit down,Direct,28,0.25,0.86,0.61,0.92,0.35,-0.57
subj_18,take a walk,think about something,sit down,Intrinsic,76,0.25,0.86,0.61,0.92,0.35,-0.57
subj_18,feel scared,see something,get tired,Direct,24,0.06,0.78,0.71,0.58,0.5,-0.08
subj_18,feel scared,see something,get tired,Intrinsic,76,0.06,0.78,0.71,0.58,0.5,-0.08
subj_18,kick something,think about something,sit down,Direct,28,0.4,0.9,0.5,0.84,0.53,-0.31
subj_18,kick something,think about something,sit down,Intrinsic,74,0.4,0.9,0.5,0.84,0.53,-0.31
subj_18,remember something,take a walk,think about something,Direct,24,0.22,0.91,0.69,0,0,0
subj_18,remember something,take a walk,think about something,Intrinsic,21,0.22,0.91,0.69,0,0,0
subj_18,reach for something,become hungry,kick something,Direct,22,0.18,0.83,0.65,0.62,0.49,-0.14
subj_18,reach for something,become hungry,kick something,Intrinsic,21,0.18,0.83,0.65,0.62,0.49,-0.14
subj_18,sit down,experience pain,jump up and down,Direct,25,0.08,0.87,0.79,0.61,0.3,-0.31
subj_18,sit down,experience pain,jump up and down,Intrinsic,23,0.08,0.87,0.79,0.61,0.3,-0.31
subj_19,choose what to do,experience pain,remember something,Direct,26,0.17,0.83,0.66,0.1,0.42,0.32
subj_19,choose what to do,experience pain,remember something,Intrinsic,25,0.17,0.83,0.66,0.1,0.42,0.32
subj_19,get tired,jump up and down,feel scared,Direct,24,0.04,0.78,0.73,0.47,0.5,0.03
subj_19,get tired,jump up and down,feel scared,Intrinsic,95,0.04,0.78,0.73,0.47,0.5,0.03
subj_19,become hungry,take a walk,feel scared,Direct,25,0.14,0.79,0.65,0.79,0.58,-0.2
subj_19,become hungry,take a walk,feel scared,Intrinsic,80,0.14,0.79,0.65,0.79,0.58,-0.2
subj_19,take a walk,think about something,sit down,Direct,37,0.25,0.86,0.61,0.92,0.35,-0.57
subj_19,take a walk,think about something,sit down,Intrinsic,85,0.25,0.86,0.61,0.92,0.35,-0.57
subj_19,jump up and down,see something,sit down,Direct,25,0.28,0.91,0.63,1,0.3,-0.7
subj_19,jump up and down,see something,sit down,Intrinsic,75,0.28,0.91,0.63,1,0.3,-0.7
subj_19,sit down,experience pain,jump up and down,Direct,24,0.08,0.87,0.79,0.61,0.3,-0.31
subj_19,sit down,experience pain,jump up and down,Intrinsic,59,0.08,0.87,0.79,0.61,0.3,-0.31
subj_19,think about something,get sick,remember something,Direct,39,0.23,1,0.77,0.01,0,-0.01
subj_19,think about something,get sick,remember something,Intrinsic,77,0.23,1,0.77,0.01,0,-0.01
subj_19,feel scared,see something,get tired,Direct,69,0.06,0.78,0.71,0.58,0.5,-0.08
subj_19,feel scared,see something,get tired,Intrinsic,78,0.06,0.78,0.71,0.58,0.5,-0.08
subj_19,remember something,take a walk,think about something,Direct,66,0.22,0.91,0.69,0,0,0
subj_19,remember something,take a walk,think about something,Intrinsic,64,0.22,0.91,0.69,0,0,0
subj_19,experience pain,kick something,get tired,Direct,87,0.07,0.72,0.65,0.47,0.51,0.04
subj_19,experience pain,kick something,get tired,Intrinsic,97,0.07,0.72,0.65,0.47,0.51,0.04
subj_19,kick something,think about something,sit down,Direct,80,0.4,0.9,0.5,0.84,0.53,-0.31
subj_19,kick something,think about something,sit down,Intrinsic,77,0.4,0.9,0.5,0.84,0.53,-0.31
subj_19,get sick,see something,get tired,Direct,78,0.4,0.95,0.55,0.42,0.37,-0.06
subj_19,get sick,see something,get tired,Intrinsic,80,0.4,0.95,0.55,0.42,0.37,-0.06
subj_19,hear something,take a walk,see something,Direct,73,0.23,0.86,0.62,0.49,0.05,-0.44
subj_19,hear something,take a walk,see something,Intrinsic,93,0.23,0.86,0.62,0.49,0.05,-0.44
subj_19,see something,take a walk,hear something,Direct,86,0.17,0.86,0.69,0.46,0.05,-0.41
subj_19,see something,take a walk,hear something,Intrinsic,92,0.17,0.86,0.69,0.46,0.05,-0.41
subj_19,reach for something,become hungry,kick something,Direct,98,0.18,0.83,0.65,0.62,0.49,-0.14
subj_19,reach for something,become hungry,kick something,Intrinsic,82,0.18,0.83,0.65,0.62,0.49,-0.14
subj_20,hear something,take a walk,see something,Direct,25,0.23,0.86,0.62,0.49,0.05,-0.44
subj_20,hear something,take a walk,see something,Intrinsic,22,0.23,0.86,0.62,0.49,0.05,-0.44
subj_20,take a walk,think about something,sit down,Direct,0,0.25,0.86,0.61,0.92,0.35,-0.57
subj_20,take a walk,think about something,sit down,Intrinsic,73,0.25,0.86,0.61,0.92,0.35,-0.57
subj_20,become hungry,take a walk,feel scared,Direct,2,0.14,0.79,0.65,0.79,0.58,-0.2
subj_20,become hungry,take a walk,feel scared,Intrinsic,74,0.14,0.79,0.65,0.79,0.58,-0.2
subj_20,choose what to do,experience pain,remember something,Direct,25,0.17,0.83,0.66,0.1,0.42,0.32
subj_20,choose what to do,experience pain,remember something,Intrinsic,22,0.17,0.83,0.66,0.1,0.42,0.32
subj_20,remember something,take a walk,think about something,Direct,75,0.22,0.91,0.69,0,0,0
subj_20,remember something,take a walk,think about something,Intrinsic,24,0.22,0.91,0.69,0,0,0
subj_20,think about something,get sick,remember something,Direct,27,0.23,1,0.77,0.01,0,-0.01
subj_20,think about something,get sick,remember something,Intrinsic,26,0.23,1,0.77,0.01,0,-0.01
subj_20,sit down,experience pain,jump up and down,Direct,75,0.08,0.87,0.79,0.61,0.3,-0.31
subj_20,sit down,experience pain,jump up and down,Intrinsic,39,0.08,0.87,0.79,0.61,0.3,-0.31
subj_20,kick something,think about something,sit down,Direct,54,0.4,0.9,0.5,0.84,0.53,-0.31
subj_20,kick something,think about something,sit down,Intrinsic,40,0.4,0.9,0.5,0.84,0.53,-0.31
subj_20,get sick,see something,get tired,Direct,26,0.4,0.95,0.55,0.42,0.37,-0.06
subj_20,get sick,see something,get tired,Intrinsic,23,0.4,0.95,0.55,0.42,0.37,-0.06
subj_20,jump up and down,see something,sit down,Direct,73,0.28,0.91,0.63,1,0.3,-0.7
subj_20,jump up and down,see something,sit down,Intrinsic,13,0.28,0.91,0.63,1,0.3,-0.7
subj_20,feel scared,see something,get tired,Direct,66,0.06,0.78,0.71,0.58,0.5,-0.08
subj_20,feel scared,see something,get tired,Intrinsic,38,0.06,0.78,0.71,0.58,0.5,-0.08
subj_20,reach for something,become hungry,kick something,Direct,74,0.18,0.83,0.65,0.62,0.49,-0.14
subj_20,reach for something,become hungry,kick something,Intrinsic,25,0.18,0.83,0.65,0.62,0.49,-0.14
subj_20,get tired,jump up and down,feel scared,Direct,2,0.04,0.78,0.73,0.47,0.5,0.03
subj_20,get tired,jump up and down,feel scared,Intrinsic,28,0.04,0.78,0.73,0.47,0.5,0.03
subj_20,see something,take a walk,hear something,Direct,0,0.17,0.86,0.69,0.46,0.05,-0.41
subj_20,see something,take a walk,hear something,Intrinsic,0,0.17,0.86,0.69,0.46,0.05,-0.41
subj_20,experience pain,kick something,get tired,Direct,28,0.07,0.72,0.65,0.47,0.51,0.04
subj_20,experience pain,kick something,get tired,Intrinsic,26,0.07,0.72,0.65,0.47,0.51,0.04
subj_21,get sick,see something,get tired,Direct,74,0.4,0.95,0.55,0.42,0.37,-0.06
subj_21,get sick,see something,get tired,Intrinsic,1,0.4,0.95,0.55,0.42,0.37,-0.06
subj_21,hear something,take a walk,see something,Direct,0,0.23,0.86,0.62,0.49,0.05,-0.44
subj_21,hear something,take a walk,see something,Intrinsic,72,0.23,0.86,0.62,0.49,0.05,-0.44
subj_21,see something,take a walk,hear something,Direct,2,0.17,0.86,0.69,0.46,0.05,-0.41
subj_21,see something,take a walk,hear something,Intrinsic,25,0.17,0.86,0.69,0.46,0.05,-0.41
subj_21,remember something,take a walk,think about something,Direct,2,0.22,0.91,0.69,0,0,0
subj_21,remember something,take a walk,think about something,Intrinsic,24,0.22,0.91,0.69,0,0,0
subj_21,become hungry,take a walk,feel scared,Direct,0,0.14,0.79,0.65,0.79,0.58,-0.2
subj_21,become hungry,take a walk,feel scared,Intrinsic,0,0.14,0.79,0.65,0.79,0.58,-0.2
subj_21,kick something,think about something,sit down,Direct,0,0.4,0.9,0.5,0.84,0.53,-0.31
subj_21,kick something,think about something,sit down,Intrinsic,26,0.4,0.9,0.5,0.84,0.53,-0.31
subj_21,reach for something,become hungry,kick something,Direct,77,0.18,0.83,0.65,0.62,0.49,-0.14
subj_21,reach for something,become hungry,kick something,Intrinsic,4,0.18,0.83,0.65,0.62,0.49,-0.14
subj_21,jump up and down,see something,sit down,Direct,98,0.28,0.91,0.63,1,0.3,-0.7
subj_21,jump up and down,see something,sit down,Intrinsic,100,0.28,0.91,0.63,1,0.3,-0.7
subj_21,think about something,get sick,remember something,Direct,24,0.23,1,0.77,0.01,0,-0.01
subj_21,think about something,get sick,remember something,Intrinsic,74,0.23,1,0.77,0.01,0,-0.01
subj_21,experience pain,kick something,get tired,Direct,2,0.07,0.72,0.65,0.47,0.51,0.04
subj_21,experience pain,kick something,get tired,Intrinsic,26,0.07,0.72,0.65,0.47,0.51,0.04
subj_21,take a walk,think about something,sit down,Direct,2,0.25,0.86,0.61,0.92,0.35,-0.57
subj_21,take a walk,think about something,sit down,Intrinsic,97,0.25,0.86,0.61,0.92,0.35,-0.57
subj_21,get tired,jump up and down,feel scared,Direct,99,0.04,0.78,0.73,0.47,0.5,0.03
subj_21,get tired,jump up and down,feel scared,Intrinsic,100,0.04,0.78,0.73,0.47,0.5,0.03
subj_21,feel scared,see something,get tired,Direct,0,0.06,0.78,0.71,0.58,0.5,-0.08
subj_21,feel scared,see something,get tired,Intrinsic,100,0.06,0.78,0.71,0.58,0.5,-0.08
subj_21,choose what to do,experience pain,remember something,Direct,28,0.17,0.83,0.66,0.1,0.42,0.32
subj_21,choose what to do,experience pain,remember something,Intrinsic,0,0.17,0.83,0.66,0.1,0.42,0.32
subj_21,sit down,experience pain,jump up and down,Direct,1,0.08,0.87,0.79,0.61,0.3,-0.31
subj_21,sit down,experience pain,jump up and down,Intrinsic,74,0.08,0.87,0.79,0.61,0.3,-0.31
subj_22,take a walk,think about something,sit down,Direct,28,0.25,0.86,0.61,0.92,0.35,-0.57
subj_22,take a walk,think about something,sit down,Intrinsic,74,0.25,0.86,0.61,0.92,0.35,-0.57
subj_22,choose what to do,experience pain,remember something,Direct,26,0.17,0.83,0.66,0.1,0.42,0.32
subj_22,choose what to do,experience pain,remember something,Intrinsic,26,0.17,0.83,0.66,0.1,0.42,0.32
subj_22,experience pain,kick something,get tired,Direct,27,0.07,0.72,0.65,0.47,0.51,0.04
subj_22,experience pain,kick something,get tired,Intrinsic,27,0.07,0.72,0.65,0.47,0.51,0.04
subj_22,feel scared,see something,get tired,Direct,4,0.06,0.78,0.71,0.58,0.5,-0.08
subj_22,feel scared,see something,get tired,Intrinsic,52,0.06,0.78,0.71,0.58,0.5,-0.08
subj_22,become hungry,take a walk,feel scared,Direct,29,0.14,0.79,0.65,0.79,0.58,-0.2
subj_22,become hungry,take a walk,feel scared,Intrinsic,80,0.14,0.79,0.65,0.79,0.58,-0.2
subj_22,hear something,take a walk,see something,Direct,30,0.23,0.86,0.62,0.49,0.05,-0.44
subj_22,hear something,take a walk,see something,Intrinsic,49,0.23,0.86,0.62,0.49,0.05,-0.44
subj_22,see something,take a walk,hear something,Direct,84,0.17,0.86,0.69,0.46,0.05,-0.41
subj_22,see something,take a walk,hear something,Intrinsic,26,0.17,0.86,0.69,0.46,0.05,-0.41
subj_22,sit down,experience pain,jump up and down,Direct,0,0.08,0.87,0.79,0.61,0.3,-0.31
subj_22,sit down,experience pain,jump up and down,Intrinsic,27,0.08,0.87,0.79,0.61,0.3,-0.31
subj_22,kick something,think about something,sit down,Direct,26,0.4,0.9,0.5,0.84,0.53,-0.31
subj_22,kick something,think about something,sit down,Intrinsic,77,0.4,0.9,0.5,0.84,0.53,-0.31
subj_22,get sick,see something,get tired,Direct,6,0.4,0.95,0.55,0.42,0.37,-0.06
subj_22,get sick,see something,get tired,Intrinsic,26,0.4,0.95,0.55,0.42,0.37,-0.06
subj_22,reach for something,become hungry,kick something,Direct,27,0.18,0.83,0.65,0.62,0.49,-0.14
subj_22,reach for something,become hungry,kick something,Intrinsic,27,0.18,0.83,0.65,0.62,0.49,-0.14
subj_22,remember something,take a walk,think about something,Direct,39,0.22,0.91,0.69,0,0,0
subj_22,remember something,take a walk,think about something,Intrinsic,28,0.22,0.91,0.69,0,0,0
subj_22,think about something,get sick,remember something,Direct,26,0.23,1,0.77,0.01,0,-0.01
subj_22,think about something,get sick,remember something,Intrinsic,30,0.23,1,0.77,0.01,0,-0.01
subj_22,get tired,jump up and down,feel scared,Direct,24,0.04,0.78,0.73,0.47,0.5,0.03
subj_22,get tired,jump up and down,feel scared,Intrinsic,40,0.04,0.78,0.73,0.47,0.5,0.03
subj_22,jump up and down,see something,sit down,Direct,52,0.28,0.91,0.63,1,0.3,-0.7
subj_22,jump up and down,see something,sit down,Intrinsic,73,0.28,0.91,0.63,1,0.3,-0.7
subj_23,experience pain,kick something,get tired,Direct,31,0.07,0.72,0.65,0.47,0.51,0.04
subj_23,experience pain,kick something,get tired,Intrinsic,24,0.07,0.72,0.65,0.47,0.51,0.04
subj_23,get tired,jump up and down,feel scared,Direct,0,0.04,0.78,0.73,0.47,0.5,0.03
subj_23,get tired,jump up and down,feel scared,Intrinsic,31,0.04,0.78,0.73,0.47,0.5,0.03
subj_23,remember something,take a walk,think about something,Direct,0,0.22,0.91,0.69,0,0,0
subj_23,remember something,take a walk,think about something,Intrinsic,28,0.22,0.91,0.69,0,0,0
subj_23,reach for something,become hungry,kick something,Direct,71,0.18,0.83,0.65,0.62,0.49,-0.14
subj_23,reach for something,become hungry,kick something,Intrinsic,78,0.18,0.83,0.65,0.62,0.49,-0.14
subj_23,become hungry,take a walk,feel scared,Direct,10,0.14,0.79,0.65,0.79,0.58,-0.2
subj_23,become hungry,take a walk,feel scared,Intrinsic,66,0.14,0.79,0.65,0.79,0.58,-0.2
subj_23,jump up and down,see something,sit down,Direct,50,0.28,0.91,0.63,1,0.3,-0.7
subj_23,jump up and down,see something,sit down,Intrinsic,72,0.28,0.91,0.63,1,0.3,-0.7
subj_23,get sick,see something,get tired,Direct,27,0.4,0.95,0.55,0.42,0.37,-0.06
subj_23,get sick,see something,get tired,Intrinsic,74,0.4,0.95,0.55,0.42,0.37,-0.06
subj_23,take a walk,think about something,sit down,Direct,6,0.25,0.86,0.61,0.92,0.35,-0.57
subj_23,take a walk,think about something,sit down,Intrinsic,96,0.25,0.86,0.61,0.92,0.35,-0.57
subj_23,hear something,take a walk,see something,Direct,10,0.23,0.86,0.62,0.49,0.05,-0.44
subj_23,hear something,take a walk,see something,Intrinsic,66,0.23,0.86,0.62,0.49,0.05,-0.44
subj_23,think about something,get sick,remember something,Direct,22,0.23,1,0.77,0.01,0,-0.01
subj_23,think about something,get sick,remember something,Intrinsic,15,0.23,1,0.77,0.01,0,-0.01
subj_23,choose what to do,experience pain,remember something,Direct,5,0.17,0.83,0.66,0.1,0.42,0.32
subj_23,choose what to do,experience pain,remember something,Intrinsic,33,0.17,0.83,0.66,0.1,0.42,0.32
subj_23,see something,take a walk,hear something,Direct,31,0.17,0.86,0.69,0.46,0.05,-0.41
subj_23,see something,take a walk,hear something,Intrinsic,76,0.17,0.86,0.69,0.46,0.05,-0.41
subj_23,feel scared,see something,get tired,Direct,26,0.06,0.78,0.71,0.58,0.5,-0.08
subj_23,feel scared,see something,get tired,Intrinsic,72,0.06,0.78,0.71,0.58,0.5,-0.08
subj_23,kick something,think about something,sit down,Direct,22,0.4,0.9,0.5,0.84,0.53,-0.31
subj_23,kick something,think about something,sit down,Intrinsic,65,0.4,0.9,0.5,0.84,0.53,-0.31
subj_23,sit down,experience pain,jump up and down,Direct,66,0.08,0.87,0.79,0.61,0.3,-0.31
subj_23,sit down,experience pain,jump up and down,Intrinsic,24,0.08,0.87,0.79,0.61,0.3,-0.31
subj_24,remember something,take a walk,think about something,Direct,75,0.22,0.91,0.69,0,0,0
subj_24,remember something,take a walk,think about something,Intrinsic,8,0.22,0.91,0.69,0,0,0
subj_24,choose what to do,experience pain,remember something,Direct,1,0.17,0.83,0.66,0.1,0.42,0.32
subj_24,choose what to do,experience pain,remember something,Intrinsic,2,0.17,0.83,0.66,0.1,0.42,0.32
subj_24,reach for something,become hungry,kick something,Direct,96,0.18,0.83,0.65,0.62,0.49,-0.14
subj_24,reach for something,become hungry,kick something,Intrinsic,97,0.18,0.83,0.65,0.62,0.49,-0.14
subj_24,kick something,think about something,sit down,Direct,0,0.4,0.9,0.5,0.84,0.53,-0.31
subj_24,kick something,think about something,sit down,Intrinsic,71,0.4,0.9,0.5,0.84,0.53,-0.31
subj_24,experience pain,kick something,get tired,Direct,2,0.07,0.72,0.65,0.47,0.51,0.04
subj_24,experience pain,kick something,get tired,Intrinsic,84,0.07,0.72,0.65,0.47,0.51,0.04
subj_24,get sick,see something,get tired,Direct,14,0.4,0.95,0.55,0.42,0.37,-0.06
subj_24,get sick,see something,get tired,Intrinsic,100,0.4,0.95,0.55,0.42,0.37,-0.06
subj_24,see something,take a walk,hear something,Direct,1,0.17,0.86,0.69,0.46,0.05,-0.41
subj_24,see something,take a walk,hear something,Intrinsic,99,0.17,0.86,0.69,0.46,0.05,-0.41
subj_24,get tired,jump up and down,feel scared,Direct,3,0.04,0.78,0.73,0.47,0.5,0.03
subj_24,get tired,jump up and down,feel scared,Intrinsic,96,0.04,0.78,0.73,0.47,0.5,0.03
subj_24,feel scared,see something,get tired,Direct,6,0.06,0.78,0.71,0.58,0.5,-0.08
subj_24,feel scared,see something,get tired,Intrinsic,68,0.06,0.78,0.71,0.58,0.5,-0.08
subj_24,hear something,take a walk,see something,Direct,82,0.23,0.86,0.62,0.49,0.05,-0.44
subj_24,hear something,take a walk,see something,Intrinsic,98,0.23,0.86,0.62,0.49,0.05,-0.44
subj_24,take a walk,think about something,sit down,Direct,73,0.25,0.86,0.61,0.92,0.35,-0.57
subj_24,take a walk,think about something,sit down,Intrinsic,77,0.25,0.86,0.61,0.92,0.35,-0.57
subj_24,sit down,experience pain,jump up and down,Direct,92,0.08,0.87,0.79,0.61,0.3,-0.31
subj_24,sit down,experience pain,jump up and down,Intrinsic,75,0.08,0.87,0.79,0.61,0.3,-0.31
subj_24,jump up and down,see something,sit down,Direct,20,0.28,0.91,0.63,1,0.3,-0.7
subj_24,jump up and down,see something,sit down,Intrinsic,50,0.28,0.91,0.63,1,0.3,-0.7
subj_24,think about something,get sick,remember something,Direct,2,0.23,1,0.77,0.01,0,-0.01
subj_24,think about something,get sick,remember something,Intrinsic,75,0.23,1,0.77,0.01,0,-0.01
subj_24,become hungry,take a walk,feel scared,Direct,74,0.14,0.79,0.65,0.79,0.58,-0.2
subj_24,become hungry,take a walk,feel scared,Intrinsic,75,0.14,0.79,0.65,0.79,0.58,-0.2
subj_25,see something,take a walk,hear something,Direct,50,0.17,0.86,0.69,0.46,0.05,-0.41
subj_25,see something,take a walk,hear something,Intrinsic,50,0.17,0.86,0.69,0.46,0.05,-0.41
subj_25,choose what to do,experience pain,remember something,Direct,50,0.17,0.83,0.66,0.1,0.42,0.32
subj_25,choose what to do,experience pain,remember something,Intrinsic,50,0.17,0.83,0.66,0.1,0.42,0.32
subj_25,hear something,take a walk,see something,Direct,50,0.23,0.86,0.62,0.49,0.05,-0.44
subj_25,hear something,take a walk,see something,Intrinsic,50,0.23,0.86,0.62,0.49,0.05,-0.44
subj_25,jump up and down,see something,sit down,Direct,50,0.28,0.91,0.63,1,0.3,-0.7
subj_25,jump up and down,see something,sit down,Intrinsic,50,0.28,0.91,0.63,1,0.3,-0.7
subj_25,reach for something,become hungry,kick something,Direct,50,0.18,0.83,0.65,0.62,0.49,-0.14
subj_25,reach for something,become hungry,kick something,Intrinsic,50,0.18,0.83,0.65,0.62,0.49,-0.14
subj_25,remember something,take a walk,think about something,Direct,50,0.22,0.91,0.69,0,0,0
subj_25,remember something,take a walk,think about something,Intrinsic,50,0.22,0.91,0.69,0,0,0
subj_25,sit down,experience pain,jump up and down,Direct,50,0.08,0.87,0.79,0.61,0.3,-0.31
subj_25,sit down,experience pain,jump up and down,Intrinsic,50,0.08,0.87,0.79,0.61,0.3,-0.31
subj_25,experience pain,kick something,get tired,Direct,50,0.07,0.72,0.65,0.47,0.51,0.04
subj_25,experience pain,kick something,get tired,Intrinsic,50,0.07,0.72,0.65,0.47,0.51,0.04
subj_25,become hungry,take a walk,feel scared,Direct,50,0.14,0.79,0.65,0.79,0.58,-0.2
subj_25,become hungry,take a walk,feel scared,Intrinsic,50,0.14,0.79,0.65,0.79,0.58,-0.2
subj_25,get sick,see something,get tired,Direct,50,0.4,0.95,0.55,0.42,0.37,-0.06
subj_25,get sick,see something,get tired,Intrinsic,50,0.4,0.95,0.55,0.42,0.37,-0.06
subj_25,get tired,jump up and down,feel scared,Direct,50,0.04,0.78,0.73,0.47,0.5,0.03
subj_25,get tired,jump up and down,feel scared,Intrinsic,50,0.04,0.78,0.73,0.47,0.5,0.03
subj_25,kick something,think about something,sit down,Direct,50,0.4,0.9,0.5,0.84,0.53,-0.31
subj_25,kick something,think about something,sit down,Intrinsic,50,0.4,0.9,0.5,0.84,0.53,-0.31
subj_25,feel scared,see something,get tired,Direct,50,0.06,0.78,0.71,0.58,0.5,-0.08
subj_25,feel scared,see something,get tired,Intrinsic,50,0.06,0.78,0.71,0.58,0.5,-0.08
subj_25,take a walk,think about something,sit down,Direct,50,0.25,0.86,0.61,0.92,0.35,-0.57
subj_25,take a walk,think about something,sit down,Intrinsic,50,0.25,0.86,0.61,0.92,0.35,-0.57
subj_25,think about something,get sick,remember something,Direct,50,0.23,1,0.77,0.01,0,-0.01
subj_25,think about something,get sick,remember something,Intrinsic,50,0.23,1,0.77,0.01,0,-0.01
subj_26,become hungry,take a walk,feel scared,Direct,23,0.14,0.79,0.65,0.79,0.58,-0.2
subj_26,become hungry,take a walk,feel scared,Intrinsic,85,0.14,0.79,0.65,0.79,0.58,-0.2
subj_26,choose what to do,experience pain,remember something,Direct,23,0.17,0.83,0.66,0.1,0.42,0.32
subj_26,choose what to do,experience pain,remember something,Intrinsic,8,0.17,0.83,0.66,0.1,0.42,0.32
subj_26,take a walk,think about something,sit down,Direct,62,0.25,0.86,0.61,0.92,0.35,-0.57
subj_26,take a walk,think about something,sit down,Intrinsic,93,0.25,0.86,0.61,0.92,0.35,-0.57
subj_26,get tired,jump up and down,feel scared,Direct,5,0.04,0.78,0.73,0.47,0.5,0.03
subj_26,get tired,jump up and down,feel scared,Intrinsic,41,0.04,0.78,0.73,0.47,0.5,0.03
subj_26,jump up and down,see something,sit down,Direct,100,0.28,0.91,0.63,1,0.3,-0.7
subj_26,jump up and down,see something,sit down,Intrinsic,78,0.28,0.91,0.63,1,0.3,-0.7
subj_26,experience pain,kick something,get tired,Direct,20,0.07,0.72,0.65,0.47,0.51,0.04
subj_26,experience pain,kick something,get tired,Intrinsic,68,0.07,0.72,0.65,0.47,0.51,0.04
subj_26,see something,take a walk,hear something,Direct,12,0.17,0.86,0.69,0.46,0.05,-0.41
subj_26,see something,take a walk,hear something,Intrinsic,68,0.17,0.86,0.69,0.46,0.05,-0.41
subj_26,think about something,get sick,remember something,Direct,23,0.23,1,0.77,0.01,0,-0.01
subj_26,think about something,get sick,remember something,Intrinsic,7,0.23,1,0.77,0.01,0,-0.01
subj_26,remember something,take a walk,think about something,Direct,61,0.22,0.91,0.69,0,0,0
subj_26,remember something,take a walk,think about something,Intrinsic,14,0.22,0.91,0.69,0,0,0
subj_26,hear something,take a walk,see something,Direct,17,0.23,0.86,0.62,0.49,0.05,-0.44
subj_26,hear something,take a walk,see something,Intrinsic,95,0.23,0.86,0.62,0.49,0.05,-0.44
subj_26,reach for something,become hungry,kick something,Direct,18,0.18,0.83,0.65,0.62,0.49,-0.14
subj_26,reach for something,become hungry,kick something,Intrinsic,62,0.18,0.83,0.65,0.62,0.49,-0.14
subj_26,sit down,experience pain,jump up and down,Direct,3,0.08,0.87,0.79,0.61,0.3,-0.31
subj_26,sit down,experience pain,jump up and down,Intrinsic,27,0.08,0.87,0.79,0.61,0.3,-0.31
subj_26,kick something,think about something,sit down,Direct,22,0.4,0.9,0.5,0.84,0.53,-0.31
subj_26,kick something,think about something,sit down,Intrinsic,17,0.4,0.9,0.5,0.84,0.53,-0.31
subj_26,get sick,see something,get tired,Direct,15,0.4,0.95,0.55,0.42,0.37,-0.06
subj_26,get sick,see something,get tired,Intrinsic,83,0.4,0.95,0.55,0.42,0.37,-0.06
subj_26,feel scared,see something,get tired,Direct,36,0.06,0.78,0.71,0.58,0.5,-0.08
subj_26,feel scared,see something,get tired,Intrinsic,76,0.06,0.78,0.71,0.58,0.5,-0.08
subj_27,become hungry,take a walk,feel scared,Direct,75,0.14,0.79,0.65,0.79,0.58,-0.2
subj_27,become hungry,take a walk,feel scared,Intrinsic,100,0.14,0.79,0.65,0.79,0.58,-0.2
subj_27,see something,take a walk,hear something,Direct,0,0.17,0.86,0.69,0.46,0.05,-0.41
subj_27,see something,take a walk,hear something,Intrinsic,75,0.17,0.86,0.69,0.46,0.05,-0.41
subj_27,think about something,get sick,remember something,Direct,0,0.23,1,0.77,0.01,0,-0.01
subj_27,think about something,get sick,remember something,Intrinsic,11,0.23,1,0.77,0.01,0,-0.01
subj_27,take a walk,think about something,sit down,Direct,25,0.25,0.86,0.61,0.92,0.35,-0.57
subj_27,take a walk,think about something,sit down,Intrinsic,100,0.25,0.86,0.61,0.92,0.35,-0.57
subj_27,hear something,take a walk,see something,Direct,0,0.23,0.86,0.62,0.49,0.05,-0.44
subj_27,hear something,take a walk,see something,Intrinsic,100,0.23,0.86,0.62,0.49,0.05,-0.44
subj_27,get tired,jump up and down,feel scared,Direct,14,0.04,0.78,0.73,0.47,0.5,0.03
subj_27,get tired,jump up and down,feel scared,Intrinsic,86,0.04,0.78,0.73,0.47,0.5,0.03
subj_27,kick something,think about something,sit down,Direct,25,0.4,0.9,0.5,0.84,0.53,-0.31
subj_27,kick something,think about something,sit down,Intrinsic,75,0.4,0.9,0.5,0.84,0.53,-0.31
subj_27,remember something,take a walk,think about something,Direct,25,0.22,0.91,0.69,0,0,0
subj_27,remember something,take a walk,think about something,Intrinsic,25,0.22,0.91,0.69,0,0,0
subj_27,experience pain,kick something,get tired,Direct,75,0.07,0.72,0.65,0.47,0.51,0.04
subj_27,experience pain,kick something,get tired,Intrinsic,100,0.07,0.72,0.65,0.47,0.51,0.04
subj_27,jump up and down,see something,sit down,Direct,25,0.28,0.91,0.63,1,0.3,-0.7
subj_27,jump up and down,see something,sit down,Intrinsic,100,0.28,0.91,0.63,1,0.3,-0.7
subj_27,reach for something,become hungry,kick something,Direct,75,0.18,0.83,0.65,0.62,0.49,-0.14
subj_27,reach for something,become hungry,kick something,Intrinsic,75,0.18,0.83,0.65,0.62,0.49,-0.14
subj_27,get sick,see something,get tired,Direct,0,0.4,0.95,0.55,0.42,0.37,-0.06
subj_27,get sick,see something,get tired,Intrinsic,100,0.4,0.95,0.55,0.42,0.37,-0.06
subj_27,sit down,experience pain,jump up and down,Direct,0,0.08,0.87,0.79,0.61,0.3,-0.31
subj_27,sit down,experience pain,jump up and down,Intrinsic,25,0.08,0.87,0.79,0.61,0.3,-0.31
subj_27,feel scared,see something,get tired,Direct,25,0.06,0.78,0.71,0.58,0.5,-0.08
subj_27,feel scared,see something,get tired,Intrinsic,86,0.06,0.78,0.71,0.58,0.5,-0.08
subj_27,choose what to do,experience pain,remember something,Direct,62,0.17,0.83,0.66,0.1,0.42,0.32
subj_27,choose what to do,experience pain,remember something,Intrinsic,25,0.17,0.83,0.66,0.1,0.42,0.32
subj_28,get sick,see something,get tired,Direct,3,0.4,0.95,0.55,0.42,0.37,-0.06
subj_28,get sick,see something,get tired,Intrinsic,75,0.4,0.95,0.55,0.42,0.37,-0.06
subj_28,choose what to do,experience pain,remember something,Direct,75,0.17,0.83,0.66,0.1,0.42,0.32
subj_28,choose what to do,experience pain,remember something,Intrinsic,62,0.17,0.83,0.66,0.1,0.42,0.32
subj_28,hear something,take a walk,see something,Direct,24,0.23,0.86,0.62,0.49,0.05,-0.44
subj_28,hear something,take a walk,see something,Intrinsic,76,0.23,0.86,0.62,0.49,0.05,-0.44
subj_28,get tired,jump up and down,feel scared,Direct,0,0.04,0.78,0.73,0.47,0.5,0.03
subj_28,get tired,jump up and down,feel scared,Intrinsic,25,0.04,0.78,0.73,0.47,0.5,0.03
subj_28,feel scared,see something,get tired,Direct,27,0.06,0.78,0.71,0.58,0.5,-0.08
subj_28,feel scared,see something,get tired,Intrinsic,24,0.06,0.78,0.71,0.58,0.5,-0.08
subj_28,become hungry,take a walk,feel scared,Direct,7,0.14,0.79,0.65,0.79,0.58,-0.2
subj_28,become hungry,take a walk,feel scared,Intrinsic,93,0.14,0.79,0.65,0.79,0.58,-0.2
subj_28,sit down,experience pain,jump up and down,Direct,74,0.08,0.87,0.79,0.61,0.3,-0.31
subj_28,sit down,experience pain,jump up and down,Intrinsic,24,0.08,0.87,0.79,0.61,0.3,-0.31
subj_28,reach for something,become hungry,kick something,Direct,95,0.18,0.83,0.65,0.62,0.49,-0.14
subj_28,reach for something,become hungry,kick something,Intrinsic,76,0.18,0.83,0.65,0.62,0.49,-0.14
subj_28,take a walk,think about something,sit down,Direct,28,0.25,0.86,0.61,0.92,0.35,-0.57
subj_28,take a walk,think about something,sit down,Intrinsic,88,0.25,0.86,0.61,0.92,0.35,-0.57
subj_28,kick something,think about something,sit down,Direct,25,0.4,0.9,0.5,0.84,0.53,-0.31
subj_28,kick something,think about something,sit down,Intrinsic,62,0.4,0.9,0.5,0.84,0.53,-0.31
subj_28,see something,take a walk,hear something,Direct,26,0.17,0.86,0.69,0.46,0.05,-0.41
subj_28,see something,take a walk,hear something,Intrinsic,75,0.17,0.86,0.69,0.46,0.05,-0.41
subj_28,think about something,get sick,remember something,Direct,72,0.23,1,0.77,0.01,0,-0.01
subj_28,think about something,get sick,remember something,Intrinsic,71,0.23,1,0.77,0.01,0,-0.01
subj_28,jump up and down,see something,sit down,Direct,73,0.28,0.91,0.63,1,0.3,-0.7
subj_28,jump up and down,see something,sit down,Intrinsic,72,0.28,0.91,0.63,1,0.3,-0.7
subj_28,experience pain,kick something,get tired,Direct,1,0.07,0.72,0.65,0.47,0.51,0.04
subj_28,experience pain,kick something,get tired,Intrinsic,38,0.07,0.72,0.65,0.47,0.51,0.04
subj_28,remember something,take a walk,think about something,Direct,84,0.22,0.91,0.69,0,0,0
subj_28,remember something,take a walk,think about something,Intrinsic,72,0.22,0.91,0.69,0,0,0
subj_29,take a walk,think about something,sit down,Direct,16,0.25,0.86,0.61,0.92,0.35,-0.57
subj_29,take a walk,think about something,sit down,Intrinsic,74,0.25,0.86,0.61,0.92,0.35,-0.57
subj_29,hear something,take a walk,see something,Direct,70,0.23,0.86,0.62,0.49,0.05,-0.44
subj_29,hear something,take a walk,see something,Intrinsic,79,0.23,0.86,0.62,0.49,0.05,-0.44
subj_29,kick something,think about something,sit down,Direct,32,0.4,0.9,0.5,0.84,0.53,-0.31
subj_29,kick something,think about something,sit down,Intrinsic,72,0.4,0.9,0.5,0.84,0.53,-0.31
subj_29,become hungry,take a walk,feel scared,Direct,30,0.14,0.79,0.65,0.79,0.58,-0.2
subj_29,become hungry,take a walk,feel scared,Intrinsic,73,0.14,0.79,0.65,0.79,0.58,-0.2
subj_29,get sick,see something,get tired,Direct,74,0.4,0.95,0.55,0.42,0.37,-0.06
subj_29,get sick,see something,get tired,Intrinsic,71,0.4,0.95,0.55,0.42,0.37,-0.06
subj_29,choose what to do,experience pain,remember something,Direct,26,0.17,0.83,0.66,0.1,0.42,0.32
subj_29,choose what to do,experience pain,remember something,Intrinsic,25,0.17,0.83,0.66,0.1,0.42,0.32
subj_29,feel scared,see something,get tired,Direct,27,0.06,0.78,0.71,0.58,0.5,-0.08
subj_29,feel scared,see something,get tired,Intrinsic,72,0.06,0.78,0.71,0.58,0.5,-0.08
subj_29,reach for something,become hungry,kick something,Direct,26,0.18,0.83,0.65,0.62,0.49,-0.14
subj_29,reach for something,become hungry,kick something,Intrinsic,73,0.18,0.83,0.65,0.62,0.49,-0.14
subj_29,get tired,jump up and down,feel scared,Direct,72,0.04,0.78,0.73,0.47,0.5,0.03
subj_29,get tired,jump up and down,feel scared,Intrinsic,72,0.04,0.78,0.73,0.47,0.5,0.03
subj_29,see something,take a walk,hear something,Direct,72,0.17,0.86,0.69,0.46,0.05,-0.41
subj_29,see something,take a walk,hear something,Intrinsic,71,0.17,0.86,0.69,0.46,0.05,-0.41
subj_29,think about something,get sick,remember something,Direct,73,0.23,1,0.77,0.01,0,-0.01
subj_29,think about something,get sick,remember something,Intrinsic,27,0.23,1,0.77,0.01,0,-0.01
subj_29,jump up and down,see something,sit down,Direct,26,0.28,0.91,0.63,1,0.3,-0.7
subj_29,jump up and down,see something,sit down,Intrinsic,72,0.28,0.91,0.63,1,0.3,-0.7
subj_29,sit down,experience pain,jump up and down,Direct,71,0.08,0.87,0.79,0.61,0.3,-0.31
subj_29,sit down,experience pain,jump up and down,Intrinsic,74,0.08,0.87,0.79,0.61,0.3,-0.31
subj_29,experience pain,kick something,get tired,Direct,74,0.07,0.72,0.65,0.47,0.51,0.04
subj_29,experience pain,kick something,get tired,Intrinsic,28,0.07,0.72,0.65,0.47,0.51,0.04
subj_29,remember something,take a walk,think about something,Direct,72,0.22,0.91,0.69,0,0,0
subj_29,remember something,take a walk,think about something,Intrinsic,76,0.22,0.91,0.69,0,0,0
subj_30,reach for something,become hungry,kick something,Direct,0,0.18,0.83,0.65,0.62,0.49,-0.14
subj_30,reach for something,become hungry,kick something,Intrinsic,75,0.18,0.83,0.65,0.62,0.49,-0.14
subj_30,kick something,think about something,sit down,Direct,24,0.4,0.9,0.5,0.84,0.53,-0.31
subj_30,kick something,think about something,sit down,Intrinsic,76,0.4,0.9,0.5,0.84,0.53,-0.31
subj_30,get tired,jump up and down,feel scared,Direct,62,0.04,0.78,0.73,0.47,0.5,0.03
subj_30,get tired,jump up and down,feel scared,Intrinsic,76,0.04,0.78,0.73,0.47,0.5,0.03
subj_30,think about something,get sick,remember something,Direct,62,0.23,1,0.77,0.01,0,-0.01
subj_30,think about something,get sick,remember something,Intrinsic,10,0.23,1,0.77,0.01,0,-0.01
subj_30,feel scared,see something,get tired,Direct,77,0.06,0.78,0.71,0.58,0.5,-0.08
subj_30,feel scared,see something,get tired,Intrinsic,77,0.06,0.78,0.71,0.58,0.5,-0.08
subj_30,see something,take a walk,hear something,Direct,70,0.17,0.86,0.69,0.46,0.05,-0.41
subj_30,see something,take a walk,hear something,Intrinsic,85,0.17,0.86,0.69,0.46,0.05,-0.41
subj_30,get sick,see something,get tired,Direct,77,0.4,0.95,0.55,0.42,0.37,-0.06
subj_30,get sick,see something,get tired,Intrinsic,80,0.4,0.95,0.55,0.42,0.37,-0.06
subj_30,hear something,take a walk,see something,Direct,80,0.23,0.86,0.62,0.49,0.05,-0.44
subj_30,hear something,take a walk,see something,Intrinsic,82,0.23,0.86,0.62,0.49,0.05,-0.44
subj_30,become hungry,take a walk,feel scared,Direct,78,0.14,0.79,0.65,0.79,0.58,-0.2
subj_30,become hungry,take a walk,feel scared,Intrinsic,79,0.14,0.79,0.65,0.79,0.58,-0.2
subj_30,sit down,experience pain,jump up and down,Direct,22,0.08,0.87,0.79,0.61,0.3,-0.31
subj_30,sit down,experience pain,jump up and down,Intrinsic,79,0.08,0.87,0.79,0.61,0.3,-0.31
subj_30,experience pain,kick something,get tired,Direct,80,0.07,0.72,0.65,0.47,0.51,0.04
subj_30,experience pain,kick something,get tired,Intrinsic,77,0.07,0.72,0.65,0.47,0.51,0.04
subj_30,remember something,take a walk,think about something,Direct,3,0.22,0.91,0.69,0,0,0
subj_30,remember something,take a walk,think about something,Intrinsic,67,0.22,0.91,0.69,0,0,0
subj_30,jump up and down,see something,sit down,Direct,5,0.28,0.91,0.63,1,0.3,-0.7
subj_30,jump up and down,see something,sit down,Intrinsic,79,0.28,0.91,0.63,1,0.3,-0.7
subj_30,choose what to do,experience pain,remember something,Direct,23,0.17,0.83,0.66,0.1,0.42,0.32
subj_30,choose what to do,experience pain,remember something,Intrinsic,13,0.17,0.83,0.66,0.1,0.42,0.32
subj_30,take a walk,think about something,sit down,Direct,79,0.25,0.86,0.61,0.92,0.35,-0.57
subj_30,take a walk,think about something,sit down,Intrinsic,83,0.25,0.86,0.61,0.92,0.35,-0.57
subj_31,choose what to do,experience pain,remember something,Direct,87,0.17,0.83,0.66,0.1,0.42,0.32
subj_31,choose what to do,experience pain,remember something,Intrinsic,77,0.17,0.83,0.66,0.1,0.42,0.32
subj_31,hear something,take a walk,see something,Direct,37,0.23,0.86,0.62,0.49,0.05,-0.44
subj_31,hear something,take a walk,see something,Intrinsic,76,0.23,0.86,0.62,0.49,0.05,-0.44
subj_31,jump up and down,see something,sit down,Direct,28,0.28,0.91,0.63,1,0.3,-0.7
subj_31,jump up and down,see something,sit down,Intrinsic,17,0.28,0.91,0.63,1,0.3,-0.7
subj_31,reach for something,become hungry,kick something,Direct,8,0.18,0.83,0.65,0.62,0.49,-0.14
subj_31,reach for something,become hungry,kick something,Intrinsic,64,0.18,0.83,0.65,0.62,0.49,-0.14
subj_31,feel scared,see something,get tired,Direct,37,0.06,0.78,0.71,0.58,0.5,-0.08
subj_31,feel scared,see something,get tired,Intrinsic,41,0.06,0.78,0.71,0.58,0.5,-0.08
subj_31,experience pain,kick something,get tired,Direct,39,0.07,0.72,0.65,0.47,0.51,0.04
subj_31,experience pain,kick something,get tired,Intrinsic,38,0.07,0.72,0.65,0.47,0.51,0.04
subj_31,become hungry,take a walk,feel scared,Direct,10,0.14,0.79,0.65,0.79,0.58,-0.2
subj_31,become hungry,take a walk,feel scared,Intrinsic,64,0.14,0.79,0.65,0.79,0.58,-0.2
subj_31,see something,take a walk,hear something,Direct,41,0.17,0.86,0.69,0.46,0.05,-0.41
subj_31,see something,take a walk,hear something,Intrinsic,24,0.17,0.86,0.69,0.46,0.05,-0.41
subj_31,think about something,get sick,remember something,Direct,34,0.23,1,0.77,0.01,0,-0.01
subj_31,think about something,get sick,remember something,Intrinsic,13,0.23,1,0.77,0.01,0,-0.01
subj_31,get tired,jump up and down,feel scared,Direct,8,0.04,0.78,0.73,0.47,0.5,0.03
subj_31,get tired,jump up and down,feel scared,Intrinsic,80,0.04,0.78,0.73,0.47,0.5,0.03
subj_31,take a walk,think about something,sit down,Direct,13,0.25,0.86,0.61,0.92,0.35,-0.57
subj_31,take a walk,think about something,sit down,Intrinsic,89,0.25,0.86,0.61,0.92,0.35,-0.57
subj_31,kick something,think about something,sit down,Direct,64,0.4,0.9,0.5,0.84,0.53,-0.31
subj_31,kick something,think about something,sit down,Intrinsic,26,0.4,0.9,0.5,0.84,0.53,-0.31
subj_31,remember something,take a walk,think about something,Direct,62,0.22,0.91,0.69,0,0,0
subj_31,remember something,take a walk,think about something,Intrinsic,15,0.22,0.91,0.69,0,0,0
subj_31,get sick,see something,get tired,Direct,36,0.4,0.95,0.55,0.42,0.37,-0.06
subj_31,get sick,see something,get tired,Intrinsic,77,0.4,0.95,0.55,0.42,0.37,-0.06
subj_31,sit down,experience pain,jump up and down,Direct,14,0.08,0.87,0.79,0.61,0.3,-0.31
subj_31,sit down,experience pain,jump up and down,Intrinsic,23,0.08,0.87,0.79,0.61,0.3,-0.31
subj_32,choose what to do,experience pain,remember something,Direct,77,0.17,0.83,0.66,0.1,0.42,0.32
subj_32,choose what to do,experience pain,remember something,Intrinsic,75,0.17,0.83,0.66,0.1,0.42,0.32
subj_32,sit down,experience pain,jump up and down,Direct,76,0.08,0.87,0.79,0.61,0.3,-0.31
subj_32,sit down,experience pain,jump up and down,Intrinsic,98,0.08,0.87,0.79,0.61,0.3,-0.31
subj_32,experience pain,kick something,get tired,Direct,0,0.07,0.72,0.65,0.47,0.51,0.04
subj_32,experience pain,kick something,get tired,Intrinsic,25,0.07,0.72,0.65,0.47,0.51,0.04
subj_32,get tired,jump up and down,feel scared,Direct,28,0.04,0.78,0.73,0.47,0.5,0.03
subj_32,get tired,jump up and down,feel scared,Intrinsic,74,0.04,0.78,0.73,0.47,0.5,0.03
subj_32,reach for something,become hungry,kick something,Direct,1,0.18,0.83,0.65,0.62,0.49,-0.14
subj_32,reach for something,become hungry,kick something,Intrinsic,71,0.18,0.83,0.65,0.62,0.49,-0.14
subj_32,jump up and down,see something,sit down,Direct,1,0.28,0.91,0.63,1,0.3,-0.7
subj_32,jump up and down,see something,sit down,Intrinsic,75,0.28,0.91,0.63,1,0.3,-0.7
subj_32,kick something,think about something,sit down,Direct,74,0.4,0.9,0.5,0.84,0.53,-0.31
subj_32,kick something,think about something,sit down,Intrinsic,74,0.4,0.9,0.5,0.84,0.53,-0.31
subj_32,feel scared,see something,get tired,Direct,75,0.06,0.78,0.71,0.58,0.5,-0.08
subj_32,feel scared,see something,get tired,Intrinsic,26,0.06,0.78,0.71,0.58,0.5,-0.08
subj_32,take a walk,think about something,sit down,Direct,23,0.25,0.86,0.61,0.92,0.35,-0.57
subj_32,take a walk,think about something,sit down,Intrinsic,73,0.25,0.86,0.61,0.92,0.35,-0.57
subj_32,see something,take a walk,hear something,Direct,25,0.17,0.86,0.69,0.46,0.05,-0.41
subj_32,see something,take a walk,hear something,Intrinsic,74,0.17,0.86,0.69,0.46,0.05,-0.41
subj_32,become hungry,take a walk,feel scared,Direct,100,0.14,0.79,0.65,0.79,0.58,-0.2
subj_32,become hungry,take a walk,feel scared,Intrinsic,76,0.14,0.79,0.65,0.79,0.58,-0.2
subj_32,get sick,see something,get tired,Direct,77,0.4,0.95,0.55,0.42,0.37,-0.06
subj_32,get sick,see something,get tired,Intrinsic,50,0.4,0.95,0.55,0.42,0.37,-0.06
subj_32,remember something,take a walk,think about something,Direct,75,0.22,0.91,0.69,0,0,0
subj_32,remember something,take a walk,think about something,Intrinsic,75,0.22,0.91,0.69,0,0,0
subj_32,hear something,take a walk,see something,Direct,71,0.23,0.86,0.62,0.49,0.05,-0.44
subj_32,hear something,take a walk,see something,Intrinsic,77,0.23,0.86,0.62,0.49,0.05,-0.44
subj_32,think about something,get sick,remember something,Direct,1,0.23,1,0.77,0.01,0,-0.01
subj_32,think about something,get sick,remember something,Intrinsic,72,0.23,1,0.77,0.01,0,-0.01
subj_33,hear something,take a walk,see something,Direct,25,0.23,0.86,0.62,0.49,0.05,-0.44
subj_33,hear something,take a walk,see something,Intrinsic,73,0.23,0.86,0.62,0.49,0.05,-0.44
subj_33,see something,take a walk,hear something,Direct,25,0.17,0.86,0.69,0.46,0.05,-0.41
subj_33,see something,take a walk,hear something,Intrinsic,75,0.17,0.86,0.69,0.46,0.05,-0.41
subj_33,get tired,jump up and down,feel scared,Direct,26,0.04,0.78,0.73,0.47,0.5,0.03
subj_33,get tired,jump up and down,feel scared,Intrinsic,73,0.04,0.78,0.73,0.47,0.5,0.03
subj_33,kick something,think about something,sit down,Direct,74,0.4,0.9,0.5,0.84,0.53,-0.31
subj_33,kick something,think about something,sit down,Intrinsic,74,0.4,0.9,0.5,0.84,0.53,-0.31
subj_33,sit down,experience pain,jump up and down,Direct,25,0.08,0.87,0.79,0.61,0.3,-0.31
subj_33,sit down,experience pain,jump up and down,Intrinsic,74,0.08,0.87,0.79,0.61,0.3,-0.31
subj_33,choose what to do,experience pain,remember something,Direct,25,0.17,0.83,0.66,0.1,0.42,0.32
subj_33,choose what to do,experience pain,remember something,Intrinsic,25,0.17,0.83,0.66,0.1,0.42,0.32
subj_33,jump up and down,see something,sit down,Direct,25,0.28,0.91,0.63,1,0.3,-0.7
subj_33,jump up and down,see something,sit down,Intrinsic,25,0.28,0.91,0.63,1,0.3,-0.7
subj_33,experience pain,kick something,get tired,Direct,25,0.07,0.72,0.65,0.47,0.51,0.04
subj_33,experience pain,kick something,get tired,Intrinsic,25,0.07,0.72,0.65,0.47,0.51,0.04
subj_33,remember something,take a walk,think about something,Direct,12,0.22,0.91,0.69,0,0,0
subj_33,remember something,take a walk,think about something,Intrinsic,74,0.22,0.91,0.69,0,0,0
subj_33,take a walk,think about something,sit down,Direct,26,0.25,0.86,0.61,0.92,0.35,-0.57
subj_33,take a walk,think about something,sit down,Intrinsic,76,0.25,0.86,0.61,0.92,0.35,-0.57
subj_33,feel scared,see something,get tired,Direct,74,0.06,0.78,0.71,0.58,0.5,-0.08
subj_33,feel scared,see something,get tired,Intrinsic,75,0.06,0.78,0.71,0.58,0.5,-0.08
subj_33,think about something,get sick,remember something,Direct,12,0.23,1,0.77,0.01,0,-0.01
subj_33,think about something,get sick,remember something,Intrinsic,25,0.23,1,0.77,0.01,0,-0.01
subj_33,get sick,see something,get tired,Direct,26,0.4,0.95,0.55,0.42,0.37,-0.06
subj_33,get sick,see something,get tired,Intrinsic,74,0.4,0.95,0.55,0.42,0.37,-0.06
subj_33,reach for something,become hungry,kick something,Direct,25,0.18,0.83,0.65,0.62,0.49,-0.14
subj_33,reach for something,become hungry,kick something,Intrinsic,74,0.18,0.83,0.65,0.62,0.49,-0.14
subj_33,become hungry,take a walk,feel scared,Direct,73,0.14,0.79,0.65,0.79,0.58,-0.2
subj_33,become hungry,take a walk,feel scared,Intrinsic,74,0.14,0.79,0.65,0.79,0.58,-0.2
subj_34,reach for something,become hungry,kick something,Direct,67,0.18,0.83,0.65,0.62,0.49,-0.14
subj_34,reach for something,become hungry,kick something,Intrinsic,75,0.18,0.83,0.65,0.62,0.49,-0.14
subj_34,see something,take a walk,hear something,Direct,97,0.17,0.86,0.69,0.46,0.05,-0.41
subj_34,see something,take a walk,hear something,Intrinsic,32,0.17,0.86,0.69,0.46,0.05,-0.41
subj_34,get tired,jump up and down,feel scared,Direct,1,0.04,0.78,0.73,0.47,0.5,0.03
subj_34,get tired,jump up and down,feel scared,Intrinsic,42,0.04,0.78,0.73,0.47,0.5,0.03
subj_34,get sick,see something,get tired,Direct,12,0.4,0.95,0.55,0.42,0.37,-0.06
subj_34,get sick,see something,get tired,Intrinsic,35,0.4,0.95,0.55,0.42,0.37,-0.06
subj_34,remember something,take a walk,think about something,Direct,79,0.22,0.91,0.69,0,0,0
subj_34,remember something,take a walk,think about something,Intrinsic,14,0.22,0.91,0.69,0,0,0
subj_34,experience pain,kick something,get tired,Direct,4,0.07,0.72,0.65,0.47,0.51,0.04
subj_34,experience pain,kick something,get tired,Intrinsic,39,0.07,0.72,0.65,0.47,0.51,0.04
subj_34,think about something,get sick,remember something,Direct,12,0.23,1,0.77,0.01,0,-0.01
subj_34,think about something,get sick,remember something,Intrinsic,17,0.23,1,0.77,0.01,0,-0.01
subj_34,hear something,take a walk,see something,Direct,18,0.23,0.86,0.62,0.49,0.05,-0.44
subj_34,hear something,take a walk,see something,Intrinsic,55,0.23,0.86,0.62,0.49,0.05,-0.44
subj_34,choose what to do,experience pain,remember something,Direct,40,0.17,0.83,0.66,0.1,0.42,0.32
subj_34,choose what to do,experience pain,remember something,Intrinsic,11,0.17,0.83,0.66,0.1,0.42,0.32
subj_34,sit down,experience pain,jump up and down,Direct,40,0.08,0.87,0.79,0.61,0.3,-0.31
subj_34,sit down,experience pain,jump up and down,Intrinsic,59,0.08,0.87,0.79,0.61,0.3,-0.31
subj_34,take a walk,think about something,sit down,Direct,4,0.25,0.86,0.61,0.92,0.35,-0.57
subj_34,take a walk,think about something,sit down,Intrinsic,66,0.25,0.86,0.61,0.92,0.35,-0.57
subj_34,feel scared,see something,get tired,Direct,45,0.06,0.78,0.71,0.58,0.5,-0.08
subj_34,feel scared,see something,get tired,Intrinsic,54,0.06,0.78,0.71,0.58,0.5,-0.08
subj_34,jump up and down,see something,sit down,Direct,13,0.28,0.91,0.63,1,0.3,-0.7
subj_34,jump up and down,see something,sit down,Intrinsic,45,0.28,0.91,0.63,1,0.3,-0.7
subj_34,become hungry,take a walk,feel scared,Direct,44,0.14,0.79,0.65,0.79,0.58,-0.2
subj_34,become hungry,take a walk,feel scared,Intrinsic,16,0.14,0.79,0.65,0.79,0.58,-0.2
subj_34,kick something,think about something,sit down,Direct,0,0.4,0.9,0.5,0.84,0.53,-0.31
subj_34,kick something,think about something,sit down,Intrinsic,28,0.4,0.9,0.5,0.84,0.53,-0.31
subj_35,jump up and down,see something,sit down,Direct,8,0.28,0.91,0.63,1,0.3,-0.7
subj_35,jump up and down,see something,sit down,Intrinsic,75,0.28,0.91,0.63,1,0.3,-0.7
subj_35,think about something,get sick,remember something,Direct,2,0.23,1,0.77,0.01,0,-0.01
subj_35,think about something,get sick,remember something,Intrinsic,50,0.23,1,0.77,0.01,0,-0.01
subj_35,take a walk,think about something,sit down,Direct,96,0.25,0.86,0.61,0.92,0.35,-0.57
subj_35,take a walk,think about something,sit down,Intrinsic,74,0.25,0.86,0.61,0.92,0.35,-0.57
subj_35,choose what to do,experience pain,remember something,Direct,6,0.17,0.83,0.66,0.1,0.42,0.32
subj_35,choose what to do,experience pain,remember something,Intrinsic,24,0.17,0.83,0.66,0.1,0.42,0.32
subj_35,experience pain,kick something,get tired,Direct,26,0.07,0.72,0.65,0.47,0.51,0.04
subj_35,experience pain,kick something,get tired,Intrinsic,50,0.07,0.72,0.65,0.47,0.51,0.04
subj_35,see something,take a walk,hear something,Direct,24,0.17,0.86,0.69,0.46,0.05,-0.41
subj_35,see something,take a walk,hear something,Intrinsic,74,0.17,0.86,0.69,0.46,0.05,-0.41
subj_35,hear something,take a walk,see something,Direct,73,0.23,0.86,0.62,0.49,0.05,-0.44
subj_35,hear something,take a walk,see something,Intrinsic,95,0.23,0.86,0.62,0.49,0.05,-0.44
subj_35,sit down,experience pain,jump up and down,Direct,14,0.08,0.87,0.79,0.61,0.3,-0.31
subj_35,sit down,experience pain,jump up and down,Intrinsic,75,0.08,0.87,0.79,0.61,0.3,-0.31
subj_35,reach for something,become hungry,kick something,Direct,13,0.18,0.83,0.65,0.62,0.49,-0.14
subj_35,reach for something,become hungry,kick something,Intrinsic,50,0.18,0.83,0.65,0.62,0.49,-0.14
subj_35,become hungry,take a walk,feel scared,Direct,8,0.14,0.79,0.65,0.79,0.58,-0.2
subj_35,become hungry,take a walk,feel scared,Intrinsic,92,0.14,0.79,0.65,0.79,0.58,-0.2
subj_35,get tired,jump up and down,feel scared,Direct,2,0.04,0.78,0.73,0.47,0.5,0.03
subj_35,get tired,jump up and down,feel scared,Intrinsic,64,0.04,0.78,0.73,0.47,0.5,0.03
subj_35,remember something,take a walk,think about something,Direct,8,0.22,0.91,0.69,0,0,0
subj_35,remember something,take a walk,think about something,Intrinsic,12,0.22,0.91,0.69,0,0,0
subj_35,kick something,think about something,sit down,Direct,3,0.4,0.9,0.5,0.84,0.53,-0.31
subj_35,kick something,think about something,sit down,Intrinsic,64,0.4,0.9,0.5,0.84,0.53,-0.31
subj_35,get sick,see something,get tired,Direct,76,0.4,0.95,0.55,0.42,0.37,-0.06
subj_35,get sick,see something,get tired,Intrinsic,50,0.4,0.95,0.55,0.42,0.37,-0.06
subj_35,feel scared,see something,get tired,Direct,38,0.06,0.78,0.71,0.58,0.5,-0.08
subj_35,feel scared,see something,get tired,Intrinsic,38,0.06,0.78,0.71,0.58,0.5,-0.08
subj_36,remember something,take a walk,think about something,Direct,74,0.22,0.91,0.69,0,0,0
subj_36,remember something,take a walk,think about something,Intrinsic,25,0.22,0.91,0.69,0,0,0
subj_36,hear something,take a walk,see something,Direct,100,0.23,0.86,0.62,0.49,0.05,-0.44
subj_36,hear something,take a walk,see something,Intrinsic,100,0.23,0.86,0.62,0.49,0.05,-0.44
subj_36,kick something,think about something,sit down,Direct,99,0.4,0.9,0.5,0.84,0.53,-0.31
subj_36,kick something,think about something,sit down,Intrinsic,0,0.4,0.9,0.5,0.84,0.53,-0.31
subj_36,sit down,experience pain,jump up and down,Direct,25,0.08,0.87,0.79,0.61,0.3,-0.31
subj_36,sit down,experience pain,jump up and down,Intrinsic,100,0.08,0.87,0.79,0.61,0.3,-0.31
subj_36,choose what to do,experience pain,remember something,Direct,24,0.17,0.83,0.66,0.1,0.42,0.32
subj_36,choose what to do,experience pain,remember something,Intrinsic,26,0.17,0.83,0.66,0.1,0.42,0.32
subj_36,feel scared,see something,get tired,Direct,74,0.06,0.78,0.71,0.58,0.5,-0.08
subj_36,feel scared,see something,get tired,Intrinsic,24,0.06,0.78,0.71,0.58,0.5,-0.08
subj_36,see something,take a walk,hear something,Direct,76,0.17,0.86,0.69,0.46,0.05,-0.41
subj_36,see something,take a walk,hear something,Intrinsic,26,0.17,0.86,0.69,0.46,0.05,-0.41
subj_36,become hungry,take a walk,feel scared,Direct,75,0.14,0.79,0.65,0.79,0.58,-0.2
subj_36,become hungry,take a walk,feel scared,Intrinsic,99,0.14,0.79,0.65,0.79,0.58,-0.2
subj_36,jump up and down,see something,sit down,Direct,0,0.28,0.91,0.63,1,0.3,-0.7
subj_36,jump up and down,see something,sit down,Intrinsic,26,0.28,0.91,0.63,1,0.3,-0.7
subj_36,take a walk,think about something,sit down,Direct,75,0.25,0.86,0.61,0.92,0.35,-0.57
subj_36,take a walk,think about something,sit down,Intrinsic,100,0.25,0.86,0.61,0.92,0.35,-0.57
subj_36,get sick,see something,get tired,Direct,0,0.4,0.95,0.55,0.42,0.37,-0.06
subj_36,get sick,see something,get tired,Intrinsic,75,0.4,0.95,0.55,0.42,0.37,-0.06
subj_36,experience pain,kick something,get tired,Direct,0,0.07,0.72,0.65,0.47,0.51,0.04
subj_36,experience pain,kick something,get tired,Intrinsic,100,0.07,0.72,0.65,0.47,0.51,0.04
subj_36,reach for something,become hungry,kick something,Direct,75,0.18,0.83,0.65,0.62,0.49,-0.14
subj_36,reach for something,become hungry,kick something,Intrinsic,25,0.18,0.83,0.65,0.62,0.49,-0.14
subj_36,get tired,jump up and down,feel scared,Direct,0,0.04,0.78,0.73,0.47,0.5,0.03
subj_36,get tired,jump up and down,feel scared,Intrinsic,75,0.04,0.78,0.73,0.47,0.5,0.03
subj_36,think about something,get sick,remember something,Direct,0,0.23,1,0.77,0.01,0,-0.01
subj_36,think about something,get sick,remember something,Intrinsic,27,0.23,1,0.77,0.01,0,-0.01
subj_37,feel scared,see something,get tired,Direct,24,0.06,0.78,0.71,0.58,0.5,-0.08
subj_37,feel scared,see something,get tired,Intrinsic,25,0.06,0.78,0.71,0.58,0.5,-0.08
subj_37,think about something,get sick,remember something,Direct,0,0.23,1,0.77,0.01,0,-0.01
subj_37,think about something,get sick,remember something,Intrinsic,5,0.23,1,0.77,0.01,0,-0.01
subj_37,jump up and down,see something,sit down,Direct,0,0.28,0.91,0.63,1,0.3,-0.7
subj_37,jump up and down,see something,sit down,Intrinsic,75,0.28,0.91,0.63,1,0.3,-0.7
subj_37,sit down,experience pain,jump up and down,Direct,26,0.08,0.87,0.79,0.61,0.3,-0.31
subj_37,sit down,experience pain,jump up and down,Intrinsic,4,0.08,0.87,0.79,0.61,0.3,-0.31
subj_37,get tired,jump up and down,feel scared,Direct,27,0.04,0.78,0.73,0.47,0.5,0.03
subj_37,get tired,jump up and down,feel scared,Intrinsic,49,0.04,0.78,0.73,0.47,0.5,0.03
subj_37,become hungry,take a walk,feel scared,Direct,0,0.14,0.79,0.65,0.79,0.58,-0.2
subj_37,become hungry,take a walk,feel scared,Intrinsic,50,0.14,0.79,0.65,0.79,0.58,-0.2
subj_37,remember something,take a walk,think about something,Direct,0,0.22,0.91,0.69,0,0,0
subj_37,remember something,take a walk,think about something,Intrinsic,0,0.22,0.91,0.69,0,0,0
subj_37,kick something,think about something,sit down,Direct,49,0.4,0.9,0.5,0.84,0.53,-0.31
subj_37,kick something,think about something,sit down,Intrinsic,74,0.4,0.9,0.5,0.84,0.53,-0.31
subj_37,experience pain,kick something,get tired,Direct,76,0.07,0.72,0.65,0.47,0.51,0.04
subj_37,experience pain,kick something,get tired,Intrinsic,74,0.07,0.72,0.65,0.47,0.51,0.04
subj_37,see something,take a walk,hear something,Direct,24,0.17,0.86,0.69,0.46,0.05,-0.41
subj_37,see something,take a walk,hear something,Intrinsic,24,0.17,0.86,0.69,0.46,0.05,-0.41
subj_37,hear something,take a walk,see something,Direct,24,0.23,0.86,0.62,0.49,0.05,-0.44
subj_37,hear something,take a walk,see something,Intrinsic,25,0.23,0.86,0.62,0.49,0.05,-0.44
subj_37,reach for something,become hungry,kick something,Direct,24,0.18,0.83,0.65,0.62,0.49,-0.14
subj_37,reach for something,become hungry,kick something,Intrinsic,24,0.18,0.83,0.65,0.62,0.49,-0.14
subj_37,choose what to do,experience pain,remember something,Direct,0,0.17,0.83,0.66,0.1,0.42,0.32
subj_37,choose what to do,experience pain,remember something,Intrinsic,74,0.17,0.83,0.66,0.1,0.42,0.32
subj_37,get sick,see something,get tired,Direct,76,0.4,0.95,0.55,0.42,0.37,-0.06
subj_37,get sick,see something,get tired,Intrinsic,50,0.4,0.95,0.55,0.42,0.37,-0.06
subj_37,take a walk,think about something,sit down,Direct,74,0.25,0.86,0.61,0.92,0.35,-0.57
subj_37,take a walk,think about something,sit down,Intrinsic,91,0.25,0.86,0.61,0.92,0.35,-0.57
subj_38,kick something,think about something,sit down,Direct,1,0.4,0.9,0.5,0.84,0.53,-0.31
subj_38,kick something,think about something,sit down,Intrinsic,25,0.4,0.9,0.5,0.84,0.53,-0.31
subj_38,jump up and down,see something,sit down,Direct,95,0.28,0.91,0.63,1,0.3,-0.7
subj_38,jump up and down,see something,sit down,Intrinsic,86,0.28,0.91,0.63,1,0.3,-0.7
subj_38,choose what to do,experience pain,remember something,Direct,25,0.17,0.83,0.66,0.1,0.42,0.32
subj_38,choose what to do,experience pain,remember something,Intrinsic,75,0.17,0.83,0.66,0.1,0.42,0.32
subj_38,become hungry,take a walk,feel scared,Direct,12,0.14,0.79,0.65,0.79,0.58,-0.2
subj_38,become hungry,take a walk,feel scared,Intrinsic,73,0.14,0.79,0.65,0.79,0.58,-0.2
subj_38,reach for something,become hungry,kick something,Direct,25,0.18,0.83,0.65,0.62,0.49,-0.14
subj_38,reach for something,become hungry,kick something,Intrinsic,91,0.18,0.83,0.65,0.62,0.49,-0.14
subj_38,remember something,take a walk,think about something,Direct,6,0.22,0.91,0.69,0,0,0
subj_38,remember something,take a walk,think about something,Intrinsic,1,0.22,0.91,0.69,0,0,0
subj_38,sit down,experience pain,jump up and down,Direct,39,0.08,0.87,0.79,0.61,0.3,-0.31
subj_38,sit down,experience pain,jump up and down,Intrinsic,26,0.08,0.87,0.79,0.61,0.3,-0.31
subj_38,experience pain,kick something,get tired,Direct,10,0.07,0.72,0.65,0.47,0.51,0.04
subj_38,experience pain,kick something,get tired,Intrinsic,23,0.07,0.72,0.65,0.47,0.51,0.04
subj_38,get tired,jump up and down,feel scared,Direct,2,0.04,0.78,0.73,0.47,0.5,0.03
subj_38,get tired,jump up and down,feel scared,Intrinsic,75,0.04,0.78,0.73,0.47,0.5,0.03
subj_38,get sick,see something,get tired,Direct,29,0.4,0.95,0.55,0.42,0.37,-0.06
subj_38,get sick,see something,get tired,Intrinsic,75,0.4,0.95,0.55,0.42,0.37,-0.06
subj_38,take a walk,think about something,sit down,Direct,25,0.25,0.86,0.61,0.92,0.35,-0.57
subj_38,take a walk,think about something,sit down,Intrinsic,76,0.25,0.86,0.61,0.92,0.35,-0.57
subj_38,hear something,take a walk,see something,Direct,12,0.23,0.86,0.62,0.49,0.05,-0.44
subj_38,hear something,take a walk,see something,Intrinsic,75,0.23,0.86,0.62,0.49,0.05,-0.44
subj_38,think about something,get sick,remember something,Direct,15,0.23,1,0.77,0.01,0,-0.01
subj_38,think about something,get sick,remember something,Intrinsic,74,0.23,1,0.77,0.01,0,-0.01
subj_38,see something,take a walk,hear something,Direct,25,0.17,0.86,0.69,0.46,0.05,-0.41
subj_38,see something,take a walk,hear something,Intrinsic,72,0.17,0.86,0.69,0.46,0.05,-0.41
subj_38,feel scared,see something,get tired,Direct,84,0.06,0.78,0.71,0.58,0.5,-0.08
subj_38,feel scared,see something,get tired,Intrinsic,58,0.06,0.78,0.71,0.58,0.5,-0.08
subj_39,feel scared,see something,get tired,Direct,25,0.06,0.78,0.71,0.58,0.5,-0.08
subj_39,feel scared,see something,get tired,Intrinsic,100,0.06,0.78,0.71,0.58,0.5,-0.08
subj_39,get tired,jump up and down,feel scared,Direct,0,0.04,0.78,0.73,0.47,0.5,0.03
subj_39,get tired,jump up and down,feel scared,Intrinsic,100,0.04,0.78,0.73,0.47,0.5,0.03
subj_39,sit down,experience pain,jump up and down,Direct,100,0.08,0.87,0.79,0.61,0.3,-0.31
subj_39,sit down,experience pain,jump up and down,Intrinsic,24,0.08,0.87,0.79,0.61,0.3,-0.31
subj_39,see something,take a walk,hear something,Direct,0,0.17,0.86,0.69,0.46,0.05,-0.41
subj_39,see something,take a walk,hear something,Intrinsic,75,0.17,0.86,0.69,0.46,0.05,-0.41
subj_39,choose what to do,experience pain,remember something,Direct,50,0.17,0.83,0.66,0.1,0.42,0.32
subj_39,choose what to do,experience pain,remember something,Intrinsic,25,0.17,0.83,0.66,0.1,0.42,0.32
subj_39,hear something,take a walk,see something,Direct,16,0.23,0.86,0.62,0.49,0.05,-0.44
subj_39,hear something,take a walk,see something,Intrinsic,100,0.23,0.86,0.62,0.49,0.05,-0.44
subj_39,get sick,see something,get tired,Direct,0,0.4,0.95,0.55,0.42,0.37,-0.06
subj_39,get sick,see something,get tired,Intrinsic,98,0.4,0.95,0.55,0.42,0.37,-0.06
subj_39,remember something,take a walk,think about something,Direct,0,0.22,0.91,0.69,0,0,0
subj_39,remember something,take a walk,think about something,Intrinsic,7,0.22,0.91,0.69,0,0,0
subj_39,take a walk,think about something,sit down,Direct,50,0.25,0.86,0.61,0.92,0.35,-0.57
subj_39,take a walk,think about something,sit down,Intrinsic,100,0.25,0.86,0.61,0.92,0.35,-0.57
subj_39,kick something,think about something,sit down,Direct,11,0.4,0.9,0.5,0.84,0.53,-0.31
subj_39,kick something,think about something,sit down,Intrinsic,0,0.4,0.9,0.5,0.84,0.53,-0.31
subj_39,reach for something,become hungry,kick something,Direct,0,0.18,0.83,0.65,0.62,0.49,-0.14
subj_39,reach for something,become hungry,kick something,Intrinsic,77,0.18,0.83,0.65,0.62,0.49,-0.14
subj_39,become hungry,take a walk,feel scared,Direct,0,0.14,0.79,0.65,0.79,0.58,-0.2
subj_39,become hungry,take a walk,feel scared,Intrinsic,100,0.14,0.79,0.65,0.79,0.58,-0.2
subj_39,jump up and down,see something,sit down,Direct,25,0.28,0.91,0.63,1,0.3,-0.7
subj_39,jump up and down,see something,sit down,Intrinsic,50,0.28,0.91,0.63,1,0.3,-0.7
subj_39,experience pain,kick something,get tired,Direct,95,0.07,0.72,0.65,0.47,0.51,0.04
subj_39,experience pain,kick something,get tired,Intrinsic,76,0.07,0.72,0.65,0.47,0.51,0.04
subj_39,think about something,get sick,remember something,Direct,50,0.23,1,0.77,0.01,0,-0.01
subj_39,think about something,get sick,remember something,Intrinsic,24,0.23,1,0.77,0.01,0,-0.01
subj_40,sit down,experience pain,jump up and down,Direct,24,0.08,0.87,0.79,0.61,0.3,-0.31
subj_40,sit down,experience pain,jump up and down,Intrinsic,78,0.08,0.87,0.79,0.61,0.3,-0.31
subj_40,choose what to do,experience pain,remember something,Direct,78,0.17,0.83,0.66,0.1,0.42,0.32
subj_40,choose what to do,experience pain,remember something,Intrinsic,0,0.17,0.83,0.66,0.1,0.42,0.32
subj_40,reach for something,become hungry,kick something,Direct,0,0.18,0.83,0.65,0.62,0.49,-0.14
subj_40,reach for something,become hungry,kick something,Intrinsic,76,0.18,0.83,0.65,0.62,0.49,-0.14
subj_40,get sick,see something,get tired,Direct,25,0.4,0.95,0.55,0.42,0.37,-0.06
subj_40,get sick,see something,get tired,Intrinsic,25,0.4,0.95,0.55,0.42,0.37,-0.06
subj_40,feel scared,see something,get tired,Direct,26,0.06,0.78,0.71,0.58,0.5,-0.08
subj_40,feel scared,see something,get tired,Intrinsic,76,0.06,0.78,0.71,0.58,0.5,-0.08
subj_40,see something,take a walk,hear something,Direct,77,0.17,0.86,0.69,0.46,0.05,-0.41
subj_40,see something,take a walk,hear something,Intrinsic,100,0.17,0.86,0.69,0.46,0.05,-0.41
subj_40,take a walk,think about something,sit down,Direct,0,0.25,0.86,0.61,0.92,0.35,-0.57
subj_40,take a walk,think about something,sit down,Intrinsic,76,0.25,0.86,0.61,0.92,0.35,-0.57
subj_40,think about something,get sick,remember something,Direct,0,0.23,1,0.77,0.01,0,-0.01
subj_40,think about something,get sick,remember something,Intrinsic,23,0.23,1,0.77,0.01,0,-0.01
subj_40,become hungry,take a walk,feel scared,Direct,0,0.14,0.79,0.65,0.79,0.58,-0.2
subj_40,become hungry,take a walk,feel scared,Intrinsic,100,0.14,0.79,0.65,0.79,0.58,-0.2
subj_40,experience pain,kick something,get tired,Direct,23,0.07,0.72,0.65,0.47,0.51,0.04
subj_40,experience pain,kick something,get tired,Intrinsic,23,0.07,0.72,0.65,0.47,0.51,0.04
subj_40,remember something,take a walk,think about something,Direct,24,0.22,0.91,0.69,0,0,0
subj_40,remember something,take a walk,think about something,Intrinsic,22,0.22,0.91,0.69,0,0,0
subj_40,jump up and down,see something,sit down,Direct,22,0.28,0.91,0.63,1,0.3,-0.7
subj_40,jump up and down,see something,sit down,Intrinsic,75,0.28,0.91,0.63,1,0.3,-0.7
subj_40,hear something,take a walk,see something,Direct,76,0.23,0.86,0.62,0.49,0.05,-0.44
subj_40,hear something,take a walk,see something,Intrinsic,98,0.23,0.86,0.62,0.49,0.05,-0.44
subj_40,kick something,think about something,sit down,Direct,24,0.4,0.9,0.5,0.84,0.53,-0.31
subj_40,kick something,think about something,sit down,Intrinsic,77,0.4,0.9,0.5,0.84,0.53,-0.31
subj_40,get tired,jump up and down,feel scared,Direct,25,0.04,0.78,0.73,0.47,0.5,0.03
subj_40,get tired,jump up and down,feel scared,Intrinsic,76,0.04,0.78,0.73,0.47,0.5,0.03
subj_41,become hungry,take a walk,feel scared,Direct,0,0.14,0.79,0.65,0.79,0.58,-0.2
subj_41,become hungry,take a walk,feel scared,Intrinsic,75,0.14,0.79,0.65,0.79,0.58,-0.2
subj_41,get tired,jump up and down,feel scared,Direct,0,0.04,0.78,0.73,0.47,0.5,0.03
subj_41,get tired,jump up and down,feel scared,Intrinsic,22,0.04,0.78,0.73,0.47,0.5,0.03
subj_41,take a walk,think about something,sit down,Direct,12,0.25,0.86,0.61,0.92,0.35,-0.57
subj_41,take a walk,think about something,sit down,Intrinsic,86,0.25,0.86,0.61,0.92,0.35,-0.57
subj_41,sit down,experience pain,jump up and down,Direct,0,0.08,0.87,0.79,0.61,0.3,-0.31
subj_41,sit down,experience pain,jump up and down,Intrinsic,25,0.08,0.87,0.79,0.61,0.3,-0.31
subj_41,choose what to do,experience pain,remember something,Direct,9,0.17,0.83,0.66,0.1,0.42,0.32
subj_41,choose what to do,experience pain,remember something,Intrinsic,31,0.17,0.83,0.66,0.1,0.42,0.32
subj_41,remember something,take a walk,think about something,Direct,5,0.22,0.91,0.69,0,0,0
subj_41,remember something,take a walk,think about something,Intrinsic,0,0.22,0.91,0.69,0,0,0
subj_41,get sick,see something,get tired,Direct,25,0.4,0.95,0.55,0.42,0.37,-0.06
subj_41,get sick,see something,get tired,Intrinsic,42,0.4,0.95,0.55,0.42,0.37,-0.06
subj_41,kick something,think about something,sit down,Direct,60,0.4,0.9,0.5,0.84,0.53,-0.31
subj_41,kick something,think about something,sit down,Intrinsic,82,0.4,0.9,0.5,0.84,0.53,-0.31
subj_41,reach for something,become hungry,kick something,Direct,95,0.18,0.83,0.65,0.62,0.49,-0.14
subj_41,reach for something,become hungry,kick something,Intrinsic,39,0.18,0.83,0.65,0.62,0.49,-0.14
subj_41,think about something,get sick,remember something,Direct,0,0.23,1,0.77,0.01,0,-0.01
subj_41,think about something,get sick,remember something,Intrinsic,3,0.23,1,0.77,0.01,0,-0.01
subj_41,hear something,take a walk,see something,Direct,60,0.23,0.86,0.62,0.49,0.05,-0.44
subj_41,hear something,take a walk,see something,Intrinsic,35,0.23,0.86,0.62,0.49,0.05,-0.44
subj_41,jump up and down,see something,sit down,Direct,66,0.28,0.91,0.63,1,0.3,-0.7
subj_41,jump up and down,see something,sit down,Intrinsic,27,0.28,0.91,0.63,1,0.3,-0.7
subj_41,see something,take a walk,hear something,Direct,44,0.17,0.86,0.69,0.46,0.05,-0.41
subj_41,see something,take a walk,hear something,Intrinsic,34,0.17,0.86,0.69,0.46,0.05,-0.41
subj_41,experience pain,kick something,get tired,Direct,84,0.07,0.72,0.65,0.47,0.51,0.04
subj_41,experience pain,kick something,get tired,Intrinsic,57,0.07,0.72,0.65,0.47,0.51,0.04
subj_41,feel scared,see something,get tired,Direct,0,0.06,0.78,0.71,0.58,0.5,-0.08
subj_41,feel scared,see something,get tired,Intrinsic,61,0.06,0.78,0.71,0.58,0.5,-0.08
subj_42,hear something,take a walk,see something,Direct,75,0.23,0.86,0.62,0.49,0.05,-0.44
subj_42,hear something,take a walk,see something,Intrinsic,25,0.23,0.86,0.62,0.49,0.05,-0.44
subj_42,feel scared,see something,get tired,Direct,75,0.06,0.78,0.71,0.58,0.5,-0.08
subj_42,feel scared,see something,get tired,Intrinsic,86,0.06,0.78,0.71,0.58,0.5,-0.08
subj_42,take a walk,think about something,sit down,Direct,0,0.25,0.86,0.61,0.92,0.35,-0.57
subj_42,take a walk,think about something,sit down,Intrinsic,100,0.25,0.86,0.61,0.92,0.35,-0.57
subj_42,reach for something,become hungry,kick something,Direct,25,0.18,0.83,0.65,0.62,0.49,-0.14
subj_42,reach for something,become hungry,kick something,Intrinsic,24,0.18,0.83,0.65,0.62,0.49,-0.14
subj_42,choose what to do,experience pain,remember something,Direct,25,0.17,0.83,0.66,0.1,0.42,0.32
subj_42,choose what to do,experience pain,remember something,Intrinsic,24,0.17,0.83,0.66,0.1,0.42,0.32
subj_42,sit down,experience pain,jump up and down,Direct,25,0.08,0.87,0.79,0.61,0.3,-0.31
subj_42,sit down,experience pain,jump up and down,Intrinsic,77,0.08,0.87,0.79,0.61,0.3,-0.31
subj_42,jump up and down,see something,sit down,Direct,0,0.28,0.91,0.63,1,0.3,-0.7
subj_42,jump up and down,see something,sit down,Intrinsic,74,0.28,0.91,0.63,1,0.3,-0.7
subj_42,remember something,take a walk,think about something,Direct,0,0.22,0.91,0.69,0,0,0
subj_42,remember something,take a walk,think about something,Intrinsic,76,0.22,0.91,0.69,0,0,0
subj_42,think about something,get sick,remember something,Direct,76,0.23,1,0.77,0.01,0,-0.01
subj_42,think about something,get sick,remember something,Intrinsic,24,0.23,1,0.77,0.01,0,-0.01
subj_42,see something,take a walk,hear something,Direct,75,0.17,0.86,0.69,0.46,0.05,-0.41
subj_42,see something,take a walk,hear something,Intrinsic,75,0.17,0.86,0.69,0.46,0.05,-0.41
subj_42,experience pain,kick something,get tired,Direct,87,0.07,0.72,0.65,0.47,0.51,0.04
subj_42,experience pain,kick something,get tired,Intrinsic,100,0.07,0.72,0.65,0.47,0.51,0.04
subj_42,become hungry,take a walk,feel scared,Direct,25,0.14,0.79,0.65,0.79,0.58,-0.2
subj_42,become hungry,take a walk,feel scared,Intrinsic,100,0.14,0.79,0.65,0.79,0.58,-0.2
subj_42,get sick,see something,get tired,Direct,25,0.4,0.95,0.55,0.42,0.37,-0.06
subj_42,get sick,see something,get tired,Intrinsic,75,0.4,0.95,0.55,0.42,0.37,-0.06
subj_42,get tired,jump up and down,feel scared,Direct,77,0.04,0.78,0.73,0.47,0.5,0.03
subj_42,get tired,jump up and down,feel scared,Intrinsic,100,0.04,0.78,0.73,0.47,0.5,0.03
subj_42,kick something,think about something,sit down,Direct,12,0.4,0.9,0.5,0.84,0.53,-0.31
subj_42,kick something,think about something,sit down,Intrinsic,14,0.4,0.9,0.5,0.84,0.53,-0.31
subj_43,jump up and down,see something,sit down,Direct,98,0.28,0.91,0.63,1,0.3,-0.7
subj_43,jump up and down,see something,sit down,Intrinsic,100,0.28,0.91,0.63,1,0.3,-0.7
subj_43,reach for something,become hungry,kick something,Direct,25,0.18,0.83,0.65,0.62,0.49,-0.14
subj_43,reach for something,become hungry,kick something,Intrinsic,75,0.18,0.83,0.65,0.62,0.49,-0.14
subj_43,kick something,think about something,sit down,Direct,0,0.4,0.9,0.5,0.84,0.53,-0.31
subj_43,kick something,think about something,sit down,Intrinsic,75,0.4,0.9,0.5,0.84,0.53,-0.31
subj_43,hear something,take a walk,see something,Direct,75,0.23,0.86,0.62,0.49,0.05,-0.44
subj_43,hear something,take a walk,see something,Intrinsic,100,0.23,0.86,0.62,0.49,0.05,-0.44
subj_43,choose what to do,experience pain,remember something,Direct,99,0.17,0.83,0.66,0.1,0.42,0.32
subj_43,choose what to do,experience pain,remember something,Intrinsic,75,0.17,0.83,0.66,0.1,0.42,0.32
subj_43,get sick,see something,get tired,Direct,3,0.4,0.95,0.55,0.42,0.37,-0.06
subj_43,get sick,see something,get tired,Intrinsic,26,0.4,0.95,0.55,0.42,0.37,-0.06
subj_43,get tired,jump up and down,feel scared,Direct,97,0.04,0.78,0.73,0.47,0.5,0.03
subj_43,get tired,jump up and down,feel scared,Intrinsic,75,0.04,0.78,0.73,0.47,0.5,0.03
subj_43,remember something,take a walk,think about something,Direct,99,0.22,0.91,0.69,0,0,0
subj_43,remember something,take a walk,think about something,Intrinsic,25,0.22,0.91,0.69,0,0,0
subj_43,think about something,get sick,remember something,Direct,77,0.23,1,0.77,0.01,0,-0.01
subj_43,think about something,get sick,remember something,Intrinsic,75,0.23,1,0.77,0.01,0,-0.01
subj_43,see something,take a walk,hear something,Direct,2,0.17,0.86,0.69,0.46,0.05,-0.41
subj_43,see something,take a walk,hear something,Intrinsic,3,0.17,0.86,0.69,0.46,0.05,-0.41
subj_43,sit down,experience pain,jump up and down,Direct,24,0.08,0.87,0.79,0.61,0.3,-0.31
subj_43,sit down,experience pain,jump up and down,Intrinsic,24,0.08,0.87,0.79,0.61,0.3,-0.31
subj_43,experience pain,kick something,get tired,Direct,75,0.07,0.72,0.65,0.47,0.51,0.04
subj_43,experience pain,kick something,get tired,Intrinsic,76,0.07,0.72,0.65,0.47,0.51,0.04
subj_43,become hungry,take a walk,feel scared,Direct,26,0.14,0.79,0.65,0.79,0.58,-0.2
subj_43,become hungry,take a walk,feel scared,Intrinsic,100,0.14,0.79,0.65,0.79,0.58,-0.2
subj_43,feel scared,see something,get tired,Direct,0,0.06,0.78,0.71,0.58,0.5,-0.08
subj_43,feel scared,see something,get tired,Intrinsic,2,0.06,0.78,0.71,0.58,0.5,-0.08
subj_43,take a walk,think about something,sit down,Direct,99,0.25,0.86,0.61,0.92,0.35,-0.57
subj_43,take a walk,think about something,sit down,Intrinsic,76,0.25,0.86,0.61,0.92,0.35,-0.57
subj_44,see something,take a walk,hear something,Direct,2,0.17,0.86,0.69,0.46,0.05,-0.41
subj_44,see something,take a walk,hear something,Intrinsic,74,0.17,0.86,0.69,0.46,0.05,-0.41
subj_44,kick something,think about something,sit down,Direct,16,0.4,0.9,0.5,0.84,0.53,-0.31
subj_44,kick something,think about something,sit down,Intrinsic,50,0.4,0.9,0.5,0.84,0.53,-0.31
subj_44,jump up and down,see something,sit down,Direct,46,0.28,0.91,0.63,1,0.3,-0.7
subj_44,jump up and down,see something,sit down,Intrinsic,74,0.28,0.91,0.63,1,0.3,-0.7
subj_44,sit down,experience pain,jump up and down,Direct,93,0.08,0.87,0.79,0.61,0.3,-0.31
subj_44,sit down,experience pain,jump up and down,Intrinsic,33,0.08,0.87,0.79,0.61,0.3,-0.31
subj_44,take a walk,think about something,sit down,Direct,31,0.25,0.86,0.61,0.92,0.35,-0.57
subj_44,take a walk,think about something,sit down,Intrinsic,79,0.25,0.86,0.61,0.92,0.35,-0.57
subj_44,experience pain,kick something,get tired,Direct,71,0.07,0.72,0.65,0.47,0.51,0.04
subj_44,experience pain,kick something,get tired,Intrinsic,86,0.07,0.72,0.65,0.47,0.51,0.04
subj_44,remember something,take a walk,think about something,Direct,53,0.22,0.91,0.69,0,0,0
subj_44,remember something,take a walk,think about something,Intrinsic,22,0.22,0.91,0.69,0,0,0
subj_44,get sick,see something,get tired,Direct,0,0.4,0.95,0.55,0.42,0.37,-0.06
subj_44,get sick,see something,get tired,Intrinsic,78,0.4,0.95,0.55,0.42,0.37,-0.06
subj_44,reach for something,become hungry,kick something,Direct,21,0.18,0.83,0.65,0.62,0.49,-0.14
subj_44,reach for something,become hungry,kick something,Intrinsic,45,0.18,0.83,0.65,0.62,0.49,-0.14
subj_44,feel scared,see something,get tired,Direct,9,0.06,0.78,0.71,0.58,0.5,-0.08
subj_44,feel scared,see something,get tired,Intrinsic,54,0.06,0.78,0.71,0.58,0.5,-0.08
subj_44,think about something,get sick,remember something,Direct,40,0.23,1,0.77,0.01,0,-0.01
subj_44,think about something,get sick,remember something,Intrinsic,11,0.23,1,0.77,0.01,0,-0.01
subj_44,hear something,take a walk,see something,Direct,45,0.23,0.86,0.62,0.49,0.05,-0.44
subj_44,hear something,take a walk,see something,Intrinsic,86,0.23,0.86,0.62,0.49,0.05,-0.44
subj_44,choose what to do,experience pain,remember something,Direct,3,0.17,0.83,0.66,0.1,0.42,0.32
subj_44,choose what to do,experience pain,remember something,Intrinsic,40,0.17,0.83,0.66,0.1,0.42,0.32
subj_44,become hungry,take a walk,feel scared,Direct,8,0.14,0.79,0.65,0.79,0.58,-0.2
subj_44,become hungry,take a walk,feel scared,Intrinsic,84,0.14,0.79,0.65,0.79,0.58,-0.2
subj_44,get tired,jump up and down,feel scared,Direct,3,0.04,0.78,0.73,0.47,0.5,0.03
subj_44,get tired,jump up and down,feel scared,Intrinsic,25,0.04,0.78,0.73,0.47,0.5,0.03
subj_45,choose what to do,experience pain,remember something,Direct,10,0.17,0.83,0.66,0.1,0.42,0.32
subj_45,choose what to do,experience pain,remember something,Intrinsic,74,0.17,0.83,0.66,0.1,0.42,0.32
subj_45,take a walk,think about something,sit down,Direct,19,0.25,0.86,0.61,0.92,0.35,-0.57
subj_45,take a walk,think about something,sit down,Intrinsic,47,0.25,0.86,0.61,0.92,0.35,-0.57
subj_45,feel scared,see something,get tired,Direct,32,0.06,0.78,0.71,0.58,0.5,-0.08
subj_45,feel scared,see something,get tired,Intrinsic,75,0.06,0.78,0.71,0.58,0.5,-0.08
subj_45,remember something,take a walk,think about something,Direct,34,0.22,0.91,0.69,0,0,0
subj_45,remember something,take a walk,think about something,Intrinsic,24,0.22,0.91,0.69,0,0,0
subj_45,get tired,jump up and down,feel scared,Direct,31,0.04,0.78,0.73,0.47,0.5,0.03
subj_45,get tired,jump up and down,feel scared,Intrinsic,13,0.04,0.78,0.73,0.47,0.5,0.03
subj_45,experience pain,kick something,get tired,Direct,59,0.07,0.72,0.65,0.47,0.51,0.04
subj_45,experience pain,kick something,get tired,Intrinsic,60,0.07,0.72,0.65,0.47,0.51,0.04
subj_45,reach for something,become hungry,kick something,Direct,16,0.18,0.83,0.65,0.62,0.49,-0.14
subj_45,reach for something,become hungry,kick something,Intrinsic,59,0.18,0.83,0.65,0.62,0.49,-0.14
subj_45,think about something,get sick,remember something,Direct,25,0.23,1,0.77,0.01,0,-0.01
subj_45,think about something,get sick,remember something,Intrinsic,14,0.23,1,0.77,0.01,0,-0.01
subj_45,see something,take a walk,hear something,Direct,43,0.17,0.86,0.69,0.46,0.05,-0.41
subj_45,see something,take a walk,hear something,Intrinsic,18,0.17,0.86,0.69,0.46,0.05,-0.41
subj_45,kick something,think about something,sit down,Direct,55,0.4,0.9,0.5,0.84,0.53,-0.31
subj_45,kick something,think about something,sit down,Intrinsic,37,0.4,0.9,0.5,0.84,0.53,-0.31
subj_45,sit down,experience pain,jump up and down,Direct,40,0.08,0.87,0.79,0.61,0.3,-0.31
subj_45,sit down,experience pain,jump up and down,Intrinsic,58,0.08,0.87,0.79,0.61,0.3,-0.31
subj_45,become hungry,take a walk,feel scared,Direct,7,0.14,0.79,0.65,0.79,0.58,-0.2
subj_45,become hungry,take a walk,feel scared,Intrinsic,88,0.14,0.79,0.65,0.79,0.58,-0.2
subj_45,hear something,take a walk,see something,Direct,70,0.23,0.86,0.62,0.49,0.05,-0.44
subj_45,hear something,take a walk,see something,Intrinsic,76,0.23,0.86,0.62,0.49,0.05,-0.44
subj_45,get sick,see something,get tired,Direct,18,0.4,0.95,0.55,0.42,0.37,-0.06
subj_45,get sick,see something,get tired,Intrinsic,81,0.4,0.95,0.55,0.42,0.37,-0.06
subj_45,jump up and down,see something,sit down,Direct,0,0.28,0.91,0.63,1,0.3,-0.7
subj_45,jump up and down,see something,sit down,Intrinsic,85,0.28,0.91,0.63,1,0.3,-0.7
subj_46,get tired,jump up and down,feel scared,Direct,73,0.04,0.78,0.73,0.47,0.5,0.03
subj_46,get tired,jump up and down,feel scared,Intrinsic,75,0.04,0.78,0.73,0.47,0.5,0.03
subj_46,choose what to do,experience pain,remember something,Direct,0,0.17,0.83,0.66,0.1,0.42,0.32
subj_46,choose what to do,experience pain,remember something,Intrinsic,25,0.17,0.83,0.66,0.1,0.42,0.32
subj_46,reach for something,become hungry,kick something,Direct,75,0.18,0.83,0.65,0.62,0.49,-0.14
subj_46,reach for something,become hungry,kick something,Intrinsic,75,0.18,0.83,0.65,0.62,0.49,-0.14
subj_46,think about something,get sick,remember something,Direct,70,0.23,1,0.77,0.01,0,-0.01
subj_46,think about something,get sick,remember something,Intrinsic,75,0.23,1,0.77,0.01,0,-0.01
subj_46,experience pain,kick something,get tired,Direct,74,0.07,0.72,0.65,0.47,0.51,0.04
subj_46,experience pain,kick something,get tired,Intrinsic,25,0.07,0.72,0.65,0.47,0.51,0.04
subj_46,remember something,take a walk,think about something,Direct,74,0.22,0.91,0.69,0,0,0
subj_46,remember something,take a walk,think about something,Intrinsic,25,0.22,0.91,0.69,0,0,0
subj_46,take a walk,think about something,sit down,Direct,73,0.25,0.86,0.61,0.92,0.35,-0.57
subj_46,take a walk,think about something,sit down,Intrinsic,25,0.25,0.86,0.61,0.92,0.35,-0.57
subj_46,become hungry,take a walk,feel scared,Direct,22,0.14,0.79,0.65,0.79,0.58,-0.2
subj_46,become hungry,take a walk,feel scared,Intrinsic,74,0.14,0.79,0.65,0.79,0.58,-0.2
subj_46,hear something,take a walk,see something,Direct,0,0.23,0.86,0.62,0.49,0.05,-0.44
subj_46,hear something,take a walk,see something,Intrinsic,75,0.23,0.86,0.62,0.49,0.05,-0.44
subj_46,jump up and down,see something,sit down,Direct,25,0.28,0.91,0.63,1,0.3,-0.7
subj_46,jump up and down,see something,sit down,Intrinsic,24,0.28,0.91,0.63,1,0.3,-0.7
subj_46,see something,take a walk,hear something,Direct,25,0.17,0.86,0.69,0.46,0.05,-0.41
subj_46,see something,take a walk,hear something,Intrinsic,75,0.17,0.86,0.69,0.46,0.05,-0.41
subj_46,kick something,think about something,sit down,Direct,74,0.4,0.9,0.5,0.84,0.53,-0.31
subj_46,kick something,think about something,sit down,Intrinsic,26,0.4,0.9,0.5,0.84,0.53,-0.31
subj_46,feel scared,see something,get tired,Direct,50,0.06,0.78,0.71,0.58,0.5,-0.08
subj_46,feel scared,see something,get tired,Intrinsic,24,0.06,0.78,0.71,0.58,0.5,-0.08
subj_46,sit down,experience pain,jump up and down,Direct,75,0.08,0.87,0.79,0.61,0.3,-0.31
subj_46,sit down,experience pain,jump up and down,Intrinsic,24,0.08,0.87,0.79,0.61,0.3,-0.31
subj_46,get sick,see something,get tired,Direct,24,0.4,0.95,0.55,0.42,0.37,-0.06
subj_46,get sick,see something,get tired,Intrinsic,26,0.4,0.95,0.55,0.42,0.37,-0.06
subj_47,become hungry,take a walk,feel scared,Direct,22,0.14,0.79,0.65,0.79,0.58,-0.2
subj_47,become hungry,take a walk,feel scared,Intrinsic,100,0.14,0.79,0.65,0.79,0.58,-0.2
subj_47,reach for something,become hungry,kick something,Direct,35,0.18,0.83,0.65,0.62,0.49,-0.14
subj_47,reach for something,become hungry,kick something,Intrinsic,16,0.18,0.83,0.65,0.62,0.49,-0.14
subj_47,take a walk,think about something,sit down,Direct,25,0.25,0.86,0.61,0.92,0.35,-0.57
subj_47,take a walk,think about something,sit down,Intrinsic,72,0.25,0.86,0.61,0.92,0.35,-0.57
subj_47,feel scared,see something,get tired,Direct,13,0.06,0.78,0.71,0.58,0.5,-0.08
subj_47,feel scared,see something,get tired,Intrinsic,39,0.06,0.78,0.71,0.58,0.5,-0.08
subj_47,hear something,take a walk,see something,Direct,25,0.23,0.86,0.62,0.49,0.05,-0.44
subj_47,hear something,take a walk,see something,Intrinsic,65,0.23,0.86,0.62,0.49,0.05,-0.44
subj_47,see something,take a walk,hear something,Direct,14,0.17,0.86,0.69,0.46,0.05,-0.41
subj_47,see something,take a walk,hear something,Intrinsic,37,0.17,0.86,0.69,0.46,0.05,-0.41
subj_47,remember something,take a walk,think about something,Direct,77,0.22,0.91,0.69,0,0,0
subj_47,remember something,take a walk,think about something,Intrinsic,5,0.22,0.91,0.69,0,0,0
subj_47,jump up and down,see something,sit down,Direct,0,0.28,0.91,0.63,1,0.3,-0.7
subj_47,jump up and down,see something,sit down,Intrinsic,29,0.28,0.91,0.63,1,0.3,-0.7
subj_47,get sick,see something,get tired,Direct,35,0.4,0.95,0.55,0.42,0.37,-0.06
subj_47,get sick,see something,get tired,Intrinsic,40,0.4,0.95,0.55,0.42,0.37,-0.06
subj_47,sit down,experience pain,jump up and down,Direct,11,0.08,0.87,0.79,0.61,0.3,-0.31
subj_47,sit down,experience pain,jump up and down,Intrinsic,0,0.08,0.87,0.79,0.61,0.3,-0.31
subj_47,think about something,get sick,remember something,Direct,14,0.23,1,0.77,0.01,0,-0.01
subj_47,think about something,get sick,remember something,Intrinsic,0,0.23,1,0.77,0.01,0,-0.01
subj_47,get tired,jump up and down,feel scared,Direct,0,0.04,0.78,0.73,0.47,0.5,0.03
subj_47,get tired,jump up and down,feel scared,Intrinsic,60,0.04,0.78,0.73,0.47,0.5,0.03
subj_47,experience pain,kick something,get tired,Direct,34,0.07,0.72,0.65,0.47,0.51,0.04
subj_47,experience pain,kick something,get tired,Intrinsic,38,0.07,0.72,0.65,0.47,0.51,0.04
subj_47,choose what to do,experience pain,remember something,Direct,16,0.17,0.83,0.66,0.1,0.42,0.32
subj_47,choose what to do,experience pain,remember something,Intrinsic,38,0.17,0.83,0.66,0.1,0.42,0.32
subj_47,kick something,think about something,sit down,Direct,78,0.4,0.9,0.5,0.84,0.53,-0.31
subj_47,kick something,think about something,sit down,Intrinsic,69,0.4,0.9,0.5,0.84,0.53,-0.31
subj_48,reach for something,become hungry,kick something,Direct,50,0.18,0.83,0.65,0.62,0.49,-0.14
subj_48,reach for something,become hungry,kick something,Intrinsic,26,0.18,0.83,0.65,0.62,0.49,-0.14
subj_48,think about something,get sick,remember something,Direct,0,0.23,1,0.77,0.01,0,-0.01
subj_48,think about something,get sick,remember something,Intrinsic,50,0.23,1,0.77,0.01,0,-0.01
subj_48,hear something,take a walk,see something,Direct,0,0.23,0.86,0.62,0.49,0.05,-0.44
subj_48,hear something,take a walk,see something,Intrinsic,88,0.23,0.86,0.62,0.49,0.05,-0.44
subj_48,take a walk,think about something,sit down,Direct,76,0.25,0.86,0.61,0.92,0.35,-0.57
subj_48,take a walk,think about something,sit down,Intrinsic,83,0.25,0.86,0.61,0.92,0.35,-0.57
subj_48,sit down,experience pain,jump up and down,Direct,50,0.08,0.87,0.79,0.61,0.3,-0.31
subj_48,sit down,experience pain,jump up and down,Intrinsic,77,0.08,0.87,0.79,0.61,0.3,-0.31
subj_48,become hungry,take a walk,feel scared,Direct,9,0.14,0.79,0.65,0.79,0.58,-0.2
subj_48,become hungry,take a walk,feel scared,Intrinsic,41,0.14,0.79,0.65,0.79,0.58,-0.2
subj_48,get sick,see something,get tired,Direct,28,0.4,0.95,0.55,0.42,0.37,-0.06
subj_48,get sick,see something,get tired,Intrinsic,61,0.4,0.95,0.55,0.42,0.37,-0.06
subj_48,get tired,jump up and down,feel scared,Direct,7,0.04,0.78,0.73,0.47,0.5,0.03
subj_48,get tired,jump up and down,feel scared,Intrinsic,44,0.04,0.78,0.73,0.47,0.5,0.03
subj_48,jump up and down,see something,sit down,Direct,4,0.28,0.91,0.63,1,0.3,-0.7
subj_48,jump up and down,see something,sit down,Intrinsic,55,0.28,0.91,0.63,1,0.3,-0.7
subj_48,kick something,think about something,sit down,Direct,0,0.4,0.9,0.5,0.84,0.53,-0.31
subj_48,kick something,think about something,sit down,Intrinsic,50,0.4,0.9,0.5,0.84,0.53,-0.31
subj_48,see something,take a walk,hear something,Direct,7,0.17,0.86,0.69,0.46,0.05,-0.41
subj_48,see something,take a walk,hear something,Intrinsic,76,0.17,0.86,0.69,0.46,0.05,-0.41
subj_48,feel scared,see something,get tired,Direct,27,0.06,0.78,0.71,0.58,0.5,-0.08
subj_48,feel scared,see something,get tired,Intrinsic,67,0.06,0.78,0.71,0.58,0.5,-0.08
subj_48,choose what to do,experience pain,remember something,Direct,37,0.17,0.83,0.66,0.1,0.42,0.32
subj_48,choose what to do,experience pain,remember something,Intrinsic,13,0.17,0.83,0.66,0.1,0.42,0.32
subj_48,experience pain,kick something,get tired,Direct,3,0.07,0.72,0.65,0.47,0.51,0.04
subj_48,experience pain,kick something,get tired,Intrinsic,60,0.07,0.72,0.65,0.47,0.51,0.04
subj_48,remember something,take a walk,think about something,Direct,0,0.22,0.91,0.69,0,0,0
subj_48,remember something,take a walk,think about something,Intrinsic,16,0.22,0.91,0.69,0,0,0
subj_49,hear something,take a walk,see something,Direct,1,0.23,0.86,0.62,0.49,0.05,-0.44
subj_49,hear something,take a walk,see something,Intrinsic,86,0.23,0.86,0.62,0.49,0.05,-0.44
subj_49,see something,take a walk,hear something,Direct,2,0.17,0.86,0.69,0.46,0.05,-0.41
subj_49,see something,take a walk,hear something,Intrinsic,17,0.17,0.86,0.69,0.46,0.05,-0.41
subj_49,remember something,take a walk,think about something,Direct,0,0.22,0.91,0.69,0,0,0
subj_49,remember something,take a walk,think about something,Intrinsic,13,0.22,0.91,0.69,0,0,0
subj_49,take a walk,think about something,sit down,Direct,14,0.25,0.86,0.61,0.92,0.35,-0.57
subj_49,take a walk,think about something,sit down,Intrinsic,87,0.25,0.86,0.61,0.92,0.35,-0.57
subj_49,experience pain,kick something,get tired,Direct,10,0.07,0.72,0.65,0.47,0.51,0.04
subj_49,experience pain,kick something,get tired,Intrinsic,73,0.07,0.72,0.65,0.47,0.51,0.04
subj_49,sit down,experience pain,jump up and down,Direct,76,0.08,0.87,0.79,0.61,0.3,-0.31
subj_49,sit down,experience pain,jump up and down,Intrinsic,24,0.08,0.87,0.79,0.61,0.3,-0.31
subj_49,become hungry,take a walk,feel scared,Direct,75,0.14,0.79,0.65,0.79,0.58,-0.2
subj_49,become hungry,take a walk,feel scared,Intrinsic,86,0.14,0.79,0.65,0.79,0.58,-0.2
subj_49,jump up and down,see something,sit down,Direct,18,0.28,0.91,0.63,1,0.3,-0.7
subj_49,jump up and down,see something,sit down,Intrinsic,76,0.28,0.91,0.63,1,0.3,-0.7
subj_49,get sick,see something,get tired,Direct,13,0.4,0.95,0.55,0.42,0.37,-0.06
subj_49,get sick,see something,get tired,Intrinsic,88,0.4,0.95,0.55,0.42,0.37,-0.06
subj_49,feel scared,see something,get tired,Direct,11,0.06,0.78,0.71,0.58,0.5,-0.08
subj_49,feel scared,see something,get tired,Intrinsic,42,0.06,0.78,0.71,0.58,0.5,-0.08
subj_49,reach for something,become hungry,kick something,Direct,29,0.18,0.83,0.65,0.62,0.49,-0.14
subj_49,reach for something,become hungry,kick something,Intrinsic,26,0.18,0.83,0.65,0.62,0.49,-0.14
subj_49,think about something,get sick,remember something,Direct,13,0.23,1,0.77,0.01,0,-0.01
subj_49,think about something,get sick,remember something,Intrinsic,25,0.23,1,0.77,0.01,0,-0.01
subj_49,choose what to do,experience pain,remember something,Direct,10,0.17,0.83,0.66,0.1,0.42,0.32
subj_49,choose what to do,experience pain,remember something,Intrinsic,17,0.17,0.83,0.66,0.1,0.42,0.32
subj_49,get tired,jump up and down,feel scared,Direct,86,0.04,0.78,0.73,0.47,0.5,0.03
subj_49,get tired,jump up and down,feel scared,Intrinsic,12,0.04,0.78,0.73,0.47,0.5,0.03
subj_49,kick something,think about something,sit down,Direct,36,0.4,0.9,0.5,0.84,0.53,-0.31
subj_49,kick something,think about something,sit down,Intrinsic,13,0.4,0.9,0.5,0.84,0.53,-0.31
subj_50,feel scared,see something,get tired,Direct,11,0.06,0.78,0.71,0.58,0.5,-0.08
subj_50,feel scared,see something,get tired,Intrinsic,86,0.06,0.78,0.71,0.58,0.5,-0.08
subj_50,sit down,experience pain,jump up and down,Direct,25,0.08,0.87,0.79,0.61,0.3,-0.31
subj_50,sit down,experience pain,jump up and down,Intrinsic,88,0.08,0.87,0.79,0.61,0.3,-0.31
subj_50,become hungry,take a walk,feel scared,Direct,24,0.14,0.79,0.65,0.79,0.58,-0.2
subj_50,become hungry,take a walk,feel scared,Intrinsic,86,0.14,0.79,0.65,0.79,0.58,-0.2
subj_50,experience pain,kick something,get tired,Direct,50,0.07,0.72,0.65,0.47,0.51,0.04
subj_50,experience pain,kick something,get tired,Intrinsic,75,0.07,0.72,0.65,0.47,0.51,0.04
subj_50,hear something,take a walk,see something,Direct,13,0.23,0.86,0.62,0.49,0.05,-0.44
subj_50,hear something,take a walk,see something,Intrinsic,86,0.23,0.86,0.62,0.49,0.05,-0.44
subj_50,get sick,see something,get tired,Direct,25,0.4,0.95,0.55,0.42,0.37,-0.06
subj_50,get sick,see something,get tired,Intrinsic,26,0.4,0.95,0.55,0.42,0.37,-0.06
subj_50,kick something,think about something,sit down,Direct,25,0.4,0.9,0.5,0.84,0.53,-0.31
subj_50,kick something,think about something,sit down,Intrinsic,23,0.4,0.9,0.5,0.84,0.53,-0.31
subj_50,remember something,take a walk,think about something,Direct,37,0.22,0.91,0.69,0,0,0
subj_50,remember something,take a walk,think about something,Intrinsic,24,0.22,0.91,0.69,0,0,0
subj_50,take a walk,think about something,sit down,Direct,75,0.25,0.86,0.61,0.92,0.35,-0.57
subj_50,take a walk,think about something,sit down,Intrinsic,85,0.25,0.86,0.61,0.92,0.35,-0.57
subj_50,think about something,get sick,remember something,Direct,24,0.23,1,0.77,0.01,0,-0.01
subj_50,think about something,get sick,remember something,Intrinsic,76,0.23,1,0.77,0.01,0,-0.01
subj_50,jump up and down,see something,sit down,Direct,73,0.28,0.91,0.63,1,0.3,-0.7
subj_50,jump up and down,see something,sit down,Intrinsic,75,0.28,0.91,0.63,1,0.3,-0.7
subj_50,see something,take a walk,hear something,Direct,0,0.17,0.86,0.69,0.46,0.05,-0.41
subj_50,see something,take a walk,hear something,Intrinsic,75,0.17,0.86,0.69,0.46,0.05,-0.41
subj_50,get tired,jump up and down,feel scared,Direct,0,0.04,0.78,0.73,0.47,0.5,0.03
subj_50,get tired,jump up and down,feel scared,Intrinsic,60,0.04,0.78,0.73,0.47,0.5,0.03
subj_50,reach for something,become hungry,kick something,Direct,76,0.18,0.83,0.65,0.62,0.49,-0.14
subj_50,reach for something,become hungry,kick something,Intrinsic,11,0.18,0.83,0.65,0.62,0.49,-0.14
subj_50,choose what to do,experience pain,remember something,Direct,75,0.17,0.83,0.66,0.1,0.42,0.32
subj_50,choose what to do,experience pain,remember something,Intrinsic,25,0.17,0.83,0.66,0.1,0.42,0.32
subj_51,experience pain,kick something,get tired,Direct,78,0.07,0.72,0.65,0.47,0.51,0.04
subj_51,experience pain,kick something,get tired,Intrinsic,75,0.07,0.72,0.65,0.47,0.51,0.04
subj_51,remember something,take a walk,think about something,Direct,24,0.22,0.91,0.69,0,0,0
subj_51,remember something,take a walk,think about something,Intrinsic,24,0.22,0.91,0.69,0,0,0
subj_51,think about something,get sick,remember something,Direct,0,0.23,1,0.77,0.01,0,-0.01
subj_51,think about something,get sick,remember something,Intrinsic,38,0.23,1,0.77,0.01,0,-0.01
subj_51,take a walk,think about something,sit down,Direct,75,0.25,0.86,0.61,0.92,0.35,-0.57
subj_51,take a walk,think about something,sit down,Intrinsic,59,0.25,0.86,0.61,0.92,0.35,-0.57
subj_51,jump up and down,see something,sit down,Direct,21,0.28,0.91,0.63,1,0.3,-0.7
subj_51,jump up and down,see something,sit down,Intrinsic,35,0.28,0.91,0.63,1,0.3,-0.7
subj_51,get tired,jump up and down,feel scared,Direct,24,0.04,0.78,0.73,0.47,0.5,0.03
subj_51,get tired,jump up and down,feel scared,Intrinsic,24,0.04,0.78,0.73,0.47,0.5,0.03
subj_51,hear something,take a walk,see something,Direct,26,0.23,0.86,0.62,0.49,0.05,-0.44
subj_51,hear something,take a walk,see something,Intrinsic,75,0.23,0.86,0.62,0.49,0.05,-0.44
subj_51,sit down,experience pain,jump up and down,Direct,61,0.08,0.87,0.79,0.61,0.3,-0.31
subj_51,sit down,experience pain,jump up and down,Intrinsic,75,0.08,0.87,0.79,0.61,0.3,-0.31
subj_51,choose what to do,experience pain,remember something,Direct,15,0.17,0.83,0.66,0.1,0.42,0.32
subj_51,choose what to do,experience pain,remember something,Intrinsic,38,0.17,0.83,0.66,0.1,0.42,0.32
subj_51,reach for something,become hungry,kick something,Direct,30,0.18,0.83,0.65,0.62,0.49,-0.14
subj_51,reach for something,become hungry,kick something,Intrinsic,39,0.18,0.83,0.65,0.62,0.49,-0.14
subj_51,kick something,think about something,sit down,Direct,41,0.4,0.9,0.5,0.84,0.53,-0.31
subj_51,kick something,think about something,sit down,Intrinsic,61,0.4,0.9,0.5,0.84,0.53,-0.31
subj_51,become hungry,take a walk,feel scared,Direct,14,0.14,0.79,0.65,0.79,0.58,-0.2
subj_51,become hungry,take a walk,feel scared,Intrinsic,65,0.14,0.79,0.65,0.79,0.58,-0.2
subj_51,see something,take a walk,hear something,Direct,71,0.17,0.86,0.69,0.46,0.05,-0.41
subj_51,see something,take a walk,hear something,Intrinsic,61,0.17,0.86,0.69,0.46,0.05,-0.41
subj_51,feel scared,see something,get tired,Direct,14,0.06,0.78,0.71,0.58,0.5,-0.08
subj_51,feel scared,see something,get tired,Intrinsic,30,0.06,0.78,0.71,0.58,0.5,-0.08
subj_51,get sick,see something,get tired,Direct,67,0.4,0.95,0.55,0.42,0.37,-0.06
subj_51,get sick,see something,get tired,Intrinsic,36,0.4,0.95,0.55,0.42,0.37,-0.06
subj_52,hear something,take a walk,see something,Direct,24,0.23,0.86,0.62,0.49,0.05,-0.44
subj_52,hear something,take a walk,see something,Intrinsic,100,0.23,0.86,0.62,0.49,0.05,-0.44
subj_52,remember something,take a walk,think about something,Direct,24,0.22,0.91,0.69,0,0,0
subj_52,remember something,take a walk,think about something,Intrinsic,0,0.22,0.91,0.69,0,0,0
subj_52,see something,take a walk,hear something,Direct,23,0.17,0.86,0.69,0.46,0.05,-0.41
subj_52,see something,take a walk,hear something,Intrinsic,25,0.17,0.86,0.69,0.46,0.05,-0.41
subj_52,get sick,see something,get tired,Direct,75,0.4,0.95,0.55,0.42,0.37,-0.06
subj_52,get sick,see something,get tired,Intrinsic,100,0.4,0.95,0.55,0.42,0.37,-0.06
subj_52,get tired,jump up and down,feel scared,Direct,0,0.04,0.78,0.73,0.47,0.5,0.03
subj_52,get tired,jump up and down,feel scared,Intrinsic,0,0.04,0.78,0.73,0.47,0.5,0.03
subj_52,reach for something,become hungry,kick something,Direct,75,0.18,0.83,0.65,0.62,0.49,-0.14
subj_52,reach for something,become hungry,kick something,Intrinsic,0,0.18,0.83,0.65,0.62,0.49,-0.14
subj_52,experience pain,kick something,get tired,Direct,75,0.07,0.72,0.65,0.47,0.51,0.04
subj_52,experience pain,kick something,get tired,Intrinsic,100,0.07,0.72,0.65,0.47,0.51,0.04
subj_52,take a walk,think about something,sit down,Direct,0,0.25,0.86,0.61,0.92,0.35,-0.57
subj_52,take a walk,think about something,sit down,Intrinsic,76,0.25,0.86,0.61,0.92,0.35,-0.57
subj_52,think about something,get sick,remember something,Direct,26,0.23,1,0.77,0.01,0,-0.01
subj_52,think about something,get sick,remember something,Intrinsic,0,0.23,1,0.77,0.01,0,-0.01
subj_52,become hungry,take a walk,feel scared,Direct,0,0.14,0.79,0.65,0.79,0.58,-0.2
subj_52,become hungry,take a walk,feel scared,Intrinsic,74,0.14,0.79,0.65,0.79,0.58,-0.2
subj_52,choose what to do,experience pain,remember something,Direct,75,0.17,0.83,0.66,0.1,0.42,0.32
subj_52,choose what to do,experience pain,remember something,Intrinsic,25,0.17,0.83,0.66,0.1,0.42,0.32
subj_52,kick something,think about something,sit down,Direct,25,0.4,0.9,0.5,0.84,0.53,-0.31
subj_52,kick something,think about something,sit down,Intrinsic,24,0.4,0.9,0.5,0.84,0.53,-0.31
subj_52,jump up and down,see something,sit down,Direct,0,0.28,0.91,0.63,1,0.3,-0.7
subj_52,jump up and down,see something,sit down,Intrinsic,25,0.28,0.91,0.63,1,0.3,-0.7
subj_52,feel scared,see something,get tired,Direct,0,0.06,0.78,0.71,0.58,0.5,-0.08
subj_52,feel scared,see something,get tired,Intrinsic,75,0.06,0.78,0.71,0.58,0.5,-0.08
subj_52,sit down,experience pain,jump up and down,Direct,0,0.08,0.87,0.79,0.61,0.3,-0.31
subj_52,sit down,experience pain,jump up and down,Intrinsic,75,0.08,0.87,0.79,0.61,0.3,-0.31
subj_53,sit down,experience pain,jump up and down,Direct,19,0.08,0.87,0.79,0.61,0.3,-0.31
subj_53,sit down,experience pain,jump up and down,Intrinsic,89,0.08,0.87,0.79,0.61,0.3,-0.31
subj_53,think about something,get sick,remember something,Direct,25,0.23,1,0.77,0.01,0,-0.01
subj_53,think about something,get sick,remember something,Intrinsic,22,0.23,1,0.77,0.01,0,-0.01
subj_53,take a walk,think about something,sit down,Direct,73,0.25,0.86,0.61,0.92,0.35,-0.57
subj_53,take a walk,think about something,sit down,Intrinsic,75,0.25,0.86,0.61,0.92,0.35,-0.57
subj_53,choose what to do,experience pain,remember something,Direct,16,0.17,0.83,0.66,0.1,0.42,0.32
subj_53,choose what to do,experience pain,remember something,Intrinsic,5,0.17,0.83,0.66,0.1,0.42,0.32
subj_53,hear something,take a walk,see something,Direct,3,0.23,0.86,0.62,0.49,0.05,-0.44
subj_53,hear something,take a walk,see something,Intrinsic,88,0.23,0.86,0.62,0.49,0.05,-0.44
subj_53,jump up and down,see something,sit down,Direct,0,0.28,0.91,0.63,1,0.3,-0.7
subj_53,jump up and down,see something,sit down,Intrinsic,72,0.28,0.91,0.63,1,0.3,-0.7
subj_53,reach for something,become hungry,kick something,Direct,0,0.18,0.83,0.65,0.62,0.49,-0.14
subj_53,reach for something,become hungry,kick something,Intrinsic,8,0.18,0.83,0.65,0.62,0.49,-0.14
subj_53,become hungry,take a walk,feel scared,Direct,0,0.14,0.79,0.65,0.79,0.58,-0.2
subj_53,become hungry,take a walk,feel scared,Intrinsic,97,0.14,0.79,0.65,0.79,0.58,-0.2
subj_53,remember something,take a walk,think about something,Direct,4,0.22,0.91,0.69,0,0,0
subj_53,remember something,take a walk,think about something,Intrinsic,0,0.22,0.91,0.69,0,0,0
subj_53,experience pain,kick something,get tired,Direct,26,0.07,0.72,0.65,0.47,0.51,0.04
subj_53,experience pain,kick something,get tired,Intrinsic,13,0.07,0.72,0.65,0.47,0.51,0.04
subj_53,feel scared,see something,get tired,Direct,0,0.06,0.78,0.71,0.58,0.5,-0.08
subj_53,feel scared,see something,get tired,Intrinsic,11,0.06,0.78,0.71,0.58,0.5,-0.08
subj_53,see something,take a walk,hear something,Direct,11,0.17,0.86,0.69,0.46,0.05,-0.41
subj_53,see something,take a walk,hear something,Intrinsic,28,0.17,0.86,0.69,0.46,0.05,-0.41
subj_53,get sick,see something,get tired,Direct,34,0.4,0.95,0.55,0.42,0.37,-0.06
subj_53,get sick,see something,get tired,Intrinsic,27,0.4,0.95,0.55,0.42,0.37,-0.06
subj_53,kick something,think about something,sit down,Direct,0,0.4,0.9,0.5,0.84,0.53,-0.31
subj_53,kick something,think about something,sit down,Intrinsic,24,0.4,0.9,0.5,0.84,0.53,-0.31
subj_53,get tired,jump up and down,feel scared,Direct,0,0.04,0.78,0.73,0.47,0.5,0.03
subj_53,get tired,jump up and down,feel scared,Intrinsic,25,0.04,0.78,0.73,0.47,0.5,0.03
subj_55,get tired,jump up and down,feel scared,Direct,26,0.04,0.78,0.73,0.47,0.5,0.03
subj_55,get tired,jump up and down,feel scared,Intrinsic,25,0.04,0.78,0.73,0.47,0.5,0.03
subj_55,sit down,experience pain,jump up and down,Direct,18,0.08,0.87,0.79,0.61,0.3,-0.31
subj_55,sit down,experience pain,jump up and down,Intrinsic,74,0.08,0.87,0.79,0.61,0.3,-0.31
subj_55,remember something,take a walk,think about something,Direct,74,0.22,0.91,0.69,0,0,0
subj_55,remember something,take a walk,think about something,Intrinsic,38,0.22,0.91,0.69,0,0,0
subj_55,hear something,take a walk,see something,Direct,9,0.23,0.86,0.62,0.49,0.05,-0.44
subj_55,hear something,take a walk,see something,Intrinsic,85,0.23,0.86,0.62,0.49,0.05,-0.44
subj_55,get sick,see something,get tired,Direct,83,0.4,0.95,0.55,0.42,0.37,-0.06
subj_55,get sick,see something,get tired,Intrinsic,58,0.4,0.95,0.55,0.42,0.37,-0.06
subj_55,feel scared,see something,get tired,Direct,22,0.06,0.78,0.71,0.58,0.5,-0.08
subj_55,feel scared,see something,get tired,Intrinsic,90,0.06,0.78,0.71,0.58,0.5,-0.08
subj_55,reach for something,become hungry,kick something,Direct,36,0.18,0.83,0.65,0.62,0.49,-0.14
subj_55,reach for something,become hungry,kick something,Intrinsic,34,0.18,0.83,0.65,0.62,0.49,-0.14
subj_55,see something,take a walk,hear something,Direct,4,0.17,0.86,0.69,0.46,0.05,-0.41
subj_55,see something,take a walk,hear something,Intrinsic,20,0.17,0.86,0.69,0.46,0.05,-0.41
subj_55,think about something,get sick,remember something,Direct,71,0.23,1,0.77,0.01,0,-0.01
subj_55,think about something,get sick,remember something,Intrinsic,24,0.23,1,0.77,0.01,0,-0.01
subj_55,become hungry,take a walk,feel scared,Direct,73,0.14,0.79,0.65,0.79,0.58,-0.2
subj_55,become hungry,take a walk,feel scared,Intrinsic,84,0.14,0.79,0.65,0.79,0.58,-0.2
subj_55,jump up and down,see something,sit down,Direct,11,0.28,0.91,0.63,1,0.3,-0.7
subj_55,jump up and down,see something,sit down,Intrinsic,50,0.28,0.91,0.63,1,0.3,-0.7
subj_55,kick something,think about something,sit down,Direct,37,0.4,0.9,0.5,0.84,0.53,-0.31
subj_55,kick something,think about something,sit down,Intrinsic,33,0.4,0.9,0.5,0.84,0.53,-0.31
subj_55,experience pain,kick something,get tired,Direct,20,0.07,0.72,0.65,0.47,0.51,0.04
subj_55,experience pain,kick something,get tired,Intrinsic,32,0.07,0.72,0.65,0.47,0.51,0.04
subj_55,take a walk,think about something,sit down,Direct,40,0.25,0.86,0.61,0.92,0.35,-0.57
subj_55,take a walk,think about something,sit down,Intrinsic,27,0.25,0.86,0.61,0.92,0.35,-0.57
subj_55,choose what to do,experience pain,remember something,Direct,11,0.17,0.83,0.66,0.1,0.42,0.32
subj_55,choose what to do,experience pain,remember something,Intrinsic,66,0.17,0.83,0.66,0.1,0.42,0.32
subj_56,remember something,take a walk,think about something,Direct,76,0.22,0.91,0.69,0,0,0
subj_56,remember something,take a walk,think about something,Intrinsic,0,0.22,0.91,0.69,0,0,0
subj_56,jump up and down,see something,sit down,Direct,26,0.28,0.91,0.63,1,0.3,-0.7
subj_56,jump up and down,see something,sit down,Intrinsic,36,0.28,0.91,0.63,1,0.3,-0.7
subj_56,kick something,think about something,sit down,Direct,0,0.4,0.9,0.5,0.84,0.53,-0.31
subj_56,kick something,think about something,sit down,Intrinsic,3,0.4,0.9,0.5,0.84,0.53,-0.31
subj_56,hear something,take a walk,see something,Direct,0,0.23,0.86,0.62,0.49,0.05,-0.44
subj_56,hear something,take a walk,see something,Intrinsic,0,0.23,0.86,0.62,0.49,0.05,-0.44
subj_56,get sick,see something,get tired,Direct,9,0.4,0.95,0.55,0.42,0.37,-0.06
subj_56,get sick,see something,get tired,Intrinsic,26,0.4,0.95,0.55,0.42,0.37,-0.06
subj_56,get tired,jump up and down,feel scared,Direct,2,0.04,0.78,0.73,0.47,0.5,0.03
subj_56,get tired,jump up and down,feel scared,Intrinsic,0,0.04,0.78,0.73,0.47,0.5,0.03
subj_56,take a walk,think about something,sit down,Direct,0,0.25,0.86,0.61,0.92,0.35,-0.57
subj_56,take a walk,think about something,sit down,Intrinsic,100,0.25,0.86,0.61,0.92,0.35,-0.57
subj_56,become hungry,take a walk,feel scared,Direct,28,0.14,0.79,0.65,0.79,0.58,-0.2
subj_56,become hungry,take a walk,feel scared,Intrinsic,99,0.14,0.79,0.65,0.79,0.58,-0.2
subj_56,sit down,experience pain,jump up and down,Direct,0,0.08,0.87,0.79,0.61,0.3,-0.31
subj_56,sit down,experience pain,jump up and down,Intrinsic,26,0.08,0.87,0.79,0.61,0.3,-0.31
subj_56,think about something,get sick,remember something,Direct,0,0.23,1,0.77,0.01,0,-0.01
subj_56,think about something,get sick,remember something,Intrinsic,0,0.23,1,0.77,0.01,0,-0.01
subj_56,feel scared,see something,get tired,Direct,17,0.06,0.78,0.71,0.58,0.5,-0.08
subj_56,feel scared,see something,get tired,Intrinsic,81,0.06,0.78,0.71,0.58,0.5,-0.08
subj_56,reach for something,become hungry,kick something,Direct,0,0.18,0.83,0.65,0.62,0.49,-0.14
subj_56,reach for something,become hungry,kick something,Intrinsic,13,0.18,0.83,0.65,0.62,0.49,-0.14
subj_56,choose what to do,experience pain,remember something,Direct,63,0.17,0.83,0.66,0.1,0.42,0.32
subj_56,choose what to do,experience pain,remember something,Intrinsic,9,0.17,0.83,0.66,0.1,0.42,0.32
subj_56,experience pain,kick something,get tired,Direct,0,0.07,0.72,0.65,0.47,0.51,0.04
subj_56,experience pain,kick something,get tired,Intrinsic,83,0.07,0.72,0.65,0.47,0.51,0.04
subj_56,see something,take a walk,hear something,Direct,23,0.17,0.86,0.69,0.46,0.05,-0.41
subj_56,see something,take a walk,hear something,Intrinsic,0,0.17,0.86,0.69,0.46,0.05,-0.41
subj_57,kick something,think about something,sit down,Direct,5,0.4,0.9,0.5,0.84,0.53,-0.31
subj_57,kick something,think about something,sit down,Intrinsic,74,0.4,0.9,0.5,0.84,0.53,-0.31
subj_57,get tired,jump up and down,feel scared,Direct,51,0.04,0.78,0.73,0.47,0.5,0.03
subj_57,get tired,jump up and down,feel scared,Intrinsic,80,0.04,0.78,0.73,0.47,0.5,0.03
subj_57,get sick,see something,get tired,Direct,5,0.4,0.95,0.55,0.42,0.37,-0.06
subj_57,get sick,see something,get tired,Intrinsic,32,0.4,0.95,0.55,0.42,0.37,-0.06
subj_57,reach for something,become hungry,kick something,Direct,74,0.18,0.83,0.65,0.62,0.49,-0.14
subj_57,reach for something,become hungry,kick something,Intrinsic,25,0.18,0.83,0.65,0.62,0.49,-0.14
subj_57,hear something,take a walk,see something,Direct,70,0.23,0.86,0.62,0.49,0.05,-0.44
subj_57,hear something,take a walk,see something,Intrinsic,99,0.23,0.86,0.62,0.49,0.05,-0.44
subj_57,remember something,take a walk,think about something,Direct,71,0.22,0.91,0.69,0,0,0
subj_57,remember something,take a walk,think about something,Intrinsic,73,0.22,0.91,0.69,0,0,0
subj_57,feel scared,see something,get tired,Direct,0,0.06,0.78,0.71,0.58,0.5,-0.08
subj_57,feel scared,see something,get tired,Intrinsic,44,0.06,0.78,0.71,0.58,0.5,-0.08
subj_57,take a walk,think about something,sit down,Direct,28,0.25,0.86,0.61,0.92,0.35,-0.57
subj_57,take a walk,think about something,sit down,Intrinsic,100,0.25,0.86,0.61,0.92,0.35,-0.57
subj_57,become hungry,take a walk,feel scared,Direct,27,0.14,0.79,0.65,0.79,0.58,-0.2
subj_57,become hungry,take a walk,feel scared,Intrinsic,95,0.14,0.79,0.65,0.79,0.58,-0.2
subj_57,sit down,experience pain,jump up and down,Direct,27,0.08,0.87,0.79,0.61,0.3,-0.31
subj_57,sit down,experience pain,jump up and down,Intrinsic,75,0.08,0.87,0.79,0.61,0.3,-0.31
subj_57,choose what to do,experience pain,remember something,Direct,97,0.17,0.83,0.66,0.1,0.42,0.32
subj_57,choose what to do,experience pain,remember something,Intrinsic,70,0.17,0.83,0.66,0.1,0.42,0.32
subj_57,see something,take a walk,hear something,Direct,0,0.17,0.86,0.69,0.46,0.05,-0.41
subj_57,see something,take a walk,hear something,Intrinsic,93,0.17,0.86,0.69,0.46,0.05,-0.41
subj_57,jump up and down,see something,sit down,Direct,74,0.28,0.91,0.63,1,0.3,-0.7
subj_57,jump up and down,see something,sit down,Intrinsic,71,0.28,0.91,0.63,1,0.3,-0.7
subj_57,experience pain,kick something,get tired,Direct,25,0.07,0.72,0.65,0.47,0.51,0.04
subj_57,experience pain,kick something,get tired,Intrinsic,52,0.07,0.72,0.65,0.47,0.51,0.04
subj_57,think about something,get sick,remember something,Direct,24,0.23,1,0.77,0.01,0,-0.01
subj_57,think about something,get sick,remember something,Intrinsic,50,0.23,1,0.77,0.01,0,-0.01
subj_58,get tired,jump up and down,feel scared,Direct,27,0.04,0.78,0.73,0.47,0.5,0.03
subj_58,get tired,jump up and down,feel scared,Intrinsic,32,0.04,0.78,0.73,0.47,0.5,0.03
subj_58,kick something,think about something,sit down,Direct,6,0.4,0.9,0.5,0.84,0.53,-0.31
subj_58,kick something,think about something,sit down,Intrinsic,83,0.4,0.9,0.5,0.84,0.53,-0.31
subj_58,experience pain,kick something,get tired,Direct,13,0.07,0.72,0.65,0.47,0.51,0.04
subj_58,experience pain,kick something,get tired,Intrinsic,55,0.07,0.72,0.65,0.47,0.51,0.04
subj_58,think about something,get sick,remember something,Direct,0,0.23,1,0.77,0.01,0,-0.01
subj_58,think about something,get sick,remember something,Intrinsic,2,0.23,1,0.77,0.01,0,-0.01
subj_58,take a walk,think about something,sit down,Direct,6,0.25,0.86,0.61,0.92,0.35,-0.57
subj_58,take a walk,think about something,sit down,Intrinsic,90,0.25,0.86,0.61,0.92,0.35,-0.57
subj_58,get sick,see something,get tired,Direct,7,0.4,0.95,0.55,0.42,0.37,-0.06
subj_58,get sick,see something,get tired,Intrinsic,43,0.4,0.95,0.55,0.42,0.37,-0.06
subj_58,jump up and down,see something,sit down,Direct,60,0.28,0.91,0.63,1,0.3,-0.7
subj_58,jump up and down,see something,sit down,Intrinsic,76,0.28,0.91,0.63,1,0.3,-0.7
subj_58,choose what to do,experience pain,remember something,Direct,0,0.17,0.83,0.66,0.1,0.42,0.32
subj_58,choose what to do,experience pain,remember something,Intrinsic,15,0.17,0.83,0.66,0.1,0.42,0.32
subj_58,see something,take a walk,hear something,Direct,17,0.17,0.86,0.69,0.46,0.05,-0.41
subj_58,see something,take a walk,hear something,Intrinsic,66,0.17,0.86,0.69,0.46,0.05,-0.41
subj_58,become hungry,take a walk,feel scared,Direct,5,0.14,0.79,0.65,0.79,0.58,-0.2
subj_58,become hungry,take a walk,feel scared,Intrinsic,85,0.14,0.79,0.65,0.79,0.58,-0.2
subj_58,sit down,experience pain,jump up and down,Direct,38,0.08,0.87,0.79,0.61,0.3,-0.31
subj_58,sit down,experience pain,jump up and down,Intrinsic,77,0.08,0.87,0.79,0.61,0.3,-0.31
subj_58,hear something,take a walk,see something,Direct,41,0.23,0.86,0.62,0.49,0.05,-0.44
subj_58,hear something,take a walk,see something,Intrinsic,78,0.23,0.86,0.62,0.49,0.05,-0.44
subj_58,feel scared,see something,get tired,Direct,1,0.06,0.78,0.71,0.58,0.5,-0.08
subj_58,feel scared,see something,get tired,Intrinsic,44,0.06,0.78,0.71,0.58,0.5,-0.08
subj_58,reach for something,become hungry,kick something,Direct,12,0.18,0.83,0.65,0.62,0.49,-0.14
subj_58,reach for something,become hungry,kick something,Intrinsic,42,0.18,0.83,0.65,0.62,0.49,-0.14
subj_58,remember something,take a walk,think about something,Direct,43,0.22,0.91,0.69,0,0,0
subj_58,remember something,take a walk,think about something,Intrinsic,15,0.22,0.91,0.69,0,0,0
subj_59,become hungry,take a walk,feel scared,Direct,3,0.14,0.79,0.65,0.79,0.58,-0.2
subj_59,become hungry,take a walk,feel scared,Intrinsic,77,0.14,0.79,0.65,0.79,0.58,-0.2
subj_59,hear something,take a walk,see something,Direct,0,0.23,0.86,0.62,0.49,0.05,-0.44
subj_59,hear something,take a walk,see something,Intrinsic,50,0.23,0.86,0.62,0.49,0.05,-0.44
subj_59,sit down,experience pain,jump up and down,Direct,85,0.08,0.87,0.79,0.61,0.3,-0.31
subj_59,sit down,experience pain,jump up and down,Intrinsic,74,0.08,0.87,0.79,0.61,0.3,-0.31
subj_59,choose what to do,experience pain,remember something,Direct,24,0.17,0.83,0.66,0.1,0.42,0.32
subj_59,choose what to do,experience pain,remember something,Intrinsic,15,0.17,0.83,0.66,0.1,0.42,0.32
subj_59,jump up and down,see something,sit down,Direct,4,0.28,0.91,0.63,1,0.3,-0.7
subj_59,jump up and down,see something,sit down,Intrinsic,50,0.28,0.91,0.63,1,0.3,-0.7
subj_59,get tired,jump up and down,feel scared,Direct,24,0.04,0.78,0.73,0.47,0.5,0.03
subj_59,get tired,jump up and down,feel scared,Intrinsic,33,0.04,0.78,0.73,0.47,0.5,0.03
subj_59,kick something,think about something,sit down,Direct,10,0.4,0.9,0.5,0.84,0.53,-0.31
subj_59,kick something,think about something,sit down,Intrinsic,25,0.4,0.9,0.5,0.84,0.53,-0.31
subj_59,reach for something,become hungry,kick something,Direct,50,0.18,0.83,0.65,0.62,0.49,-0.14
subj_59,reach for something,become hungry,kick something,Intrinsic,38,0.18,0.83,0.65,0.62,0.49,-0.14
subj_59,think about something,get sick,remember something,Direct,50,0.23,1,0.77,0.01,0,-0.01
subj_59,think about something,get sick,remember something,Intrinsic,49,0.23,1,0.77,0.01,0,-0.01
subj_59,see something,take a walk,hear something,Direct,13,0.17,0.86,0.69,0.46,0.05,-0.41
subj_59,see something,take a walk,hear something,Intrinsic,70,0.17,0.86,0.69,0.46,0.05,-0.41
subj_59,take a walk,think about something,sit down,Direct,77,0.25,0.86,0.61,0.92,0.35,-0.57
subj_59,take a walk,think about something,sit down,Intrinsic,71,0.25,0.86,0.61,0.92,0.35,-0.57
subj_59,feel scared,see something,get tired,Direct,3,0.06,0.78,0.71,0.58,0.5,-0.08
subj_59,feel scared,see something,get tired,Intrinsic,24,0.06,0.78,0.71,0.58,0.5,-0.08
subj_59,remember something,take a walk,think about something,Direct,13,0.22,0.91,0.69,0,0,0
subj_59,remember something,take a walk,think about something,Intrinsic,50,0.22,0.91,0.69,0,0,0
subj_59,get sick,see something,get tired,Direct,27,0.4,0.95,0.55,0.42,0.37,-0.06
subj_59,get sick,see something,get tired,Intrinsic,15,0.4,0.95,0.55,0.42,0.37,-0.06
subj_59,experience pain,kick something,get tired,Direct,28,0.07,0.72,0.65,0.47,0.51,0.04
subj_59,experience pain,kick something,get tired,Intrinsic,23,0.07,0.72,0.65,0.47,0.51,0.04
subj_60,feel scared,see something,get tired,Direct,25,0.06,0.78,0.71,0.58,0.5,-0.08
subj_60,feel scared,see something,get tired,Intrinsic,100,0.06,0.78,0.71,0.58,0.5,-0.08
subj_60,experience pain,kick something,get tired,Direct,0,0.07,0.72,0.65,0.47,0.51,0.04
subj_60,experience pain,kick something,get tired,Intrinsic,75,0.07,0.72,0.65,0.47,0.51,0.04
subj_60,jump up and down,see something,sit down,Direct,74,0.28,0.91,0.63,1,0.3,-0.7
subj_60,jump up and down,see something,sit down,Intrinsic,51,0.28,0.91,0.63,1,0.3,-0.7
subj_60,take a walk,think about something,sit down,Direct,10,0.25,0.86,0.61,0.92,0.35,-0.57
subj_60,take a walk,think about something,sit down,Intrinsic,72,0.25,0.86,0.61,0.92,0.35,-0.57
subj_60,sit down,experience pain,jump up and down,Direct,87,0.08,0.87,0.79,0.61,0.3,-0.31
subj_60,sit down,experience pain,jump up and down,Intrinsic,21,0.08,0.87,0.79,0.61,0.3,-0.31
subj_60,remember something,take a walk,think about something,Direct,50,0.22,0.91,0.69,0,0,0
subj_60,remember something,take a walk,think about something,Intrinsic,50,0.22,0.91,0.69,0,0,0
subj_60,get tired,jump up and down,feel scared,Direct,26,0.04,0.78,0.73,0.47,0.5,0.03
subj_60,get tired,jump up and down,feel scared,Intrinsic,100,0.04,0.78,0.73,0.47,0.5,0.03
subj_60,choose what to do,experience pain,remember something,Direct,50,0.17,0.83,0.66,0.1,0.42,0.32
subj_60,choose what to do,experience pain,remember something,Intrinsic,5,0.17,0.83,0.66,0.1,0.42,0.32
subj_60,kick something,think about something,sit down,Direct,100,0.4,0.9,0.5,0.84,0.53,-0.31
subj_60,kick something,think about something,sit down,Intrinsic,10,0.4,0.9,0.5,0.84,0.53,-0.31
subj_60,see something,take a walk,hear something,Direct,50,0.17,0.86,0.69,0.46,0.05,-0.41
subj_60,see something,take a walk,hear something,Intrinsic,50,0.17,0.86,0.69,0.46,0.05,-0.41
subj_60,hear something,take a walk,see something,Direct,0,0.23,0.86,0.62,0.49,0.05,-0.44
subj_60,hear something,take a walk,see something,Intrinsic,50,0.23,0.86,0.62,0.49,0.05,-0.44
subj_60,reach for something,become hungry,kick something,Direct,0,0.18,0.83,0.65,0.62,0.49,-0.14
subj_60,reach for something,become hungry,kick something,Intrinsic,75,0.18,0.83,0.65,0.62,0.49,-0.14
subj_60,become hungry,take a walk,feel scared,Direct,0,0.14,0.79,0.65,0.79,0.58,-0.2
subj_60,become hungry,take a walk,feel scared,Intrinsic,100,0.14,0.79,0.65,0.79,0.58,-0.2
subj_60,think about something,get sick,remember something,Direct,50,0.23,1,0.77,0.01,0,-0.01
subj_60,think about something,get sick,remember something,Intrinsic,26,0.23,1,0.77,0.01,0,-0.01
subj_60,get sick,see something,get tired,Direct,89,0.4,0.95,0.55,0.42,0.37,-0.06
subj_60,get sick,see something,get tired,Intrinsic,100,0.4,0.95,0.55,0.42,0.37,-0.06
subj_61,sit down,experience pain,jump up and down,Direct,78,0.08,0.87,0.79,0.61,0.3,-0.31
subj_61,sit down,experience pain,jump up and down,Intrinsic,34,0.08,0.87,0.79,0.61,0.3,-0.31
subj_61,get tired,jump up and down,feel scared,Direct,61,0.04,0.78,0.73,0.47,0.5,0.03
subj_61,get tired,jump up and down,feel scared,Intrinsic,65,0.04,0.78,0.73,0.47,0.5,0.03
subj_61,get sick,see something,get tired,Direct,14,0.4,0.95,0.55,0.42,0.37,-0.06
subj_61,get sick,see something,get tired,Intrinsic,60,0.4,0.95,0.55,0.42,0.37,-0.06
subj_61,think about something,get sick,remember something,Direct,12,0.23,1,0.77,0.01,0,-0.01
subj_61,think about something,get sick,remember something,Intrinsic,13,0.23,1,0.77,0.01,0,-0.01
subj_61,hear something,take a walk,see something,Direct,74,0.23,0.86,0.62,0.49,0.05,-0.44
subj_61,hear something,take a walk,see something,Intrinsic,34,0.23,0.86,0.62,0.49,0.05,-0.44
subj_61,feel scared,see something,get tired,Direct,89,0.06,0.78,0.71,0.58,0.5,-0.08
subj_61,feel scared,see something,get tired,Intrinsic,71,0.06,0.78,0.71,0.58,0.5,-0.08
subj_61,experience pain,kick something,get tired,Direct,11,0.07,0.72,0.65,0.47,0.51,0.04
subj_61,experience pain,kick something,get tired,Intrinsic,18,0.07,0.72,0.65,0.47,0.51,0.04
subj_61,reach for something,become hungry,kick something,Direct,14,0.18,0.83,0.65,0.62,0.49,-0.14
subj_61,reach for something,become hungry,kick something,Intrinsic,44,0.18,0.83,0.65,0.62,0.49,-0.14
subj_61,kick something,think about something,sit down,Direct,8,0.4,0.9,0.5,0.84,0.53,-0.31
subj_61,kick something,think about something,sit down,Intrinsic,75,0.4,0.9,0.5,0.84,0.53,-0.31
subj_61,become hungry,take a walk,feel scared,Direct,9,0.14,0.79,0.65,0.79,0.58,-0.2
subj_61,become hungry,take a walk,feel scared,Intrinsic,89,0.14,0.79,0.65,0.79,0.58,-0.2
subj_61,take a walk,think about something,sit down,Direct,10,0.25,0.86,0.61,0.92,0.35,-0.57
subj_61,take a walk,think about something,sit down,Intrinsic,65,0.25,0.86,0.61,0.92,0.35,-0.57
subj_61,remember something,take a walk,think about something,Direct,69,0.22,0.91,0.69,0,0,0
subj_61,remember something,take a walk,think about something,Intrinsic,5,0.22,0.91,0.69,0,0,0
subj_61,jump up and down,see something,sit down,Direct,25,0.28,0.91,0.63,1,0.3,-0.7
subj_61,jump up and down,see something,sit down,Intrinsic,37,0.28,0.91,0.63,1,0.3,-0.7
subj_61,see something,take a walk,hear something,Direct,63,0.17,0.86,0.69,0.46,0.05,-0.41
subj_61,see something,take a walk,hear something,Intrinsic,9,0.17,0.86,0.69,0.46,0.05,-0.41
subj_61,choose what to do,experience pain,remember something,Direct,9,0.17,0.83,0.66,0.1,0.42,0.32
subj_61,choose what to do,experience pain,remember something,Intrinsic,11,0.17,0.83,0.66,0.1,0.42,0.32
subj_62,get tired,jump up and down,feel scared,Direct,10,0.04,0.78,0.73,0.47,0.5,0.03
subj_62,get tired,jump up and down,feel scared,Intrinsic,25,0.04,0.78,0.73,0.47,0.5,0.03
subj_62,sit down,experience pain,jump up and down,Direct,0,0.08,0.87,0.79,0.61,0.3,-0.31
subj_62,sit down,experience pain,jump up and down,Intrinsic,37,0.08,0.87,0.79,0.61,0.3,-0.31
subj_62,think about something,get sick,remember something,Direct,8,0.23,1,0.77,0.01,0,-0.01
subj_62,think about something,get sick,remember something,Intrinsic,0,0.23,1,0.77,0.01,0,-0.01
subj_62,experience pain,kick something,get tired,Direct,2,0.07,0.72,0.65,0.47,0.51,0.04
subj_62,experience pain,kick something,get tired,Intrinsic,11,0.07,0.72,0.65,0.47,0.51,0.04
subj_62,jump up and down,see something,sit down,Direct,0,0.28,0.91,0.63,1,0.3,-0.7
subj_62,jump up and down,see something,sit down,Intrinsic,78,0.28,0.91,0.63,1,0.3,-0.7
subj_62,hear something,take a walk,see something,Direct,15,0.23,0.86,0.62,0.49,0.05,-0.44
subj_62,hear something,take a walk,see something,Intrinsic,0,0.23,0.86,0.62,0.49,0.05,-0.44
subj_62,get sick,see something,get tired,Direct,15,0.4,0.95,0.55,0.42,0.37,-0.06
subj_62,get sick,see something,get tired,Intrinsic,5,0.4,0.95,0.55,0.42,0.37,-0.06
subj_62,reach for something,become hungry,kick something,Direct,11,0.18,0.83,0.65,0.62,0.49,-0.14
subj_62,reach for something,become hungry,kick something,Intrinsic,8,0.18,0.83,0.65,0.62,0.49,-0.14
subj_62,become hungry,take a walk,feel scared,Direct,5,0.14,0.79,0.65,0.79,0.58,-0.2
subj_62,become hungry,take a walk,feel scared,Intrinsic,100,0.14,0.79,0.65,0.79,0.58,-0.2
subj_62,see something,take a walk,hear something,Direct,7,0.17,0.86,0.69,0.46,0.05,-0.41
subj_62,see something,take a walk,hear something,Intrinsic,0,0.17,0.86,0.69,0.46,0.05,-0.41
subj_62,remember something,take a walk,think about something,Direct,0,0.22,0.91,0.69,0,0,0
subj_62,remember something,take a walk,think about something,Intrinsic,0,0.22,0.91,0.69,0,0,0
subj_62,take a walk,think about something,sit down,Direct,3,0.25,0.86,0.61,0.92,0.35,-0.57
subj_62,take a walk,think about something,sit down,Intrinsic,93,0.25,0.86,0.61,0.92,0.35,-0.57
subj_62,kick something,think about something,sit down,Direct,0,0.4,0.9,0.5,0.84,0.53,-0.31
subj_62,kick something,think about something,sit down,Intrinsic,81,0.4,0.9,0.5,0.84,0.53,-0.31
subj_62,feel scared,see something,get tired,Direct,0,0.06,0.78,0.71,0.58,0.5,-0.08
subj_62,feel scared,see something,get tired,Intrinsic,3,0.06,0.78,0.71,0.58,0.5,-0.08
subj_62,choose what to do,experience pain,remember something,Direct,24,0.17,0.83,0.66,0.1,0.42,0.32
subj_62,choose what to do,experience pain,remember something,Intrinsic,19,0.17,0.83,0.66,0.1,0.42,0.32
subj_63,see something,take a walk,hear something,Direct,23,0.17,0.86,0.69,0.46,0.05,-0.41
subj_63,see something,take a walk,hear something,Intrinsic,15,0.17,0.86,0.69,0.46,0.05,-0.41
subj_63,take a walk,think about something,sit down,Direct,57,0.25,0.86,0.61,0.92,0.35,-0.57
subj_63,take a walk,think about something,sit down,Intrinsic,94,0.25,0.86,0.61,0.92,0.35,-0.57
subj_63,remember something,take a walk,think about something,Direct,0,0.22,0.91,0.69,0,0,0
subj_63,remember something,take a walk,think about something,Intrinsic,15,0.22,0.91,0.69,0,0,0
subj_63,sit down,experience pain,jump up and down,Direct,38,0.08,0.87,0.79,0.61,0.3,-0.31
subj_63,sit down,experience pain,jump up and down,Intrinsic,88,0.08,0.87,0.79,0.61,0.3,-0.31
subj_63,kick something,think about something,sit down,Direct,5,0.4,0.9,0.5,0.84,0.53,-0.31
subj_63,kick something,think about something,sit down,Intrinsic,82,0.4,0.9,0.5,0.84,0.53,-0.31
subj_63,get sick,see something,get tired,Direct,0,0.4,0.95,0.55,0.42,0.37,-0.06
subj_63,get sick,see something,get tired,Intrinsic,96,0.4,0.95,0.55,0.42,0.37,-0.06
subj_63,choose what to do,experience pain,remember something,Direct,100,0.17,0.83,0.66,0.1,0.42,0.32
subj_63,choose what to do,experience pain,remember something,Intrinsic,12,0.17,0.83,0.66,0.1,0.42,0.32
subj_63,get tired,jump up and down,feel scared,Direct,98,0.04,0.78,0.73,0.47,0.5,0.03
subj_63,get tired,jump up and down,feel scared,Intrinsic,85,0.04,0.78,0.73,0.47,0.5,0.03
subj_63,reach for something,become hungry,kick something,Direct,6,0.18,0.83,0.65,0.62,0.49,-0.14
subj_63,reach for something,become hungry,kick something,Intrinsic,74,0.18,0.83,0.65,0.62,0.49,-0.14
subj_63,hear something,take a walk,see something,Direct,74,0.23,0.86,0.62,0.49,0.05,-0.44
subj_63,hear something,take a walk,see something,Intrinsic,93,0.23,0.86,0.62,0.49,0.05,-0.44
subj_63,feel scared,see something,get tired,Direct,15,0.06,0.78,0.71,0.58,0.5,-0.08
subj_63,feel scared,see something,get tired,Intrinsic,100,0.06,0.78,0.71,0.58,0.5,-0.08
subj_63,think about something,get sick,remember something,Direct,75,0.23,1,0.77,0.01,0,-0.01
subj_63,think about something,get sick,remember something,Intrinsic,38,0.23,1,0.77,0.01,0,-0.01
subj_63,experience pain,kick something,get tired,Direct,24,0.07,0.72,0.65,0.47,0.51,0.04
subj_63,experience pain,kick something,get tired,Intrinsic,96,0.07,0.72,0.65,0.47,0.51,0.04
subj_63,become hungry,take a walk,feel scared,Direct,22,0.14,0.79,0.65,0.79,0.58,-0.2
subj_63,become hungry,take a walk,feel scared,Intrinsic,96,0.14,0.79,0.65,0.79,0.58,-0.2
subj_63,jump up and down,see something,sit down,Direct,5,0.28,0.91,0.63,1,0.3,-0.7
subj_63,jump up and down,see something,sit down,Intrinsic,25,0.28,0.91,0.63,1,0.3,-0.7
subj_64,remember something,take a walk,think about something,Direct,25,0.22,0.91,0.69,0,0,0
subj_64,remember something,take a walk,think about something,Intrinsic,74,0.22,0.91,0.69,0,0,0
subj_64,jump up and down,see something,sit down,Direct,73,0.28,0.91,0.63,1,0.3,-0.7
subj_64,jump up and down,see something,sit down,Intrinsic,91,0.28,0.91,0.63,1,0.3,-0.7
subj_64,sit down,experience pain,jump up and down,Direct,24,0.08,0.87,0.79,0.61,0.3,-0.31
subj_64,sit down,experience pain,jump up and down,Intrinsic,73,0.08,0.87,0.79,0.61,0.3,-0.31
subj_64,reach for something,become hungry,kick something,Direct,73,0.18,0.83,0.65,0.62,0.49,-0.14
subj_64,reach for something,become hungry,kick something,Intrinsic,94,0.18,0.83,0.65,0.62,0.49,-0.14
subj_64,get sick,see something,get tired,Direct,7,0.4,0.95,0.55,0.42,0.37,-0.06
subj_64,get sick,see something,get tired,Intrinsic,51,0.4,0.95,0.55,0.42,0.37,-0.06
subj_64,choose what to do,experience pain,remember something,Direct,44,0.17,0.83,0.66,0.1,0.42,0.32
subj_64,choose what to do,experience pain,remember something,Intrinsic,22,0.17,0.83,0.66,0.1,0.42,0.32
subj_64,kick something,think about something,sit down,Direct,22,0.4,0.9,0.5,0.84,0.53,-0.31
subj_64,kick something,think about something,sit down,Intrinsic,61,0.4,0.9,0.5,0.84,0.53,-0.31
subj_64,take a walk,think about something,sit down,Direct,43,0.25,0.86,0.61,0.92,0.35,-0.57
subj_64,take a walk,think about something,sit down,Intrinsic,94,0.25,0.86,0.61,0.92,0.35,-0.57
subj_64,think about something,get sick,remember something,Direct,12,0.23,1,0.77,0.01,0,-0.01
subj_64,think about something,get sick,remember something,Intrinsic,16,0.23,1,0.77,0.01,0,-0.01
subj_64,feel scared,see something,get tired,Direct,29,0.06,0.78,0.71,0.58,0.5,-0.08
subj_64,feel scared,see something,get tired,Intrinsic,79,0.06,0.78,0.71,0.58,0.5,-0.08
subj_64,get tired,jump up and down,feel scared,Direct,25,0.04,0.78,0.73,0.47,0.5,0.03
subj_64,get tired,jump up and down,feel scared,Intrinsic,87,0.04,0.78,0.73,0.47,0.5,0.03
subj_64,experience pain,kick something,get tired,Direct,57,0.07,0.72,0.65,0.47,0.51,0.04
subj_64,experience pain,kick something,get tired,Intrinsic,65,0.07,0.72,0.65,0.47,0.51,0.04
subj_64,see something,take a walk,hear something,Direct,87,0.17,0.86,0.69,0.46,0.05,-0.41
subj_64,see something,take a walk,hear something,Intrinsic,58,0.17,0.86,0.69,0.46,0.05,-0.41
subj_64,hear something,take a walk,see something,Direct,13,0.23,0.86,0.62,0.49,0.05,-0.44
subj_64,hear something,take a walk,see something,Intrinsic,49,0.23,0.86,0.62,0.49,0.05,-0.44
subj_64,become hungry,take a walk,feel scared,Direct,10,0.14,0.79,0.65,0.79,0.58,-0.2
subj_64,become hungry,take a walk,feel scared,Intrinsic,91,0.14,0.79,0.65,0.79,0.58,-0.2
subj_65,take a walk,think about something,sit down,Direct,25,0.25,0.86,0.61,0.92,0.35,-0.57
subj_65,take a walk,think about something,sit down,Intrinsic,76,0.25,0.86,0.61,0.92,0.35,-0.57
subj_65,get tired,jump up and down,feel scared,Direct,24,0.04,0.78,0.73,0.47,0.5,0.03
subj_65,get tired,jump up and down,feel scared,Intrinsic,76,0.04,0.78,0.73,0.47,0.5,0.03
subj_65,sit down,experience pain,jump up and down,Direct,26,0.08,0.87,0.79,0.61,0.3,-0.31
subj_65,sit down,experience pain,jump up and down,Intrinsic,75,0.08,0.87,0.79,0.61,0.3,-0.31
subj_65,experience pain,kick something,get tired,Direct,75,0.07,0.72,0.65,0.47,0.51,0.04
subj_65,experience pain,kick something,get tired,Intrinsic,77,0.07,0.72,0.65,0.47,0.51,0.04
subj_65,feel scared,see something,get tired,Direct,74,0.06,0.78,0.71,0.58,0.5,-0.08
subj_65,feel scared,see something,get tired,Intrinsic,75,0.06,0.78,0.71,0.58,0.5,-0.08
subj_65,hear something,take a walk,see something,Direct,77,0.23,0.86,0.62,0.49,0.05,-0.44
subj_65,hear something,take a walk,see something,Intrinsic,76,0.23,0.86,0.62,0.49,0.05,-0.44
subj_65,jump up and down,see something,sit down,Direct,75,0.28,0.91,0.63,1,0.3,-0.7
subj_65,jump up and down,see something,sit down,Intrinsic,76,0.28,0.91,0.63,1,0.3,-0.7
subj_65,see something,take a walk,hear something,Direct,25,0.17,0.86,0.69,0.46,0.05,-0.41
subj_65,see something,take a walk,hear something,Intrinsic,75,0.17,0.86,0.69,0.46,0.05,-0.41
subj_65,become hungry,take a walk,feel scared,Direct,75,0.14,0.79,0.65,0.79,0.58,-0.2
subj_65,become hungry,take a walk,feel scared,Intrinsic,100,0.14,0.79,0.65,0.79,0.58,-0.2
subj_65,choose what to do,experience pain,remember something,Direct,74,0.17,0.83,0.66,0.1,0.42,0.32
subj_65,choose what to do,experience pain,remember something,Intrinsic,24,0.17,0.83,0.66,0.1,0.42,0.32
subj_65,reach for something,become hungry,kick something,Direct,76,0.18,0.83,0.65,0.62,0.49,-0.14
subj_65,reach for something,become hungry,kick something,Intrinsic,76,0.18,0.83,0.65,0.62,0.49,-0.14
subj_65,kick something,think about something,sit down,Direct,75,0.4,0.9,0.5,0.84,0.53,-0.31
subj_65,kick something,think about something,sit down,Intrinsic,76,0.4,0.9,0.5,0.84,0.53,-0.31
subj_65,get sick,see something,get tired,Direct,26,0.4,0.95,0.55,0.42,0.37,-0.06
subj_65,get sick,see something,get tired,Intrinsic,77,0.4,0.95,0.55,0.42,0.37,-0.06
subj_65,remember something,take a walk,think about something,Direct,77,0.22,0.91,0.69,0,0,0
subj_65,remember something,take a walk,think about something,Intrinsic,27,0.22,0.91,0.69,0,0,0
subj_65,think about something,get sick,remember something,Direct,75,0.23,1,0.77,0.01,0,-0.01
subj_65,think about something,get sick,remember something,Intrinsic,76,0.23,1,0.77,0.01,0,-0.01
subj_66,think about something,get sick,remember something,Direct,4,0.23,1,0.77,0.01,0,-0.01
subj_66,think about something,get sick,remember something,Intrinsic,24,0.23,1,0.77,0.01,0,-0.01
subj_66,see something,take a walk,hear something,Direct,23,0.17,0.86,0.69,0.46,0.05,-0.41
subj_66,see something,take a walk,hear something,Intrinsic,76,0.17,0.86,0.69,0.46,0.05,-0.41
subj_66,sit down,experience pain,jump up and down,Direct,23,0.08,0.87,0.79,0.61,0.3,-0.31
subj_66,sit down,experience pain,jump up and down,Intrinsic,93,0.08,0.87,0.79,0.61,0.3,-0.31
subj_66,hear something,take a walk,see something,Direct,77,0.23,0.86,0.62,0.49,0.05,-0.44
subj_66,hear something,take a walk,see something,Intrinsic,79,0.23,0.86,0.62,0.49,0.05,-0.44
subj_66,reach for something,become hungry,kick something,Direct,77,0.18,0.83,0.65,0.62,0.49,-0.14
subj_66,reach for something,become hungry,kick something,Intrinsic,76,0.18,0.83,0.65,0.62,0.49,-0.14
subj_66,experience pain,kick something,get tired,Direct,61,0.07,0.72,0.65,0.47,0.51,0.04
subj_66,experience pain,kick something,get tired,Intrinsic,76,0.07,0.72,0.65,0.47,0.51,0.04
subj_66,jump up and down,see something,sit down,Direct,76,0.28,0.91,0.63,1,0.3,-0.7
subj_66,jump up and down,see something,sit down,Intrinsic,23,0.28,0.91,0.63,1,0.3,-0.7
subj_66,get sick,see something,get tired,Direct,76,0.4,0.95,0.55,0.42,0.37,-0.06
subj_66,get sick,see something,get tired,Intrinsic,75,0.4,0.95,0.55,0.42,0.37,-0.06
subj_66,kick something,think about something,sit down,Direct,76,0.4,0.9,0.5,0.84,0.53,-0.31
subj_66,kick something,think about something,sit down,Intrinsic,76,0.4,0.9,0.5,0.84,0.53,-0.31
subj_66,get tired,jump up and down,feel scared,Direct,2,0.04,0.78,0.73,0.47,0.5,0.03
subj_66,get tired,jump up and down,feel scared,Intrinsic,76,0.04,0.78,0.73,0.47,0.5,0.03
subj_66,become hungry,take a walk,feel scared,Direct,25,0.14,0.79,0.65,0.79,0.58,-0.2
subj_66,become hungry,take a walk,feel scared,Intrinsic,27,0.14,0.79,0.65,0.79,0.58,-0.2
subj_66,feel scared,see something,get tired,Direct,75,0.06,0.78,0.71,0.58,0.5,-0.08
subj_66,feel scared,see something,get tired,Intrinsic,25,0.06,0.78,0.71,0.58,0.5,-0.08
subj_66,choose what to do,experience pain,remember something,Direct,28,0.17,0.83,0.66,0.1,0.42,0.32
subj_66,choose what to do,experience pain,remember something,Intrinsic,26,0.17,0.83,0.66,0.1,0.42,0.32
subj_66,take a walk,think about something,sit down,Direct,6,0.25,0.86,0.61,0.92,0.35,-0.57
subj_66,take a walk,think about something,sit down,Intrinsic,74,0.25,0.86,0.61,0.92,0.35,-0.57
subj_66,remember something,take a walk,think about something,Direct,73,0.22,0.91,0.69,0,0,0
subj_66,remember something,take a walk,think about something,Intrinsic,19,0.22,0.91,0.69,0,0,0
subj_67,think about something,get sick,remember something,Direct,22,0.23,1,0.77,0.01,0,-0.01
subj_67,think about something,get sick,remember something,Intrinsic,24,0.23,1,0.77,0.01,0,-0.01
subj_67,get sick,see something,get tired,Direct,6,0.4,0.95,0.55,0.42,0.37,-0.06
subj_67,get sick,see something,get tired,Intrinsic,67,0.4,0.95,0.55,0.42,0.37,-0.06
subj_67,feel scared,see something,get tired,Direct,7,0.06,0.78,0.71,0.58,0.5,-0.08
subj_67,feel scared,see something,get tired,Intrinsic,79,0.06,0.78,0.71,0.58,0.5,-0.08
subj_67,sit down,experience pain,jump up and down,Direct,64,0.08,0.87,0.79,0.61,0.3,-0.31
subj_67,sit down,experience pain,jump up and down,Intrinsic,12,0.08,0.87,0.79,0.61,0.3,-0.31
subj_67,choose what to do,experience pain,remember something,Direct,17,0.17,0.83,0.66,0.1,0.42,0.32
subj_67,choose what to do,experience pain,remember something,Intrinsic,0,0.17,0.83,0.66,0.1,0.42,0.32
subj_67,remember something,take a walk,think about something,Direct,73,0.22,0.91,0.69,0,0,0
subj_67,remember something,take a walk,think about something,Intrinsic,5,0.22,0.91,0.69,0,0,0
subj_67,jump up and down,see something,sit down,Direct,0,0.28,0.91,0.63,1,0.3,-0.7
subj_67,jump up and down,see something,sit down,Intrinsic,64,0.28,0.91,0.63,1,0.3,-0.7
subj_67,experience pain,kick something,get tired,Direct,72,0.07,0.72,0.65,0.47,0.51,0.04
subj_67,experience pain,kick something,get tired,Intrinsic,56,0.07,0.72,0.65,0.47,0.51,0.04
subj_67,become hungry,take a walk,feel scared,Direct,34,0.14,0.79,0.65,0.79,0.58,-0.2
subj_67,become hungry,take a walk,feel scared,Intrinsic,84,0.14,0.79,0.65,0.79,0.58,-0.2
subj_67,reach for something,become hungry,kick something,Direct,6,0.18,0.83,0.65,0.62,0.49,-0.14
subj_67,reach for something,become hungry,kick something,Intrinsic,44,0.18,0.83,0.65,0.62,0.49,-0.14
subj_67,see something,take a walk,hear something,Direct,29,0.17,0.86,0.69,0.46,0.05,-0.41
subj_67,see something,take a walk,hear something,Intrinsic,40,0.17,0.86,0.69,0.46,0.05,-0.41
subj_67,take a walk,think about something,sit down,Direct,24,0.25,0.86,0.61,0.92,0.35,-0.57
subj_67,take a walk,think about something,sit down,Intrinsic,73,0.25,0.86,0.61,0.92,0.35,-0.57
subj_67,hear something,take a walk,see something,Direct,25,0.23,0.86,0.62,0.49,0.05,-0.44
subj_67,hear something,take a walk,see something,Intrinsic,81,0.23,0.86,0.62,0.49,0.05,-0.44
subj_67,kick something,think about something,sit down,Direct,5,0.4,0.9,0.5,0.84,0.53,-0.31
subj_67,kick something,think about something,sit down,Intrinsic,38,0.4,0.9,0.5,0.84,0.53,-0.31
subj_67,get tired,jump up and down,feel scared,Direct,13,0.04,0.78,0.73,0.47,0.5,0.03
subj_67,get tired,jump up and down,feel scared,Intrinsic,62,0.04,0.78,0.73,0.47,0.5,0.03
subj_68,see something,take a walk,hear something,Direct,21,0.17,0.86,0.69,0.46,0.05,-0.41
subj_68,see something,take a walk,hear something,Intrinsic,75,0.17,0.86,0.69,0.46,0.05,-0.41
subj_68,choose what to do,experience pain,remember something,Direct,19,0.17,0.83,0.66,0.1,0.42,0.32
subj_68,choose what to do,experience pain,remember something,Intrinsic,27,0.17,0.83,0.66,0.1,0.42,0.32
subj_68,remember something,take a walk,think about something,Direct,76,0.22,0.91,0.69,0,0,0
subj_68,remember something,take a walk,think about something,Intrinsic,35,0.22,0.91,0.69,0,0,0
subj_68,hear something,take a walk,see something,Direct,27,0.23,0.86,0.62,0.49,0.05,-0.44
subj_68,hear something,take a walk,see something,Intrinsic,76,0.23,0.86,0.62,0.49,0.05,-0.44
subj_68,get tired,jump up and down,feel scared,Direct,29,0.04,0.78,0.73,0.47,0.5,0.03
subj_68,get tired,jump up and down,feel scared,Intrinsic,83,0.04,0.78,0.73,0.47,0.5,0.03
subj_68,think about something,get sick,remember something,Direct,30,0.23,1,0.77,0.01,0,-0.01
subj_68,think about something,get sick,remember something,Intrinsic,30,0.23,1,0.77,0.01,0,-0.01
subj_68,reach for something,become hungry,kick something,Direct,18,0.18,0.83,0.65,0.62,0.49,-0.14
subj_68,reach for something,become hungry,kick something,Intrinsic,28,0.18,0.83,0.65,0.62,0.49,-0.14
subj_68,become hungry,take a walk,feel scared,Direct,5,0.14,0.79,0.65,0.79,0.58,-0.2
subj_68,become hungry,take a walk,feel scared,Intrinsic,80,0.14,0.79,0.65,0.79,0.58,-0.2
subj_68,sit down,experience pain,jump up and down,Direct,27,0.08,0.87,0.79,0.61,0.3,-0.31
subj_68,sit down,experience pain,jump up and down,Intrinsic,67,0.08,0.87,0.79,0.61,0.3,-0.31
subj_68,feel scared,see something,get tired,Direct,19,0.06,0.78,0.71,0.58,0.5,-0.08
subj_68,feel scared,see something,get tired,Intrinsic,63,0.06,0.78,0.71,0.58,0.5,-0.08
subj_68,kick something,think about something,sit down,Direct,10,0.4,0.9,0.5,0.84,0.53,-0.31
subj_68,kick something,think about something,sit down,Intrinsic,37,0.4,0.9,0.5,0.84,0.53,-0.31
subj_68,take a walk,think about something,sit down,Direct,33,0.25,0.86,0.61,0.92,0.35,-0.57
subj_68,take a walk,think about something,sit down,Intrinsic,84,0.25,0.86,0.61,0.92,0.35,-0.57
subj_68,jump up and down,see something,sit down,Direct,8,0.28,0.91,0.63,1,0.3,-0.7
subj_68,jump up and down,see something,sit down,Intrinsic,35,0.28,0.91,0.63,1,0.3,-0.7
subj_68,experience pain,kick something,get tired,Direct,66,0.07,0.72,0.65,0.47,0.51,0.04
subj_68,experience pain,kick something,get tired,Intrinsic,66,0.07,0.72,0.65,0.47,0.51,0.04
subj_68,get sick,see something,get tired,Direct,34,0.4,0.95,0.55,0.42,0.37,-0.06
subj_68,get sick,see something,get tired,Intrinsic,67,0.4,0.95,0.55,0.42,0.37,-0.06
subj_69,get sick,see something,get tired,Direct,0,0.4,0.95,0.55,0.42,0.37,-0.06
subj_69,get sick,see something,get tired,Intrinsic,74,0.4,0.95,0.55,0.42,0.37,-0.06
subj_69,get tired,jump up and down,feel scared,Direct,100,0.04,0.78,0.73,0.47,0.5,0.03
subj_69,get tired,jump up and down,feel scared,Intrinsic,100,0.04,0.78,0.73,0.47,0.5,0.03
subj_69,kick something,think about something,sit down,Direct,0,0.4,0.9,0.5,0.84,0.53,-0.31
subj_69,kick something,think about something,sit down,Intrinsic,25,0.4,0.9,0.5,0.84,0.53,-0.31
subj_69,remember something,take a walk,think about something,Direct,25,0.22,0.91,0.69,0,0,0
subj_69,remember something,take a walk,think about something,Intrinsic,0,0.22,0.91,0.69,0,0,0
subj_69,see something,take a walk,hear something,Direct,25,0.17,0.86,0.69,0.46,0.05,-0.41
subj_69,see something,take a walk,hear something,Intrinsic,26,0.17,0.86,0.69,0.46,0.05,-0.41
subj_69,jump up and down,see something,sit down,Direct,24,0.28,0.91,0.63,1,0.3,-0.7
subj_69,jump up and down,see something,sit down,Intrinsic,24,0.28,0.91,0.63,1,0.3,-0.7
subj_69,choose what to do,experience pain,remember something,Direct,0,0.17,0.83,0.66,0.1,0.42,0.32
subj_69,choose what to do,experience pain,remember something,Intrinsic,22,0.17,0.83,0.66,0.1,0.42,0.32
subj_69,think about something,get sick,remember something,Direct,24,0.23,1,0.77,0.01,0,-0.01
subj_69,think about something,get sick,remember something,Intrinsic,0,0.23,1,0.77,0.01,0,-0.01
subj_69,reach for something,become hungry,kick something,Direct,27,0.18,0.83,0.65,0.62,0.49,-0.14
subj_69,reach for something,become hungry,kick something,Intrinsic,74,0.18,0.83,0.65,0.62,0.49,-0.14
subj_69,feel scared,see something,get tired,Direct,26,0.06,0.78,0.71,0.58,0.5,-0.08
subj_69,feel scared,see something,get tired,Intrinsic,74,0.06,0.78,0.71,0.58,0.5,-0.08
subj_69,become hungry,take a walk,feel scared,Direct,75,0.14,0.79,0.65,0.79,0.58,-0.2
subj_69,become hungry,take a walk,feel scared,Intrinsic,76,0.14,0.79,0.65,0.79,0.58,-0.2
subj_69,experience pain,kick something,get tired,Direct,23,0.07,0.72,0.65,0.47,0.51,0.04
subj_69,experience pain,kick something,get tired,Intrinsic,74,0.07,0.72,0.65,0.47,0.51,0.04
subj_69,sit down,experience pain,jump up and down,Direct,24,0.08,0.87,0.79,0.61,0.3,-0.31
subj_69,sit down,experience pain,jump up and down,Intrinsic,23,0.08,0.87,0.79,0.61,0.3,-0.31
subj_69,hear something,take a walk,see something,Direct,23,0.23,0.86,0.62,0.49,0.05,-0.44
subj_69,hear something,take a walk,see something,Intrinsic,100,0.23,0.86,0.62,0.49,0.05,-0.44
subj_69,take a walk,think about something,sit down,Direct,0,0.25,0.86,0.61,0.92,0.35,-0.57
subj_69,take a walk,think about something,sit down,Intrinsic,51,0.25,0.86,0.61,0.92,0.35,-0.57
subj_70,get sick,see something,get tired,Direct,26,0.4,0.95,0.55,0.42,0.37,-0.06
subj_70,get sick,see something,get tired,Intrinsic,68,0.4,0.95,0.55,0.42,0.37,-0.06
subj_70,think about something,get sick,remember something,Direct,76,0.23,1,0.77,0.01,0,-0.01
subj_70,think about something,get sick,remember something,Intrinsic,56,0.23,1,0.77,0.01,0,-0.01
subj_70,remember something,take a walk,think about something,Direct,15,0.22,0.91,0.69,0,0,0
subj_70,remember something,take a walk,think about something,Intrinsic,19,0.22,0.91,0.69,0,0,0
subj_70,jump up and down,see something,sit down,Direct,9,0.28,0.91,0.63,1,0.3,-0.7
subj_70,jump up and down,see something,sit down,Intrinsic,79,0.28,0.91,0.63,1,0.3,-0.7
subj_70,sit down,experience pain,jump up and down,Direct,75,0.08,0.87,0.79,0.61,0.3,-0.31
subj_70,sit down,experience pain,jump up and down,Intrinsic,15,0.08,0.87,0.79,0.61,0.3,-0.31
subj_70,kick something,think about something,sit down,Direct,0,0.4,0.9,0.5,0.84,0.53,-0.31
subj_70,kick something,think about something,sit down,Intrinsic,50,0.4,0.9,0.5,0.84,0.53,-0.31
subj_70,feel scared,see something,get tired,Direct,50,0.06,0.78,0.71,0.58,0.5,-0.08
subj_70,feel scared,see something,get tired,Intrinsic,94,0.06,0.78,0.71,0.58,0.5,-0.08
subj_70,hear something,take a walk,see something,Direct,4,0.23,0.86,0.62,0.49,0.05,-0.44
subj_70,hear something,take a walk,see something,Intrinsic,22,0.23,0.86,0.62,0.49,0.05,-0.44
subj_70,choose what to do,experience pain,remember something,Direct,50,0.17,0.83,0.66,0.1,0.42,0.32
subj_70,choose what to do,experience pain,remember something,Intrinsic,50,0.17,0.83,0.66,0.1,0.42,0.32
subj_70,take a walk,think about something,sit down,Direct,76,0.25,0.86,0.61,0.92,0.35,-0.57
subj_70,take a walk,think about something,sit down,Intrinsic,34,0.25,0.86,0.61,0.92,0.35,-0.57
subj_70,become hungry,take a walk,feel scared,Direct,1,0.14,0.79,0.65,0.79,0.58,-0.2
subj_70,become hungry,take a walk,feel scared,Intrinsic,97,0.14,0.79,0.65,0.79,0.58,-0.2
subj_70,see something,take a walk,hear something,Direct,38,0.17,0.86,0.69,0.46,0.05,-0.41
subj_70,see something,take a walk,hear something,Intrinsic,34,0.17,0.86,0.69,0.46,0.05,-0.41
subj_70,reach for something,become hungry,kick something,Direct,63,0.18,0.83,0.65,0.62,0.49,-0.14
subj_70,reach for something,become hungry,kick something,Intrinsic,78,0.18,0.83,0.65,0.62,0.49,-0.14
subj_70,experience pain,kick something,get tired,Direct,1,0.07,0.72,0.65,0.47,0.51,0.04
subj_70,experience pain,kick something,get tired,Intrinsic,22,0.07,0.72,0.65,0.47,0.51,0.04
subj_70,get tired,jump up and down,feel scared,Direct,50,0.04,0.78,0.73,0.47,0.5,0.03
subj_70,get tired,jump up and down,feel scared,Intrinsic,94,0.04,0.78,0.73,0.47,0.5,0.03
subj_71,hear something,take a walk,see something,Direct,0,0.23,0.86,0.62,0.49,0.05,-0.44
subj_71,hear something,take a walk,see something,Intrinsic,65,0.23,0.86,0.62,0.49,0.05,-0.44
subj_71,feel scared,see something,get tired,Direct,0,0.06,0.78,0.71,0.58,0.5,-0.08
subj_71,feel scared,see something,get tired,Intrinsic,37,0.06,0.78,0.71,0.58,0.5,-0.08
subj_71,think about something,get sick,remember something,Direct,75,0.23,1,0.77,0.01,0,-0.01
subj_71,think about something,get sick,remember something,Intrinsic,41,0.23,1,0.77,0.01,0,-0.01
subj_71,get tired,jump up and down,feel scared,Direct,25,0.04,0.78,0.73,0.47,0.5,0.03
subj_71,get tired,jump up and down,feel scared,Intrinsic,35,0.04,0.78,0.73,0.47,0.5,0.03
subj_71,take a walk,think about something,sit down,Direct,24,0.25,0.86,0.61,0.92,0.35,-0.57
subj_71,take a walk,think about something,sit down,Intrinsic,78,0.25,0.86,0.61,0.92,0.35,-0.57
subj_71,get sick,see something,get tired,Direct,14,0.4,0.95,0.55,0.42,0.37,-0.06
subj_71,get sick,see something,get tired,Intrinsic,39,0.4,0.95,0.55,0.42,0.37,-0.06
subj_71,kick something,think about something,sit down,Direct,14,0.4,0.9,0.5,0.84,0.53,-0.31
subj_71,kick something,think about something,sit down,Intrinsic,58,0.4,0.9,0.5,0.84,0.53,-0.31
subj_71,choose what to do,experience pain,remember something,Direct,17,0.17,0.83,0.66,0.1,0.42,0.32
subj_71,choose what to do,experience pain,remember something,Intrinsic,69,0.17,0.83,0.66,0.1,0.42,0.32
subj_71,sit down,experience pain,jump up and down,Direct,25,0.08,0.87,0.79,0.61,0.3,-0.31
subj_71,sit down,experience pain,jump up and down,Intrinsic,48,0.08,0.87,0.79,0.61,0.3,-0.31
subj_71,remember something,take a walk,think about something,Direct,33,0.22,0.91,0.69,0,0,0
subj_71,remember something,take a walk,think about something,Intrinsic,15,0.22,0.91,0.69,0,0,0
subj_71,reach for something,become hungry,kick something,Direct,40,0.18,0.83,0.65,0.62,0.49,-0.14
subj_71,reach for something,become hungry,kick something,Intrinsic,62,0.18,0.83,0.65,0.62,0.49,-0.14
subj_71,jump up and down,see something,sit down,Direct,41,0.28,0.91,0.63,1,0.3,-0.7
subj_71,jump up and down,see something,sit down,Intrinsic,55,0.28,0.91,0.63,1,0.3,-0.7
subj_71,experience pain,kick something,get tired,Direct,17,0.07,0.72,0.65,0.47,0.51,0.04
subj_71,experience pain,kick something,get tired,Intrinsic,75,0.07,0.72,0.65,0.47,0.51,0.04
subj_71,see something,take a walk,hear something,Direct,75,0.17,0.86,0.69,0.46,0.05,-0.41
subj_71,see something,take a walk,hear something,Intrinsic,18,0.17,0.86,0.69,0.46,0.05,-0.41
subj_71,become hungry,take a walk,feel scared,Direct,11,0.14,0.79,0.65,0.79,0.58,-0.2
subj_71,become hungry,take a walk,feel scared,Intrinsic,38,0.14,0.79,0.65,0.79,0.58,-0.2
subj_72,choose what to do,experience pain,remember something,Direct,26,0.17,0.83,0.66,0.1,0.42,0.32
subj_72,choose what to do,experience pain,remember something,Intrinsic,25,0.17,0.83,0.66,0.1,0.42,0.32
subj_72,jump up and down,see something,sit down,Direct,0,0.28,0.91,0.63,1,0.3,-0.7
subj_72,jump up and down,see something,sit down,Intrinsic,50,0.28,0.91,0.63,1,0.3,-0.7
subj_72,kick something,think about something,sit down,Direct,26,0.4,0.9,0.5,0.84,0.53,-0.31
subj_72,kick something,think about something,sit down,Intrinsic,50,0.4,0.9,0.5,0.84,0.53,-0.31
subj_72,get tired,jump up and down,feel scared,Direct,76,0.04,0.78,0.73,0.47,0.5,0.03
subj_72,get tired,jump up and down,feel scared,Intrinsic,75,0.04,0.78,0.73,0.47,0.5,0.03
subj_72,think about something,get sick,remember something,Direct,0,0.23,1,0.77,0.01,0,-0.01
subj_72,think about something,get sick,remember something,Intrinsic,25,0.23,1,0.77,0.01,0,-0.01
subj_72,get sick,see something,get tired,Direct,75,0.4,0.95,0.55,0.42,0.37,-0.06
subj_72,get sick,see something,get tired,Intrinsic,50,0.4,0.95,0.55,0.42,0.37,-0.06
subj_72,hear something,take a walk,see something,Direct,24,0.23,0.86,0.62,0.49,0.05,-0.44
subj_72,hear something,take a walk,see something,Intrinsic,76,0.23,0.86,0.62,0.49,0.05,-0.44
subj_72,reach for something,become hungry,kick something,Direct,78,0.18,0.83,0.65,0.62,0.49,-0.14
subj_72,reach for something,become hungry,kick something,Intrinsic,27,0.18,0.83,0.65,0.62,0.49,-0.14
subj_72,feel scared,see something,get tired,Direct,50,0.06,0.78,0.71,0.58,0.5,-0.08
subj_72,feel scared,see something,get tired,Intrinsic,50,0.06,0.78,0.71,0.58,0.5,-0.08
subj_72,take a walk,think about something,sit down,Direct,2,0.25,0.86,0.61,0.92,0.35,-0.57
subj_72,take a walk,think about something,sit down,Intrinsic,26,0.25,0.86,0.61,0.92,0.35,-0.57
subj_72,remember something,take a walk,think about something,Direct,25,0.22,0.91,0.69,0,0,0
subj_72,remember something,take a walk,think about something,Intrinsic,75,0.22,0.91,0.69,0,0,0
subj_72,see something,take a walk,hear something,Direct,1,0.17,0.86,0.69,0.46,0.05,-0.41
subj_72,see something,take a walk,hear something,Intrinsic,74,0.17,0.86,0.69,0.46,0.05,-0.41
subj_72,become hungry,take a walk,feel scared,Direct,50,0.14,0.79,0.65,0.79,0.58,-0.2
subj_72,become hungry,take a walk,feel scared,Intrinsic,75,0.14,0.79,0.65,0.79,0.58,-0.2
subj_72,experience pain,kick something,get tired,Direct,74,0.07,0.72,0.65,0.47,0.51,0.04
subj_72,experience pain,kick something,get tired,Intrinsic,74,0.07,0.72,0.65,0.47,0.51,0.04
subj_72,sit down,experience pain,jump up and down,Direct,75,0.08,0.87,0.79,0.61,0.3,-0.31
subj_72,sit down,experience pain,jump up and down,Intrinsic,25,0.08,0.87,0.79,0.61,0.3,-0.31
subj_73,get sick,see something,get tired,Direct,26,0.4,0.95,0.55,0.42,0.37,-0.06
subj_73,get sick,see something,get tired,Intrinsic,75,0.4,0.95,0.55,0.42,0.37,-0.06
subj_73,take a walk,think about something,sit down,Direct,26,0.25,0.86,0.61,0.92,0.35,-0.57
subj_73,take a walk,think about something,sit down,Intrinsic,87,0.25,0.86,0.61,0.92,0.35,-0.57
subj_73,jump up and down,see something,sit down,Direct,63,0.28,0.91,0.63,1,0.3,-0.7
subj_73,jump up and down,see something,sit down,Intrinsic,90,0.28,0.91,0.63,1,0.3,-0.7
subj_73,sit down,experience pain,jump up and down,Direct,67,0.08,0.87,0.79,0.61,0.3,-0.31
subj_73,sit down,experience pain,jump up and down,Intrinsic,25,0.08,0.87,0.79,0.61,0.3,-0.31
subj_73,reach for something,become hungry,kick something,Direct,12,0.18,0.83,0.65,0.62,0.49,-0.14
subj_73,reach for something,become hungry,kick something,Intrinsic,62,0.18,0.83,0.65,0.62,0.49,-0.14
subj_73,choose what to do,experience pain,remember something,Direct,10,0.17,0.83,0.66,0.1,0.42,0.32
subj_73,choose what to do,experience pain,remember something,Intrinsic,43,0.17,0.83,0.66,0.1,0.42,0.32
subj_73,get tired,jump up and down,feel scared,Direct,25,0.04,0.78,0.73,0.47,0.5,0.03
subj_73,get tired,jump up and down,feel scared,Intrinsic,75,0.04,0.78,0.73,0.47,0.5,0.03
subj_73,think about something,get sick,remember something,Direct,86,0.23,1,0.77,0.01,0,-0.01
subj_73,think about something,get sick,remember something,Intrinsic,63,0.23,1,0.77,0.01,0,-0.01
subj_73,experience pain,kick something,get tired,Direct,26,0.07,0.72,0.65,0.47,0.51,0.04
subj_73,experience pain,kick something,get tired,Intrinsic,92,0.07,0.72,0.65,0.47,0.51,0.04
subj_73,remember something,take a walk,think about something,Direct,81,0.22,0.91,0.69,0,0,0
subj_73,remember something,take a walk,think about something,Intrinsic,60,0.22,0.91,0.69,0,0,0
subj_73,become hungry,take a walk,feel scared,Direct,32,0.14,0.79,0.65,0.79,0.58,-0.2
subj_73,become hungry,take a walk,feel scared,Intrinsic,100,0.14,0.79,0.65,0.79,0.58,-0.2
subj_73,see something,take a walk,hear something,Direct,26,0.17,0.86,0.69,0.46,0.05,-0.41
subj_73,see something,take a walk,hear something,Intrinsic,26,0.17,0.86,0.69,0.46,0.05,-0.41
subj_73,feel scared,see something,get tired,Direct,4,0.06,0.78,0.71,0.58,0.5,-0.08
subj_73,feel scared,see something,get tired,Intrinsic,83,0.06,0.78,0.71,0.58,0.5,-0.08
subj_73,hear something,take a walk,see something,Direct,26,0.23,0.86,0.62,0.49,0.05,-0.44
subj_73,hear something,take a walk,see something,Intrinsic,98,0.23,0.86,0.62,0.49,0.05,-0.44
subj_73,kick something,think about something,sit down,Direct,28,0.4,0.9,0.5,0.84,0.53,-0.31
subj_73,kick something,think about something,sit down,Intrinsic,75,0.4,0.9,0.5,0.84,0.53,-0.31
subj_74,get sick,see something,get tired,Direct,27,0.4,0.95,0.55,0.42,0.37,-0.06
subj_74,get sick,see something,get tired,Intrinsic,74,0.4,0.95,0.55,0.42,0.37,-0.06
subj_74,take a walk,think about something,sit down,Direct,75,0.25,0.86,0.61,0.92,0.35,-0.57
subj_74,take a walk,think about something,sit down,Intrinsic,96,0.25,0.86,0.61,0.92,0.35,-0.57
subj_74,jump up and down,see something,sit down,Direct,0,0.28,0.91,0.63,1,0.3,-0.7
subj_74,jump up and down,see something,sit down,Intrinsic,50,0.28,0.91,0.63,1,0.3,-0.7
subj_74,think about something,get sick,remember something,Direct,25,0.23,1,0.77,0.01,0,-0.01
subj_74,think about something,get sick,remember something,Intrinsic,76,0.23,1,0.77,0.01,0,-0.01
subj_74,feel scared,see something,get tired,Direct,76,0.06,0.78,0.71,0.58,0.5,-0.08
subj_74,feel scared,see something,get tired,Intrinsic,79,0.06,0.78,0.71,0.58,0.5,-0.08
subj_74,hear something,take a walk,see something,Direct,3,0.23,0.86,0.62,0.49,0.05,-0.44
subj_74,hear something,take a walk,see something,Intrinsic,18,0.23,0.86,0.62,0.49,0.05,-0.44
subj_74,remember something,take a walk,think about something,Direct,75,0.22,0.91,0.69,0,0,0
subj_74,remember something,take a walk,think about something,Intrinsic,88,0.22,0.91,0.69,0,0,0
subj_74,sit down,experience pain,jump up and down,Direct,69,0.08,0.87,0.79,0.61,0.3,-0.31
subj_74,sit down,experience pain,jump up and down,Intrinsic,50,0.08,0.87,0.79,0.61,0.3,-0.31
subj_74,experience pain,kick something,get tired,Direct,23,0.07,0.72,0.65,0.47,0.51,0.04
subj_74,experience pain,kick something,get tired,Intrinsic,90,0.07,0.72,0.65,0.47,0.51,0.04
subj_74,choose what to do,experience pain,remember something,Direct,78,0.17,0.83,0.66,0.1,0.42,0.32
subj_74,choose what to do,experience pain,remember something,Intrinsic,26,0.17,0.83,0.66,0.1,0.42,0.32
subj_74,kick something,think about something,sit down,Direct,8,0.4,0.9,0.5,0.84,0.53,-0.31
subj_74,kick something,think about something,sit down,Intrinsic,79,0.4,0.9,0.5,0.84,0.53,-0.31
subj_74,see something,take a walk,hear something,Direct,82,0.17,0.86,0.69,0.46,0.05,-0.41
subj_74,see something,take a walk,hear something,Intrinsic,21,0.17,0.86,0.69,0.46,0.05,-0.41
subj_74,get tired,jump up and down,feel scared,Direct,72,0.04,0.78,0.73,0.47,0.5,0.03
subj_74,get tired,jump up and down,feel scared,Intrinsic,29,0.04,0.78,0.73,0.47,0.5,0.03
subj_74,reach for something,become hungry,kick something,Direct,100,0.18,0.83,0.65,0.62,0.49,-0.14
subj_74,reach for something,become hungry,kick something,Intrinsic,29,0.18,0.83,0.65,0.62,0.49,-0.14
subj_74,become hungry,take a walk,feel scared,Direct,84,0.14,0.79,0.65,0.79,0.58,-0.2
subj_74,become hungry,take a walk,feel scared,Intrinsic,76,0.14,0.79,0.65,0.79,0.58,-0.2
subj_75,kick something,think about something,sit down,Direct,12,0.4,0.9,0.5,0.84,0.53,-0.31
subj_75,kick something,think about something,sit down,Intrinsic,0,0.4,0.9,0.5,0.84,0.53,-0.31
subj_75,become hungry,take a walk,feel scared,Direct,76,0.14,0.79,0.65,0.79,0.58,-0.2
subj_75,become hungry,take a walk,feel scared,Intrinsic,86,0.14,0.79,0.65,0.79,0.58,-0.2
subj_75,jump up and down,see something,sit down,Direct,76,0.28,0.91,0.63,1,0.3,-0.7
subj_75,jump up and down,see something,sit down,Intrinsic,25,0.28,0.91,0.63,1,0.3,-0.7
subj_75,take a walk,think about something,sit down,Direct,40,0.25,0.86,0.61,0.92,0.35,-0.57
subj_75,take a walk,think about something,sit down,Intrinsic,65,0.25,0.86,0.61,0.92,0.35,-0.57
subj_75,feel scared,see something,get tired,Direct,75,0.06,0.78,0.71,0.58,0.5,-0.08
subj_75,feel scared,see something,get tired,Intrinsic,75,0.06,0.78,0.71,0.58,0.5,-0.08
subj_75,choose what to do,experience pain,remember something,Direct,16,0.17,0.83,0.66,0.1,0.42,0.32
subj_75,choose what to do,experience pain,remember something,Intrinsic,64,0.17,0.83,0.66,0.1,0.42,0.32
subj_75,sit down,experience pain,jump up and down,Direct,4,0.08,0.87,0.79,0.61,0.3,-0.31
subj_75,sit down,experience pain,jump up and down,Intrinsic,39,0.08,0.87,0.79,0.61,0.3,-0.31
subj_75,hear something,take a walk,see something,Direct,7,0.23,0.86,0.62,0.49,0.05,-0.44
subj_75,hear something,take a walk,see something,Intrinsic,100,0.23,0.86,0.62,0.49,0.05,-0.44
subj_75,get sick,see something,get tired,Direct,37,0.4,0.95,0.55,0.42,0.37,-0.06
subj_75,get sick,see something,get tired,Intrinsic,39,0.4,0.95,0.55,0.42,0.37,-0.06
subj_75,experience pain,kick something,get tired,Direct,4,0.07,0.72,0.65,0.47,0.51,0.04
subj_75,experience pain,kick something,get tired,Intrinsic,86,0.07,0.72,0.65,0.47,0.51,0.04
subj_75,get tired,jump up and down,feel scared,Direct,86,0.04,0.78,0.73,0.47,0.5,0.03
subj_75,get tired,jump up and down,feel scared,Intrinsic,65,0.04,0.78,0.73,0.47,0.5,0.03
subj_75,reach for something,become hungry,kick something,Direct,0,0.18,0.83,0.65,0.62,0.49,-0.14
subj_75,reach for something,become hungry,kick something,Intrinsic,76,0.18,0.83,0.65,0.62,0.49,-0.14
subj_75,see something,take a walk,hear something,Direct,13,0.17,0.86,0.69,0.46,0.05,-0.41
subj_75,see something,take a walk,hear something,Intrinsic,62,0.17,0.86,0.69,0.46,0.05,-0.41
subj_75,think about something,get sick,remember something,Direct,14,0.23,1,0.77,0.01,0,-0.01
subj_75,think about something,get sick,remember something,Intrinsic,25,0.23,1,0.77,0.01,0,-0.01
subj_75,remember something,take a walk,think about something,Direct,77,0.22,0.91,0.69,0,0,0
subj_75,remember something,take a walk,think about something,Intrinsic,63,0.22,0.91,0.69,0,0,0
subj_76,see something,take a walk,hear something,Direct,93,0.17,0.86,0.69,0.46,0.05,-0.41
subj_76,see something,take a walk,hear something,Intrinsic,75,0.17,0.86,0.69,0.46,0.05,-0.41
subj_76,jump up and down,see something,sit down,Direct,22,0.28,0.91,0.63,1,0.3,-0.7
subj_76,jump up and down,see something,sit down,Intrinsic,50,0.28,0.91,0.63,1,0.3,-0.7
subj_76,take a walk,think about something,sit down,Direct,100,0.25,0.86,0.61,0.92,0.35,-0.57
subj_76,take a walk,think about something,sit down,Intrinsic,88,0.25,0.86,0.61,0.92,0.35,-0.57
subj_76,remember something,take a walk,think about something,Direct,19,0.22,0.91,0.69,0,0,0
subj_76,remember something,take a walk,think about something,Intrinsic,12,0.22,0.91,0.69,0,0,0
subj_76,become hungry,take a walk,feel scared,Direct,41,0.14,0.79,0.65,0.79,0.58,-0.2
subj_76,become hungry,take a walk,feel scared,Intrinsic,100,0.14,0.79,0.65,0.79,0.58,-0.2
subj_76,experience pain,kick something,get tired,Direct,20,0.07,0.72,0.65,0.47,0.51,0.04
subj_76,experience pain,kick something,get tired,Intrinsic,50,0.07,0.72,0.65,0.47,0.51,0.04
subj_76,get sick,see something,get tired,Direct,4,0.4,0.95,0.55,0.42,0.37,-0.06
subj_76,get sick,see something,get tired,Intrinsic,80,0.4,0.95,0.55,0.42,0.37,-0.06
subj_76,think about something,get sick,remember something,Direct,19,0.23,1,0.77,0.01,0,-0.01
subj_76,think about something,get sick,remember something,Intrinsic,2,0.23,1,0.77,0.01,0,-0.01
subj_76,hear something,take a walk,see something,Direct,75,0.23,0.86,0.62,0.49,0.05,-0.44
subj_76,hear something,take a walk,see something,Intrinsic,88,0.23,0.86,0.62,0.49,0.05,-0.44
subj_76,kick something,think about something,sit down,Direct,0,0.4,0.9,0.5,0.84,0.53,-0.31
subj_76,kick something,think about something,sit down,Intrinsic,50,0.4,0.9,0.5,0.84,0.53,-0.31
subj_76,reach for something,become hungry,kick something,Direct,0,0.18,0.83,0.65,0.62,0.49,-0.14
subj_76,reach for something,become hungry,kick something,Intrinsic,79,0.18,0.83,0.65,0.62,0.49,-0.14
subj_76,feel scared,see something,get tired,Direct,6,0.06,0.78,0.71,0.58,0.5,-0.08
subj_76,feel scared,see something,get tired,Intrinsic,50,0.06,0.78,0.71,0.58,0.5,-0.08
subj_76,choose what to do,experience pain,remember something,Direct,50,0.17,0.83,0.66,0.1,0.42,0.32
subj_76,choose what to do,experience pain,remember something,Intrinsic,5,0.17,0.83,0.66,0.1,0.42,0.32
subj_76,get tired,jump up and down,feel scared,Direct,2,0.04,0.78,0.73,0.47,0.5,0.03
subj_76,get tired,jump up and down,feel scared,Intrinsic,80,0.04,0.78,0.73,0.47,0.5,0.03
subj_76,sit down,experience pain,jump up and down,Direct,12,0.08,0.87,0.79,0.61,0.3,-0.31
subj_76,sit down,experience pain,jump up and down,Intrinsic,38,0.08,0.87,0.79,0.61,0.3,-0.31
subj_77,kick something,think about something,sit down,Direct,77,0.4,0.9,0.5,0.84,0.53,-0.31
subj_77,kick something,think about something,sit down,Intrinsic,27,0.4,0.9,0.5,0.84,0.53,-0.31
subj_77,jump up and down,see something,sit down,Direct,0,0.28,0.91,0.63,1,0.3,-0.7
subj_77,jump up and down,see something,sit down,Intrinsic,76,0.28,0.91,0.63,1,0.3,-0.7
subj_77,get sick,see something,get tired,Direct,0,0.4,0.95,0.55,0.42,0.37,-0.06
subj_77,get sick,see something,get tired,Intrinsic,75,0.4,0.95,0.55,0.42,0.37,-0.06
subj_77,feel scared,see something,get tired,Direct,100,0.06,0.78,0.71,0.58,0.5,-0.08
subj_77,feel scared,see something,get tired,Intrinsic,51,0.06,0.78,0.71,0.58,0.5,-0.08
subj_77,become hungry,take a walk,feel scared,Direct,0,0.14,0.79,0.65,0.79,0.58,-0.2
subj_77,become hungry,take a walk,feel scared,Intrinsic,100,0.14,0.79,0.65,0.79,0.58,-0.2
subj_77,get tired,jump up and down,feel scared,Direct,78,0.04,0.78,0.73,0.47,0.5,0.03
subj_77,get tired,jump up and down,feel scared,Intrinsic,76,0.04,0.78,0.73,0.47,0.5,0.03
subj_77,hear something,take a walk,see something,Direct,0,0.23,0.86,0.62,0.49,0.05,-0.44
subj_77,hear something,take a walk,see something,Intrinsic,75,0.23,0.86,0.62,0.49,0.05,-0.44
subj_77,see something,take a walk,hear something,Direct,100,0.17,0.86,0.69,0.46,0.05,-0.41
subj_77,see something,take a walk,hear something,Intrinsic,50,0.17,0.86,0.69,0.46,0.05,-0.41
subj_77,remember something,take a walk,think about something,Direct,0,0.22,0.91,0.69,0,0,0
subj_77,remember something,take a walk,think about something,Intrinsic,0,0.22,0.91,0.69,0,0,0
subj_77,experience pain,kick something,get tired,Direct,0,0.07,0.72,0.65,0.47,0.51,0.04
subj_77,experience pain,kick something,get tired,Intrinsic,77,0.07,0.72,0.65,0.47,0.51,0.04
subj_77,take a walk,think about something,sit down,Direct,26,0.25,0.86,0.61,0.92,0.35,-0.57
subj_77,take a walk,think about something,sit down,Intrinsic,100,0.25,0.86,0.61,0.92,0.35,-0.57
subj_77,think about something,get sick,remember something,Direct,100,0.23,1,0.77,0.01,0,-0.01
subj_77,think about something,get sick,remember something,Intrinsic,0,0.23,1,0.77,0.01,0,-0.01
subj_77,choose what to do,experience pain,remember something,Direct,27,0.17,0.83,0.66,0.1,0.42,0.32
subj_77,choose what to do,experience pain,remember something,Intrinsic,26,0.17,0.83,0.66,0.1,0.42,0.32
subj_77,sit down,experience pain,jump up and down,Direct,100,0.08,0.87,0.79,0.61,0.3,-0.31
subj_77,sit down,experience pain,jump up and down,Intrinsic,76,0.08,0.87,0.79,0.61,0.3,-0.31
subj_77,reach for something,become hungry,kick something,Direct,100,0.18,0.83,0.65,0.62,0.49,-0.14
subj_77,reach for something,become hungry,kick something,Intrinsic,76,0.18,0.83,0.65,0.62,0.49,-0.14
subj_78,take a walk,think about something,sit down,Direct,0,0.25,0.86,0.61,0.92,0.35,-0.57
subj_78,take a walk,think about something,sit down,Intrinsic,100,0.25,0.86,0.61,0.92,0.35,-0.57
subj_78,experience pain,kick something,get tired,Direct,24,0.07,0.72,0.65,0.47,0.51,0.04
subj_78,experience pain,kick something,get tired,Intrinsic,75,0.07,0.72,0.65,0.47,0.51,0.04
subj_78,hear something,take a walk,see something,Direct,49,0.23,0.86,0.62,0.49,0.05,-0.44
subj_78,hear something,take a walk,see something,Intrinsic,25,0.23,0.86,0.62,0.49,0.05,-0.44
subj_78,feel scared,see something,get tired,Direct,75,0.06,0.78,0.71,0.58,0.5,-0.08
subj_78,feel scared,see something,get tired,Intrinsic,76,0.06,0.78,0.71,0.58,0.5,-0.08
subj_78,get sick,see something,get tired,Direct,25,0.4,0.95,0.55,0.42,0.37,-0.06
subj_78,get sick,see something,get tired,Intrinsic,26,0.4,0.95,0.55,0.42,0.37,-0.06
subj_78,become hungry,take a walk,feel scared,Direct,75,0.14,0.79,0.65,0.79,0.58,-0.2
subj_78,become hungry,take a walk,feel scared,Intrinsic,24,0.14,0.79,0.65,0.79,0.58,-0.2
subj_78,jump up and down,see something,sit down,Direct,50,0.28,0.91,0.63,1,0.3,-0.7
subj_78,jump up and down,see something,sit down,Intrinsic,50,0.28,0.91,0.63,1,0.3,-0.7
subj_78,kick something,think about something,sit down,Direct,24,0.4,0.9,0.5,0.84,0.53,-0.31
subj_78,kick something,think about something,sit down,Intrinsic,25,0.4,0.9,0.5,0.84,0.53,-0.31
subj_78,sit down,experience pain,jump up and down,Direct,25,0.08,0.87,0.79,0.61,0.3,-0.31
subj_78,sit down,experience pain,jump up and down,Intrinsic,26,0.08,0.87,0.79,0.61,0.3,-0.31
subj_78,remember something,take a walk,think about something,Direct,74,0.22,0.91,0.69,0,0,0
subj_78,remember something,take a walk,think about something,Intrinsic,75,0.22,0.91,0.69,0,0,0
subj_78,reach for something,become hungry,kick something,Direct,25,0.18,0.83,0.65,0.62,0.49,-0.14
subj_78,reach for something,become hungry,kick something,Intrinsic,25,0.18,0.83,0.65,0.62,0.49,-0.14
subj_78,see something,take a walk,hear something,Direct,75,0.17,0.86,0.69,0.46,0.05,-0.41
subj_78,see something,take a walk,hear something,Intrinsic,25,0.17,0.86,0.69,0.46,0.05,-0.41
subj_78,choose what to do,experience pain,remember something,Direct,25,0.17,0.83,0.66,0.1,0.42,0.32
subj_78,choose what to do,experience pain,remember something,Intrinsic,76,0.17,0.83,0.66,0.1,0.42,0.32
subj_78,think about something,get sick,remember something,Direct,26,0.23,1,0.77,0.01,0,-0.01
subj_78,think about something,get sick,remember something,Intrinsic,75,0.23,1,0.77,0.01,0,-0.01
subj_78,get tired,jump up and down,feel scared,Direct,26,0.04,0.78,0.73,0.47,0.5,0.03
subj_78,get tired,jump up and down,feel scared,Intrinsic,76,0.04,0.78,0.73,0.47,0.5,0.03
subj_79,get sick,see something,get tired,Direct,50,0.4,0.95,0.55,0.42,0.37,-0.06
subj_79,get sick,see something,get tired,Intrinsic,62,0.4,0.95,0.55,0.42,0.37,-0.06
subj_79,jump up and down,see something,sit down,Direct,81,0.28,0.91,0.63,1,0.3,-0.7
subj_79,jump up and down,see something,sit down,Intrinsic,25,0.28,0.91,0.63,1,0.3,-0.7
subj_79,choose what to do,experience pain,remember something,Direct,74,0.17,0.83,0.66,0.1,0.42,0.32
subj_79,choose what to do,experience pain,remember something,Intrinsic,25,0.17,0.83,0.66,0.1,0.42,0.32
subj_79,take a walk,think about something,sit down,Direct,5,0.25,0.86,0.61,0.92,0.35,-0.57
subj_79,take a walk,think about something,sit down,Intrinsic,77,0.25,0.86,0.61,0.92,0.35,-0.57
subj_79,kick something,think about something,sit down,Direct,24,0.4,0.9,0.5,0.84,0.53,-0.31
subj_79,kick something,think about something,sit down,Intrinsic,50,0.4,0.9,0.5,0.84,0.53,-0.31
subj_79,feel scared,see something,get tired,Direct,25,0.06,0.78,0.71,0.58,0.5,-0.08
subj_79,feel scared,see something,get tired,Intrinsic,12,0.06,0.78,0.71,0.58,0.5,-0.08
subj_79,think about something,get sick,remember something,Direct,66,0.23,1,0.77,0.01,0,-0.01
subj_79,think about something,get sick,remember something,Intrinsic,24,0.23,1,0.77,0.01,0,-0.01
subj_79,remember something,take a walk,think about something,Direct,6,0.22,0.91,0.69,0,0,0
subj_79,remember something,take a walk,think about something,Intrinsic,17,0.22,0.91,0.69,0,0,0
subj_79,hear something,take a walk,see something,Direct,27,0.23,0.86,0.62,0.49,0.05,-0.44
subj_79,hear something,take a walk,see something,Intrinsic,73,0.23,0.86,0.62,0.49,0.05,-0.44
subj_79,become hungry,take a walk,feel scared,Direct,25,0.14,0.79,0.65,0.79,0.58,-0.2
subj_79,become hungry,take a walk,feel scared,Intrinsic,84,0.14,0.79,0.65,0.79,0.58,-0.2
subj_79,get tired,jump up and down,feel scared,Direct,23,0.04,0.78,0.73,0.47,0.5,0.03
subj_79,get tired,jump up and down,feel scared,Intrinsic,24,0.04,0.78,0.73,0.47,0.5,0.03
subj_79,see something,take a walk,hear something,Direct,10,0.17,0.86,0.69,0.46,0.05,-0.41
subj_79,see something,take a walk,hear something,Intrinsic,50,0.17,0.86,0.69,0.46,0.05,-0.41
subj_79,experience pain,kick something,get tired,Direct,16,0.07,0.72,0.65,0.47,0.51,0.04
subj_79,experience pain,kick something,get tired,Intrinsic,74,0.07,0.72,0.65,0.47,0.51,0.04
subj_79,reach for something,become hungry,kick something,Direct,15,0.18,0.83,0.65,0.62,0.49,-0.14
subj_79,reach for something,become hungry,kick something,Intrinsic,9,0.18,0.83,0.65,0.62,0.49,-0.14
subj_79,sit down,experience pain,jump up and down,Direct,18,0.08,0.87,0.79,0.61,0.3,-0.31
subj_79,sit down,experience pain,jump up and down,Intrinsic,51,0.08,0.87,0.79,0.61,0.3,-0.31
subj_80,see something,take a walk,hear something,Direct,0,0.17,0.86,0.69,0.46,0.05,-0.41
subj_80,see something,take a walk,hear something,Intrinsic,26,0.17,0.86,0.69,0.46,0.05,-0.41
subj_80,hear something,take a walk,see something,Direct,0,0.23,0.86,0.62,0.49,0.05,-0.44
subj_80,hear something,take a walk,see something,Intrinsic,76,0.23,0.86,0.62,0.49,0.05,-0.44
subj_80,feel scared,see something,get tired,Direct,0,0.06,0.78,0.71,0.58,0.5,-0.08
subj_80,feel scared,see something,get tired,Intrinsic,75,0.06,0.78,0.71,0.58,0.5,-0.08
subj_80,get sick,see something,get tired,Direct,27,0.4,0.95,0.55,0.42,0.37,-0.06
subj_80,get sick,see something,get tired,Intrinsic,97,0.4,0.95,0.55,0.42,0.37,-0.06
subj_80,jump up and down,see something,sit down,Direct,80,0.28,0.91,0.63,1,0.3,-0.7
subj_80,jump up and down,see something,sit down,Intrinsic,37,0.28,0.91,0.63,1,0.3,-0.7
subj_80,reach for something,become hungry,kick something,Direct,19,0.18,0.83,0.65,0.62,0.49,-0.14
subj_80,reach for something,become hungry,kick something,Intrinsic,50,0.18,0.83,0.65,0.62,0.49,-0.14
subj_80,kick something,think about something,sit down,Direct,39,0.4,0.9,0.5,0.84,0.53,-0.31
subj_80,kick something,think about something,sit down,Intrinsic,8,0.4,0.9,0.5,0.84,0.53,-0.31
subj_80,remember something,take a walk,think about something,Direct,86,0.22,0.91,0.69,0,0,0
subj_80,remember something,take a walk,think about something,Intrinsic,14,0.22,0.91,0.69,0,0,0
subj_80,choose what to do,experience pain,remember something,Direct,6,0.17,0.83,0.66,0.1,0.42,0.32
subj_80,choose what to do,experience pain,remember something,Intrinsic,23,0.17,0.83,0.66,0.1,0.42,0.32
subj_80,take a walk,think about something,sit down,Direct,24,0.25,0.86,0.61,0.92,0.35,-0.57
subj_80,take a walk,think about something,sit down,Intrinsic,36,0.25,0.86,0.61,0.92,0.35,-0.57
subj_80,think about something,get sick,remember something,Direct,68,0.23,1,0.77,0.01,0,-0.01
subj_80,think about something,get sick,remember something,Intrinsic,82,0.23,1,0.77,0.01,0,-0.01
subj_80,get tired,jump up and down,feel scared,Direct,50,0.04,0.78,0.73,0.47,0.5,0.03
subj_80,get tired,jump up and down,feel scared,Intrinsic,66,0.04,0.78,0.73,0.47,0.5,0.03
subj_80,experience pain,kick something,get tired,Direct,40,0.07,0.72,0.65,0.47,0.51,0.04
subj_80,experience pain,kick something,get tired,Intrinsic,43,0.07,0.72,0.65,0.47,0.51,0.04
subj_80,sit down,experience pain,jump up and down,Direct,18,0.08,0.87,0.79,0.61,0.3,-0.31
subj_80,sit down,experience pain,jump up and down,Intrinsic,35,0.08,0.87,0.79,0.61,0.3,-0.31
subj_80,become hungry,take a walk,feel scared,Direct,32,0.14,0.79,0.65,0.79,0.58,-0.2
subj_80,become hungry,take a walk,feel scared,Intrinsic,19,0.14,0.79,0.65,0.79,0.58,-0.2
subj_81,experience pain,kick something,get tired,Direct,75,0.07,0.72,0.65,0.47,0.51,0.04
subj_81,experience pain,kick something,get tired,Intrinsic,57,0.07,0.72,0.65,0.47,0.51,0.04
subj_81,reach for something,become hungry,kick something,Direct,82,0.18,0.83,0.65,0.62,0.49,-0.14
subj_81,reach for something,become hungry,kick something,Intrinsic,18,0.18,0.83,0.65,0.62,0.49,-0.14
subj_81,get sick,see something,get tired,Direct,16,0.4,0.95,0.55,0.42,0.37,-0.06
subj_81,get sick,see something,get tired,Intrinsic,67,0.4,0.95,0.55,0.42,0.37,-0.06
subj_81,remember something,take a walk,think about something,Direct,24,0.22,0.91,0.69,0,0,0
subj_81,remember something,take a walk,think about something,Intrinsic,18,0.22,0.91,0.69,0,0,0
subj_81,get tired,jump up and down,feel scared,Direct,11,0.04,0.78,0.73,0.47,0.5,0.03
subj_81,get tired,jump up and down,feel scared,Intrinsic,85,0.04,0.78,0.73,0.47,0.5,0.03
subj_81,kick something,think about something,sit down,Direct,2,0.4,0.9,0.5,0.84,0.53,-0.31
subj_81,kick something,think about something,sit down,Intrinsic,76,0.4,0.9,0.5,0.84,0.53,-0.31
subj_81,become hungry,take a walk,feel scared,Direct,50,0.14,0.79,0.65,0.79,0.58,-0.2
subj_81,become hungry,take a walk,feel scared,Intrinsic,83,0.14,0.79,0.65,0.79,0.58,-0.2
subj_81,jump up and down,see something,sit down,Direct,0,0.28,0.91,0.63,1,0.3,-0.7
subj_81,jump up and down,see something,sit down,Intrinsic,55,0.28,0.91,0.63,1,0.3,-0.7
subj_81,hear something,take a walk,see something,Direct,0,0.23,0.86,0.62,0.49,0.05,-0.44
subj_81,hear something,take a walk,see something,Intrinsic,95,0.23,0.86,0.62,0.49,0.05,-0.44
subj_81,take a walk,think about something,sit down,Direct,13,0.25,0.86,0.61,0.92,0.35,-0.57
subj_81,take a walk,think about something,sit down,Intrinsic,90,0.25,0.86,0.61,0.92,0.35,-0.57
subj_81,sit down,experience pain,jump up and down,Direct,23,0.08,0.87,0.79,0.61,0.3,-0.31
subj_81,sit down,experience pain,jump up and down,Intrinsic,37,0.08,0.87,0.79,0.61,0.3,-0.31
subj_81,think about something,get sick,remember something,Direct,25,0.23,1,0.77,0.01,0,-0.01
subj_81,think about something,get sick,remember something,Intrinsic,7,0.23,1,0.77,0.01,0,-0.01
subj_81,see something,take a walk,hear something,Direct,3,0.17,0.86,0.69,0.46,0.05,-0.41
subj_81,see something,take a walk,hear something,Intrinsic,45,0.17,0.86,0.69,0.46,0.05,-0.41
subj_81,choose what to do,experience pain,remember something,Direct,45,0.17,0.83,0.66,0.1,0.42,0.32
subj_81,choose what to do,experience pain,remember something,Intrinsic,32,0.17,0.83,0.66,0.1,0.42,0.32
subj_81,feel scared,see something,get tired,Direct,41,0.06,0.78,0.71,0.58,0.5,-0.08
subj_81,feel scared,see something,get tired,Intrinsic,75,0.06,0.78,0.71,0.58,0.5,-0.08
subj_82,hear something,take a walk,see something,Direct,75,0.23,0.86,0.62,0.49,0.05,-0.44
subj_82,hear something,take a walk,see something,Intrinsic,76,0.23,0.86,0.62,0.49,0.05,-0.44
subj_82,jump up and down,see something,sit down,Direct,76,0.28,0.91,0.63,1,0.3,-0.7
subj_82,jump up and down,see something,sit down,Intrinsic,0,0.28,0.91,0.63,1,0.3,-0.7
subj_82,become hungry,take a walk,feel scared,Direct,20,0.14,0.79,0.65,0.79,0.58,-0.2
subj_82,become hungry,take a walk,feel scared,Intrinsic,74,0.14,0.79,0.65,0.79,0.58,-0.2
subj_82,remember something,take a walk,think about something,Direct,20,0.22,0.91,0.69,0,0,0
subj_82,remember something,take a walk,think about something,Intrinsic,23,0.22,0.91,0.69,0,0,0
subj_82,experience pain,kick something,get tired,Direct,0,0.07,0.72,0.65,0.47,0.51,0.04
subj_82,experience pain,kick something,get tired,Intrinsic,33,0.07,0.72,0.65,0.47,0.51,0.04
subj_82,think about something,get sick,remember something,Direct,75,0.23,1,0.77,0.01,0,-0.01
subj_82,think about something,get sick,remember something,Intrinsic,27,0.23,1,0.77,0.01,0,-0.01
subj_82,get tired,jump up and down,feel scared,Direct,0,0.04,0.78,0.73,0.47,0.5,0.03
subj_82,get tired,jump up and down,feel scared,Intrinsic,25,0.04,0.78,0.73,0.47,0.5,0.03
subj_82,see something,take a walk,hear something,Direct,0,0.17,0.86,0.69,0.46,0.05,-0.41
subj_82,see something,take a walk,hear something,Intrinsic,75,0.17,0.86,0.69,0.46,0.05,-0.41
subj_82,get sick,see something,get tired,Direct,26,0.4,0.95,0.55,0.42,0.37,-0.06
subj_82,get sick,see something,get tired,Intrinsic,25,0.4,0.95,0.55,0.42,0.37,-0.06
subj_82,take a walk,think about something,sit down,Direct,72,0.25,0.86,0.61,0.92,0.35,-0.57
subj_82,take a walk,think about something,sit down,Intrinsic,85,0.25,0.86,0.61,0.92,0.35,-0.57
subj_82,reach for something,become hungry,kick something,Direct,24,0.18,0.83,0.65,0.62,0.49,-0.14
subj_82,reach for something,become hungry,kick something,Intrinsic,19,0.18,0.83,0.65,0.62,0.49,-0.14
subj_82,feel scared,see something,get tired,Direct,20,0.06,0.78,0.71,0.58,0.5,-0.08
subj_82,feel scared,see something,get tired,Intrinsic,65,0.06,0.78,0.71,0.58,0.5,-0.08
subj_82,sit down,experience pain,jump up and down,Direct,78,0.08,0.87,0.79,0.61,0.3,-0.31
subj_82,sit down,experience pain,jump up and down,Intrinsic,76,0.08,0.87,0.79,0.61,0.3,-0.31
subj_82,kick something,think about something,sit down,Direct,19,0.4,0.9,0.5,0.84,0.53,-0.31
subj_82,kick something,think about something,sit down,Intrinsic,14,0.4,0.9,0.5,0.84,0.53,-0.31
subj_82,choose what to do,experience pain,remember something,Direct,23,0.17,0.83,0.66,0.1,0.42,0.32
subj_82,choose what to do,experience pain,remember something,Intrinsic,23,0.17,0.83,0.66,0.1,0.42,0.32
subj_83,sit down,experience pain,jump up and down,Direct,33,0.08,0.87,0.79,0.61,0.3,-0.31
subj_83,sit down,experience pain,jump up and down,Intrinsic,2,0.08,0.87,0.79,0.61,0.3,-0.31
subj_83,kick something,think about something,sit down,Direct,0,0.4,0.9,0.5,0.84,0.53,-0.31
subj_83,kick something,think about something,sit down,Intrinsic,76,0.4,0.9,0.5,0.84,0.53,-0.31
subj_83,get sick,see something,get tired,Direct,8,0.4,0.95,0.55,0.42,0.37,-0.06
subj_83,get sick,see something,get tired,Intrinsic,50,0.4,0.95,0.55,0.42,0.37,-0.06
subj_83,hear something,take a walk,see something,Direct,8,0.23,0.86,0.62,0.49,0.05,-0.44
subj_83,hear something,take a walk,see something,Intrinsic,100,0.23,0.86,0.62,0.49,0.05,-0.44
subj_83,remember something,take a walk,think about something,Direct,97,0.22,0.91,0.69,0,0,0
subj_83,remember something,take a walk,think about something,Intrinsic,24,0.22,0.91,0.69,0,0,0
subj_83,think about something,get sick,remember something,Direct,22,0.23,1,0.77,0.01,0,-0.01
subj_83,think about something,get sick,remember something,Intrinsic,26,0.23,1,0.77,0.01,0,-0.01
subj_83,take a walk,think about something,sit down,Direct,25,0.25,0.86,0.61,0.92,0.35,-0.57
subj_83,take a walk,think about something,sit down,Intrinsic,72,0.25,0.86,0.61,0.92,0.35,-0.57
subj_83,get tired,jump up and down,feel scared,Direct,24,0.04,0.78,0.73,0.47,0.5,0.03
subj_83,get tired,jump up and down,feel scared,Intrinsic,33,0.04,0.78,0.73,0.47,0.5,0.03
subj_83,feel scared,see something,get tired,Direct,26,0.06,0.78,0.71,0.58,0.5,-0.08
subj_83,feel scared,see something,get tired,Intrinsic,25,0.06,0.78,0.71,0.58,0.5,-0.08
subj_83,see something,take a walk,hear something,Direct,0,0.17,0.86,0.69,0.46,0.05,-0.41
subj_83,see something,take a walk,hear something,Intrinsic,24,0.17,0.86,0.69,0.46,0.05,-0.41
subj_83,become hungry,take a walk,feel scared,Direct,95,0.14,0.79,0.65,0.79,0.58,-0.2
subj_83,become hungry,take a walk,feel scared,Intrinsic,78,0.14,0.79,0.65,0.79,0.58,-0.2
subj_83,reach for something,become hungry,kick something,Direct,5,0.18,0.83,0.65,0.62,0.49,-0.14
subj_83,reach for something,become hungry,kick something,Intrinsic,51,0.18,0.83,0.65,0.62,0.49,-0.14
subj_83,choose what to do,experience pain,remember something,Direct,14,0.17,0.83,0.66,0.1,0.42,0.32
subj_83,choose what to do,experience pain,remember something,Intrinsic,4,0.17,0.83,0.66,0.1,0.42,0.32
subj_83,jump up and down,see something,sit down,Direct,2,0.28,0.91,0.63,1,0.3,-0.7
subj_83,jump up and down,see something,sit down,Intrinsic,52,0.28,0.91,0.63,1,0.3,-0.7
subj_83,experience pain,kick something,get tired,Direct,0,0.07,0.72,0.65,0.47,0.51,0.04
subj_83,experience pain,kick something,get tired,Intrinsic,49,0.07,0.72,0.65,0.47,0.51,0.04
subj_84,take a walk,think about something,sit down,Direct,23,0.25,0.86,0.61,0.92,0.35,-0.57
subj_84,take a walk,think about something,sit down,Intrinsic,91,0.25,0.86,0.61,0.92,0.35,-0.57
subj_84,get sick,see something,get tired,Direct,26,0.4,0.95,0.55,0.42,0.37,-0.06
subj_84,get sick,see something,get tired,Intrinsic,75,0.4,0.95,0.55,0.42,0.37,-0.06
subj_84,kick something,think about something,sit down,Direct,5,0.4,0.9,0.5,0.84,0.53,-0.31
subj_84,kick something,think about something,sit down,Intrinsic,84,0.4,0.9,0.5,0.84,0.53,-0.31
subj_84,sit down,experience pain,jump up and down,Direct,3,0.08,0.87,0.79,0.61,0.3,-0.31
subj_84,sit down,experience pain,jump up and down,Intrinsic,63,0.08,0.87,0.79,0.61,0.3,-0.31
subj_84,choose what to do,experience pain,remember something,Direct,25,0.17,0.83,0.66,0.1,0.42,0.32
subj_84,choose what to do,experience pain,remember something,Intrinsic,17,0.17,0.83,0.66,0.1,0.42,0.32
subj_84,think about something,get sick,remember something,Direct,8,0.23,1,0.77,0.01,0,-0.01
subj_84,think about something,get sick,remember something,Intrinsic,10,0.23,1,0.77,0.01,0,-0.01
subj_84,reach for something,become hungry,kick something,Direct,16,0.18,0.83,0.65,0.62,0.49,-0.14
subj_84,reach for something,become hungry,kick something,Intrinsic,24,0.18,0.83,0.65,0.62,0.49,-0.14
subj_84,feel scared,see something,get tired,Direct,29,0.06,0.78,0.71,0.58,0.5,-0.08
subj_84,feel scared,see something,get tired,Intrinsic,68,0.06,0.78,0.71,0.58,0.5,-0.08
subj_84,get tired,jump up and down,feel scared,Direct,81,0.04,0.78,0.73,0.47,0.5,0.03
subj_84,get tired,jump up and down,feel scared,Intrinsic,70,0.04,0.78,0.73,0.47,0.5,0.03
subj_84,become hungry,take a walk,feel scared,Direct,4,0.14,0.79,0.65,0.79,0.58,-0.2
subj_84,become hungry,take a walk,feel scared,Intrinsic,92,0.14,0.79,0.65,0.79,0.58,-0.2
subj_84,jump up and down,see something,sit down,Direct,18,0.28,0.91,0.63,1,0.3,-0.7
subj_84,jump up and down,see something,sit down,Intrinsic,84,0.28,0.91,0.63,1,0.3,-0.7
subj_84,remember something,take a walk,think about something,Direct,23,0.22,0.91,0.69,0,0,0
subj_84,remember something,take a walk,think about something,Intrinsic,1,0.22,0.91,0.69,0,0,0
subj_84,experience pain,kick something,get tired,Direct,75,0.07,0.72,0.65,0.47,0.51,0.04
subj_84,experience pain,kick something,get tired,Intrinsic,26,0.07,0.72,0.65,0.47,0.51,0.04
subj_84,see something,take a walk,hear something,Direct,50,0.17,0.86,0.69,0.46,0.05,-0.41
subj_84,see something,take a walk,hear something,Intrinsic,61,0.17,0.86,0.69,0.46,0.05,-0.41
subj_84,hear something,take a walk,see something,Direct,9,0.23,0.86,0.62,0.49,0.05,-0.44
subj_84,hear something,take a walk,see something,Intrinsic,87,0.23,0.86,0.62,0.49,0.05,-0.44
subj_85,sit down,experience pain,jump up and down,Direct,76,0.08,0.87,0.79,0.61,0.3,-0.31
subj_85,sit down,experience pain,jump up and down,Intrinsic,75,0.08,0.87,0.79,0.61,0.3,-0.31
subj_85,become hungry,take a walk,feel scared,Direct,0,0.14,0.79,0.65,0.79,0.58,-0.2
subj_85,become hungry,take a walk,feel scared,Intrinsic,24,0.14,0.79,0.65,0.79,0.58,-0.2
subj_85,think about something,get sick,remember something,Direct,24,0.23,1,0.77,0.01,0,-0.01
subj_85,think about something,get sick,remember something,Intrinsic,25,0.23,1,0.77,0.01,0,-0.01
subj_85,reach for something,become hungry,kick something,Direct,25,0.18,0.83,0.65,0.62,0.49,-0.14
subj_85,reach for something,become hungry,kick something,Intrinsic,75,0.18,0.83,0.65,0.62,0.49,-0.14
subj_85,get sick,see something,get tired,Direct,24,0.4,0.95,0.55,0.42,0.37,-0.06
subj_85,get sick,see something,get tired,Intrinsic,0,0.4,0.95,0.55,0.42,0.37,-0.06
subj_85,experience pain,kick something,get tired,Direct,76,0.07,0.72,0.65,0.47,0.51,0.04
subj_85,experience pain,kick something,get tired,Intrinsic,24,0.07,0.72,0.65,0.47,0.51,0.04
subj_85,remember something,take a walk,think about something,Direct,26,0.22,0.91,0.69,0,0,0
subj_85,remember something,take a walk,think about something,Intrinsic,24,0.22,0.91,0.69,0,0,0
subj_85,take a walk,think about something,sit down,Direct,26,0.25,0.86,0.61,0.92,0.35,-0.57
subj_85,take a walk,think about something,sit down,Intrinsic,100,0.25,0.86,0.61,0.92,0.35,-0.57
subj_85,feel scared,see something,get tired,Direct,76,0.06,0.78,0.71,0.58,0.5,-0.08
subj_85,feel scared,see something,get tired,Intrinsic,0,0.06,0.78,0.71,0.58,0.5,-0.08
subj_85,hear something,take a walk,see something,Direct,25,0.23,0.86,0.62,0.49,0.05,-0.44
subj_85,hear something,take a walk,see something,Intrinsic,24,0.23,0.86,0.62,0.49,0.05,-0.44
subj_85,kick something,think about something,sit down,Direct,25,0.4,0.9,0.5,0.84,0.53,-0.31
subj_85,kick something,think about something,sit down,Intrinsic,24,0.4,0.9,0.5,0.84,0.53,-0.31
subj_85,see something,take a walk,hear something,Direct,25,0.17,0.86,0.69,0.46,0.05,-0.41
subj_85,see something,take a walk,hear something,Intrinsic,26,0.17,0.86,0.69,0.46,0.05,-0.41
subj_85,jump up and down,see something,sit down,Direct,0,0.28,0.91,0.63,1,0.3,-0.7
subj_85,jump up and down,see something,sit down,Intrinsic,100,0.28,0.91,0.63,1,0.3,-0.7
subj_85,choose what to do,experience pain,remember something,Direct,24,0.17,0.83,0.66,0.1,0.42,0.32
subj_85,choose what to do,experience pain,remember something,Intrinsic,76,0.17,0.83,0.66,0.1,0.42,0.32
subj_85,get tired,jump up and down,feel scared,Direct,24,0.04,0.78,0.73,0.47,0.5,0.03
subj_85,get tired,jump up and down,feel scared,Intrinsic,76,0.04,0.78,0.73,0.47,0.5,0.03
subj_86,become hungry,take a walk,feel scared,Direct,16,0.14,0.79,0.65,0.79,0.58,-0.2
subj_86,become hungry,take a walk,feel scared,Intrinsic,97,0.14,0.79,0.65,0.79,0.58,-0.2
subj_86,get sick,see something,get tired,Direct,50,0.4,0.95,0.55,0.42,0.37,-0.06
subj_86,get sick,see something,get tired,Intrinsic,93,0.4,0.95,0.55,0.42,0.37,-0.06
subj_86,see something,take a walk,hear something,Direct,36,0.17,0.86,0.69,0.46,0.05,-0.41
subj_86,see something,take a walk,hear something,Intrinsic,91,0.17,0.86,0.69,0.46,0.05,-0.41
subj_86,kick something,think about something,sit down,Direct,25,0.4,0.9,0.5,0.84,0.53,-0.31
subj_86,kick something,think about something,sit down,Intrinsic,24,0.4,0.9,0.5,0.84,0.53,-0.31
subj_86,experience pain,kick something,get tired,Direct,51,0.07,0.72,0.65,0.47,0.51,0.04
subj_86,experience pain,kick something,get tired,Intrinsic,75,0.07,0.72,0.65,0.47,0.51,0.04
subj_86,choose what to do,experience pain,remember something,Direct,50,0.17,0.83,0.66,0.1,0.42,0.32
subj_86,choose what to do,experience pain,remember something,Intrinsic,23,0.17,0.83,0.66,0.1,0.42,0.32
subj_86,jump up and down,see something,sit down,Direct,2,0.28,0.91,0.63,1,0.3,-0.7
subj_86,jump up and down,see something,sit down,Intrinsic,75,0.28,0.91,0.63,1,0.3,-0.7
subj_86,take a walk,think about something,sit down,Direct,75,0.25,0.86,0.61,0.92,0.35,-0.57
subj_86,take a walk,think about something,sit down,Intrinsic,90,0.25,0.86,0.61,0.92,0.35,-0.57
subj_86,feel scared,see something,get tired,Direct,1,0.06,0.78,0.71,0.58,0.5,-0.08
subj_86,feel scared,see something,get tired,Intrinsic,92,0.06,0.78,0.71,0.58,0.5,-0.08
subj_86,remember something,take a walk,think about something,Direct,23,0.22,0.91,0.69,0,0,0
subj_86,remember something,take a walk,think about something,Intrinsic,2,0.22,0.91,0.69,0,0,0
subj_86,get tired,jump up and down,feel scared,Direct,25,0.04,0.78,0.73,0.47,0.5,0.03
subj_86,get tired,jump up and down,feel scared,Intrinsic,95,0.04,0.78,0.73,0.47,0.5,0.03
subj_86,think about something,get sick,remember something,Direct,50,0.23,1,0.77,0.01,0,-0.01
subj_86,think about something,get sick,remember something,Intrinsic,0,0.23,1,0.77,0.01,0,-0.01
subj_86,sit down,experience pain,jump up and down,Direct,24,0.08,0.87,0.79,0.61,0.3,-0.31
subj_86,sit down,experience pain,jump up and down,Intrinsic,24,0.08,0.87,0.79,0.61,0.3,-0.31
subj_86,hear something,take a walk,see something,Direct,100,0.23,0.86,0.62,0.49,0.05,-0.44
subj_86,hear something,take a walk,see something,Intrinsic,25,0.23,0.86,0.62,0.49,0.05,-0.44
subj_86,reach for something,become hungry,kick something,Direct,24,0.18,0.83,0.65,0.62,0.49,-0.14
subj_86,reach for something,become hungry,kick something,Intrinsic,26,0.18,0.83,0.65,0.62,0.49,-0.14
subj_87,become hungry,take a walk,feel scared,Direct,23,0.14,0.79,0.65,0.79,0.58,-0.2
subj_87,become hungry,take a walk,feel scared,Intrinsic,78,0.14,0.79,0.65,0.79,0.58,-0.2
subj_87,experience pain,kick something,get tired,Direct,75,0.07,0.72,0.65,0.47,0.51,0.04
subj_87,experience pain,kick something,get tired,Intrinsic,65,0.07,0.72,0.65,0.47,0.51,0.04
subj_87,remember something,take a walk,think about something,Direct,59,0.22,0.91,0.69,0,0,0
subj_87,remember something,take a walk,think about something,Intrinsic,10,0.22,0.91,0.69,0,0,0
subj_87,jump up and down,see something,sit down,Direct,43,0.28,0.91,0.63,1,0.3,-0.7
subj_87,jump up and down,see something,sit down,Intrinsic,67,0.28,0.91,0.63,1,0.3,-0.7
subj_87,kick something,think about something,sit down,Direct,76,0.4,0.9,0.5,0.84,0.53,-0.31
subj_87,kick something,think about something,sit down,Intrinsic,12,0.4,0.9,0.5,0.84,0.53,-0.31
subj_87,feel scared,see something,get tired,Direct,0,0.06,0.78,0.71,0.58,0.5,-0.08
subj_87,feel scared,see something,get tired,Intrinsic,50,0.06,0.78,0.71,0.58,0.5,-0.08
subj_87,take a walk,think about something,sit down,Direct,0,0.25,0.86,0.61,0.92,0.35,-0.57
subj_87,take a walk,think about something,sit down,Intrinsic,70,0.25,0.86,0.61,0.92,0.35,-0.57
subj_87,sit down,experience pain,jump up and down,Direct,75,0.08,0.87,0.79,0.61,0.3,-0.31
subj_87,sit down,experience pain,jump up and down,Intrinsic,40,0.08,0.87,0.79,0.61,0.3,-0.31
subj_87,choose what to do,experience pain,remember something,Direct,0,0.17,0.83,0.66,0.1,0.42,0.32
subj_87,choose what to do,experience pain,remember something,Intrinsic,49,0.17,0.83,0.66,0.1,0.42,0.32
subj_87,get tired,jump up and down,feel scared,Direct,0,0.04,0.78,0.73,0.47,0.5,0.03
subj_87,get tired,jump up and down,feel scared,Intrinsic,63,0.04,0.78,0.73,0.47,0.5,0.03
subj_87,hear something,take a walk,see something,Direct,71,0.23,0.86,0.62,0.49,0.05,-0.44
subj_87,hear something,take a walk,see something,Intrinsic,25,0.23,0.86,0.62,0.49,0.05,-0.44
subj_87,think about something,get sick,remember something,Direct,34,0.23,1,0.77,0.01,0,-0.01
subj_87,think about something,get sick,remember something,Intrinsic,26,0.23,1,0.77,0.01,0,-0.01
subj_87,reach for something,become hungry,kick something,Direct,37,0.18,0.83,0.65,0.62,0.49,-0.14
subj_87,reach for something,become hungry,kick something,Intrinsic,32,0.18,0.83,0.65,0.62,0.49,-0.14
subj_87,see something,take a walk,hear something,Direct,70,0.17,0.86,0.69,0.46,0.05,-0.41
subj_87,see something,take a walk,hear something,Intrinsic,58,0.17,0.86,0.69,0.46,0.05,-0.41
subj_87,get sick,see something,get tired,Direct,16,0.4,0.95,0.55,0.42,0.37,-0.06
subj_87,get sick,see something,get tired,Intrinsic,91,0.4,0.95,0.55,0.42,0.37,-0.06
subj_88,reach for something,become hungry,kick something,Direct,58,0.18,0.83,0.65,0.62,0.49,-0.14
subj_88,reach for something,become hungry,kick something,Intrinsic,66,0.18,0.83,0.65,0.62,0.49,-0.14
subj_88,think about something,get sick,remember something,Direct,26,0.23,1,0.77,0.01,0,-0.01
subj_88,think about something,get sick,remember something,Intrinsic,32,0.23,1,0.77,0.01,0,-0.01
subj_88,experience pain,kick something,get tired,Direct,10,0.07,0.72,0.65,0.47,0.51,0.04
subj_88,experience pain,kick something,get tired,Intrinsic,61,0.07,0.72,0.65,0.47,0.51,0.04
subj_88,feel scared,see something,get tired,Direct,11,0.06,0.78,0.71,0.58,0.5,-0.08
subj_88,feel scared,see something,get tired,Intrinsic,34,0.06,0.78,0.71,0.58,0.5,-0.08
subj_88,become hungry,take a walk,feel scared,Direct,15,0.14,0.79,0.65,0.79,0.58,-0.2
subj_88,become hungry,take a walk,feel scared,Intrinsic,68,0.14,0.79,0.65,0.79,0.58,-0.2
subj_88,see something,take a walk,hear something,Direct,0,0.17,0.86,0.69,0.46,0.05,-0.41
subj_88,see something,take a walk,hear something,Intrinsic,24,0.17,0.86,0.69,0.46,0.05,-0.41
subj_88,get tired,jump up and down,feel scared,Direct,9,0.04,0.78,0.73,0.47,0.5,0.03
subj_88,get tired,jump up and down,feel scared,Intrinsic,66,0.04,0.78,0.73,0.47,0.5,0.03
subj_88,sit down,experience pain,jump up and down,Direct,75,0.08,0.87,0.79,0.61,0.3,-0.31
subj_88,sit down,experience pain,jump up and down,Intrinsic,32,0.08,0.87,0.79,0.61,0.3,-0.31
subj_88,get sick,see something,get tired,Direct,14,0.4,0.95,0.55,0.42,0.37,-0.06
subj_88,get sick,see something,get tired,Intrinsic,25,0.4,0.95,0.55,0.42,0.37,-0.06
subj_88,remember something,take a walk,think about something,Direct,65,0.22,0.91,0.69,0,0,0
subj_88,remember something,take a walk,think about something,Intrinsic,12,0.22,0.91,0.69,0,0,0
subj_88,take a walk,think about something,sit down,Direct,6,0.25,0.86,0.61,0.92,0.35,-0.57
subj_88,take a walk,think about something,sit down,Intrinsic,85,0.25,0.86,0.61,0.92,0.35,-0.57
subj_88,kick something,think about something,sit down,Direct,0,0.4,0.9,0.5,0.84,0.53,-0.31
subj_88,kick something,think about something,sit down,Intrinsic,70,0.4,0.9,0.5,0.84,0.53,-0.31
subj_88,choose what to do,experience pain,remember something,Direct,60,0.17,0.83,0.66,0.1,0.42,0.32
subj_88,choose what to do,experience pain,remember something,Intrinsic,63,0.17,0.83,0.66,0.1,0.42,0.32
subj_88,jump up and down,see something,sit down,Direct,12,0.28,0.91,0.63,1,0.3,-0.7
subj_88,jump up and down,see something,sit down,Intrinsic,25,0.28,0.91,0.63,1,0.3,-0.7
subj_88,hear something,take a walk,see something,Direct,76,0.23,0.86,0.62,0.49,0.05,-0.44
subj_88,hear something,take a walk,see something,Intrinsic,16,0.23,0.86,0.62,0.49,0.05,-0.44
subj_89,get sick,see something,get tired,Direct,23,0.4,0.95,0.55,0.42,0.37,-0.06
subj_89,get sick,see something,get tired,Intrinsic,25,0.4,0.95,0.55,0.42,0.37,-0.06
subj_89,kick something,think about something,sit down,Direct,54,0.4,0.9,0.5,0.84,0.53,-0.31
subj_89,kick something,think about something,sit down,Intrinsic,74,0.4,0.9,0.5,0.84,0.53,-0.31
subj_89,get tired,jump up and down,feel scared,Direct,49,0.04,0.78,0.73,0.47,0.5,0.03
subj_89,get tired,jump up and down,feel scared,Intrinsic,26,0.04,0.78,0.73,0.47,0.5,0.03
subj_89,choose what to do,experience pain,remember something,Direct,52,0.17,0.83,0.66,0.1,0.42,0.32
subj_89,choose what to do,experience pain,remember something,Intrinsic,1,0.17,0.83,0.66,0.1,0.42,0.32
subj_89,remember something,take a walk,think about something,Direct,4,0.22,0.91,0.69,0,0,0
subj_89,remember something,take a walk,think about something,Intrinsic,3,0.22,0.91,0.69,0,0,0
subj_89,reach for something,become hungry,kick something,Direct,26,0.18,0.83,0.65,0.62,0.49,-0.14
subj_89,reach for something,become hungry,kick something,Intrinsic,1,0.18,0.83,0.65,0.62,0.49,-0.14
subj_89,see something,take a walk,hear something,Direct,24,0.17,0.86,0.69,0.46,0.05,-0.41
subj_89,see something,take a walk,hear something,Intrinsic,74,0.17,0.86,0.69,0.46,0.05,-0.41
subj_89,become hungry,take a walk,feel scared,Direct,54,0.14,0.79,0.65,0.79,0.58,-0.2
subj_89,become hungry,take a walk,feel scared,Intrinsic,49,0.14,0.79,0.65,0.79,0.58,-0.2
subj_89,feel scared,see something,get tired,Direct,61,0.06,0.78,0.71,0.58,0.5,-0.08
subj_89,feel scared,see something,get tired,Intrinsic,49,0.06,0.78,0.71,0.58,0.5,-0.08
subj_89,think about something,get sick,remember something,Direct,7,0.23,1,0.77,0.01,0,-0.01
subj_89,think about something,get sick,remember something,Intrinsic,1,0.23,1,0.77,0.01,0,-0.01
subj_89,jump up and down,see something,sit down,Direct,25,0.28,0.91,0.63,1,0.3,-0.7
subj_89,jump up and down,see something,sit down,Intrinsic,51,0.28,0.91,0.63,1,0.3,-0.7
subj_89,hear something,take a walk,see something,Direct,3,0.23,0.86,0.62,0.49,0.05,-0.44
subj_89,hear something,take a walk,see something,Intrinsic,88,0.23,0.86,0.62,0.49,0.05,-0.44
subj_89,sit down,experience pain,jump up and down,Direct,24,0.08,0.87,0.79,0.61,0.3,-0.31
subj_89,sit down,experience pain,jump up and down,Intrinsic,75,0.08,0.87,0.79,0.61,0.3,-0.31
subj_89,experience pain,kick something,get tired,Direct,90,0.07,0.72,0.65,0.47,0.51,0.04
subj_89,experience pain,kick something,get tired,Intrinsic,49,0.07,0.72,0.65,0.47,0.51,0.04
subj_89,take a walk,think about something,sit down,Direct,71,0.25,0.86,0.61,0.92,0.35,-0.57
subj_89,take a walk,think about something,sit down,Intrinsic,51,0.25,0.86,0.61,0.92,0.35,-0.57
subj_90,become hungry,take a walk,feel scared,Direct,24,0.14,0.79,0.65,0.79,0.58,-0.2
subj_90,become hungry,take a walk,feel scared,Intrinsic,77,0.14,0.79,0.65,0.79,0.58,-0.2
subj_90,see something,take a walk,hear something,Direct,74,0.17,0.86,0.69,0.46,0.05,-0.41
subj_90,see something,take a walk,hear something,Intrinsic,76,0.17,0.86,0.69,0.46,0.05,-0.41
subj_90,reach for something,become hungry,kick something,Direct,0,0.18,0.83,0.65,0.62,0.49,-0.14
subj_90,reach for something,become hungry,kick something,Intrinsic,25,0.18,0.83,0.65,0.62,0.49,-0.14
subj_90,hear something,take a walk,see something,Direct,24,0.23,0.86,0.62,0.49,0.05,-0.44
subj_90,hear something,take a walk,see something,Intrinsic,25,0.23,0.86,0.62,0.49,0.05,-0.44
subj_90,remember something,take a walk,think about something,Direct,25,0.22,0.91,0.69,0,0,0
subj_90,remember something,take a walk,think about something,Intrinsic,24,0.22,0.91,0.69,0,0,0
subj_90,get sick,see something,get tired,Direct,25,0.4,0.95,0.55,0.42,0.37,-0.06
subj_90,get sick,see something,get tired,Intrinsic,26,0.4,0.95,0.55,0.42,0.37,-0.06
subj_90,think about something,get sick,remember something,Direct,74,0.23,1,0.77,0.01,0,-0.01
subj_90,think about something,get sick,remember something,Intrinsic,24,0.23,1,0.77,0.01,0,-0.01
subj_90,get tired,jump up and down,feel scared,Direct,25,0.04,0.78,0.73,0.47,0.5,0.03
subj_90,get tired,jump up and down,feel scared,Intrinsic,75,0.04,0.78,0.73,0.47,0.5,0.03
subj_90,kick something,think about something,sit down,Direct,75,0.4,0.9,0.5,0.84,0.53,-0.31
subj_90,kick something,think about something,sit down,Intrinsic,24,0.4,0.9,0.5,0.84,0.53,-0.31
subj_90,take a walk,think about something,sit down,Direct,0,0.25,0.86,0.61,0.92,0.35,-0.57
subj_90,take a walk,think about something,sit down,Intrinsic,75,0.25,0.86,0.61,0.92,0.35,-0.57
subj_90,experience pain,kick something,get tired,Direct,0,0.07,0.72,0.65,0.47,0.51,0.04
subj_90,experience pain,kick something,get tired,Intrinsic,27,0.07,0.72,0.65,0.47,0.51,0.04
subj_90,feel scared,see something,get tired,Direct,27,0.06,0.78,0.71,0.58,0.5,-0.08
subj_90,feel scared,see something,get tired,Intrinsic,25,0.06,0.78,0.71,0.58,0.5,-0.08
subj_90,choose what to do,experience pain,remember something,Direct,0,0.17,0.83,0.66,0.1,0.42,0.32
subj_90,choose what to do,experience pain,remember something,Intrinsic,26,0.17,0.83,0.66,0.1,0.42,0.32
subj_90,jump up and down,see something,sit down,Direct,76,0.28,0.91,0.63,1,0.3,-0.7
subj_90,jump up and down,see something,sit down,Intrinsic,75,0.28,0.91,0.63,1,0.3,-0.7
subj_90,sit down,experience pain,jump up and down,Direct,76,0.08,0.87,0.79,0.61,0.3,-0.31
subj_90,sit down,experience pain,jump up and down,Intrinsic,25,0.08,0.87,0.79,0.61,0.3,-0.31
subj_91,become hungry,take a walk,feel scared,Direct,31,0.14,0.79,0.65,0.79,0.58,-0.2
subj_91,become hungry,take a walk,feel scared,Intrinsic,85,0.14,0.79,0.65,0.79,0.58,-0.2
subj_91,hear something,take a walk,see something,Direct,21,0.23,0.86,0.62,0.49,0.05,-0.44
subj_91,hear something,take a walk,see something,Intrinsic,60,0.23,0.86,0.62,0.49,0.05,-0.44
subj_91,think about something,get sick,remember something,Direct,100,0.23,1,0.77,0.01,0,-0.01
subj_91,think about something,get sick,remember something,Intrinsic,60,0.23,1,0.77,0.01,0,-0.01
subj_91,sit down,experience pain,jump up and down,Direct,33,0.08,0.87,0.79,0.61,0.3,-0.31
subj_91,sit down,experience pain,jump up and down,Intrinsic,61,0.08,0.87,0.79,0.61,0.3,-0.31
subj_91,jump up and down,see something,sit down,Direct,32,0.28,0.91,0.63,1,0.3,-0.7
subj_91,jump up and down,see something,sit down,Intrinsic,73,0.28,0.91,0.63,1,0.3,-0.7
subj_91,take a walk,think about something,sit down,Direct,60,0.25,0.86,0.61,0.92,0.35,-0.57
subj_91,take a walk,think about something,sit down,Intrinsic,66,0.25,0.86,0.61,0.92,0.35,-0.57
subj_91,choose what to do,experience pain,remember something,Direct,80,0.17,0.83,0.66,0.1,0.42,0.32
subj_91,choose what to do,experience pain,remember something,Intrinsic,34,0.17,0.83,0.66,0.1,0.42,0.32
subj_91,feel scared,see something,get tired,Direct,34,0.06,0.78,0.71,0.58,0.5,-0.08
subj_91,feel scared,see something,get tired,Intrinsic,40,0.06,0.78,0.71,0.58,0.5,-0.08
subj_91,remember something,take a walk,think about something,Direct,18,0.22,0.91,0.69,0,0,0
subj_91,remember something,take a walk,think about something,Intrinsic,62,0.22,0.91,0.69,0,0,0
subj_91,get sick,see something,get tired,Direct,17,0.4,0.95,0.55,0.42,0.37,-0.06
subj_91,get sick,see something,get tired,Intrinsic,91,0.4,0.95,0.55,0.42,0.37,-0.06
subj_91,kick something,think about something,sit down,Direct,28,0.4,0.9,0.5,0.84,0.53,-0.31
subj_91,kick something,think about something,sit down,Intrinsic,41,0.4,0.9,0.5,0.84,0.53,-0.31
subj_91,experience pain,kick something,get tired,Direct,46,0.07,0.72,0.65,0.47,0.51,0.04
subj_91,experience pain,kick something,get tired,Intrinsic,84,0.07,0.72,0.65,0.47,0.51,0.04
subj_91,get tired,jump up and down,feel scared,Direct,61,0.04,0.78,0.73,0.47,0.5,0.03
subj_91,get tired,jump up and down,feel scared,Intrinsic,41,0.04,0.78,0.73,0.47,0.5,0.03
subj_91,see something,take a walk,hear something,Direct,63,0.17,0.86,0.69,0.46,0.05,-0.41
subj_91,see something,take a walk,hear something,Intrinsic,37,0.17,0.86,0.69,0.46,0.05,-0.41
subj_91,reach for something,become hungry,kick something,Direct,39,0.18,0.83,0.65,0.62,0.49,-0.14
subj_91,reach for something,become hungry,kick something,Intrinsic,36,0.18,0.83,0.65,0.62,0.49,-0.14
subj_92,see something,take a walk,hear something,Direct,75,0.17,0.86,0.69,0.46,0.05,-0.41
subj_92,see something,take a walk,hear something,Intrinsic,97,0.17,0.86,0.69,0.46,0.05,-0.41
subj_92,get tired,jump up and down,feel scared,Direct,50,0.04,0.78,0.73,0.47,0.5,0.03
subj_92,get tired,jump up and down,feel scared,Intrinsic,27,0.04,0.78,0.73,0.47,0.5,0.03
subj_92,get sick,see something,get tired,Direct,27,0.4,0.95,0.55,0.42,0.37,-0.06
subj_92,get sick,see something,get tired,Intrinsic,28,0.4,0.95,0.55,0.42,0.37,-0.06
subj_92,hear something,take a walk,see something,Direct,26,0.23,0.86,0.62,0.49,0.05,-0.44
subj_92,hear something,take a walk,see something,Intrinsic,26,0.23,0.86,0.62,0.49,0.05,-0.44
subj_92,reach for something,become hungry,kick something,Direct,76,0.18,0.83,0.65,0.62,0.49,-0.14
subj_92,reach for something,become hungry,kick something,Intrinsic,74,0.18,0.83,0.65,0.62,0.49,-0.14
subj_92,jump up and down,see something,sit down,Direct,25,0.28,0.91,0.63,1,0.3,-0.7
subj_92,jump up and down,see something,sit down,Intrinsic,26,0.28,0.91,0.63,1,0.3,-0.7
subj_92,take a walk,think about something,sit down,Direct,1,0.25,0.86,0.61,0.92,0.35,-0.57
subj_92,take a walk,think about something,sit down,Intrinsic,28,0.25,0.86,0.61,0.92,0.35,-0.57
subj_92,experience pain,kick something,get tired,Direct,75,0.07,0.72,0.65,0.47,0.51,0.04
subj_92,experience pain,kick something,get tired,Intrinsic,74,0.07,0.72,0.65,0.47,0.51,0.04
subj_92,remember something,take a walk,think about something,Direct,27,0.22,0.91,0.69,0,0,0
subj_92,remember something,take a walk,think about something,Intrinsic,75,0.22,0.91,0.69,0,0,0
subj_92,become hungry,take a walk,feel scared,Direct,74,0.14,0.79,0.65,0.79,0.58,-0.2
subj_92,become hungry,take a walk,feel scared,Intrinsic,25,0.14,0.79,0.65,0.79,0.58,-0.2
subj_92,feel scared,see something,get tired,Direct,2,0.06,0.78,0.71,0.58,0.5,-0.08
subj_92,feel scared,see something,get tired,Intrinsic,74,0.06,0.78,0.71,0.58,0.5,-0.08
subj_92,kick something,think about something,sit down,Direct,27,0.4,0.9,0.5,0.84,0.53,-0.31
subj_92,kick something,think about something,sit down,Intrinsic,26,0.4,0.9,0.5,0.84,0.53,-0.31
subj_92,think about something,get sick,remember something,Direct,25,0.23,1,0.77,0.01,0,-0.01
subj_92,think about something,get sick,remember something,Intrinsic,76,0.23,1,0.77,0.01,0,-0.01
subj_92,choose what to do,experience pain,remember something,Direct,25,0.17,0.83,0.66,0.1,0.42,0.32
subj_92,choose what to do,experience pain,remember something,Intrinsic,27,0.17,0.83,0.66,0.1,0.42,0.32
subj_92,sit down,experience pain,jump up and down,Direct,73,0.08,0.87,0.79,0.61,0.3,-0.31
subj_92,sit down,experience pain,jump up and down,Intrinsic,75,0.08,0.87,0.79,0.61,0.3,-0.31
subj_93,reach for something,become hungry,kick something,Direct,37,0.18,0.83,0.65,0.62,0.49,-0.14
subj_93,reach for something,become hungry,kick something,Intrinsic,6,0.18,0.83,0.65,0.62,0.49,-0.14
subj_93,feel scared,see something,get tired,Direct,29,0.06,0.78,0.71,0.58,0.5,-0.08
subj_93,feel scared,see something,get tired,Intrinsic,68,0.06,0.78,0.71,0.58,0.5,-0.08
subj_93,think about something,get sick,remember something,Direct,19,0.23,1,0.77,0.01,0,-0.01
subj_93,think about something,get sick,remember something,Intrinsic,3,0.23,1,0.77,0.01,0,-0.01
subj_93,experience pain,kick something,get tired,Direct,0,0.07,0.72,0.65,0.47,0.51,0.04
subj_93,experience pain,kick something,get tired,Intrinsic,42,0.07,0.72,0.65,0.47,0.51,0.04
subj_93,get sick,see something,get tired,Direct,19,0.4,0.95,0.55,0.42,0.37,-0.06
subj_93,get sick,see something,get tired,Intrinsic,57,0.4,0.95,0.55,0.42,0.37,-0.06
subj_93,choose what to do,experience pain,remember something,Direct,0,0.17,0.83,0.66,0.1,0.42,0.32
subj_93,choose what to do,experience pain,remember something,Intrinsic,30,0.17,0.83,0.66,0.1,0.42,0.32
subj_93,jump up and down,see something,sit down,Direct,2,0.28,0.91,0.63,1,0.3,-0.7
subj_93,jump up and down,see something,sit down,Intrinsic,37,0.28,0.91,0.63,1,0.3,-0.7
subj_93,sit down,experience pain,jump up and down,Direct,5,0.08,0.87,0.79,0.61,0.3,-0.31
subj_93,sit down,experience pain,jump up and down,Intrinsic,0,0.08,0.87,0.79,0.61,0.3,-0.31
subj_93,become hungry,take a walk,feel scared,Direct,18,0.14,0.79,0.65,0.79,0.58,-0.2
subj_93,become hungry,take a walk,feel scared,Intrinsic,56,0.14,0.79,0.65,0.79,0.58,-0.2
subj_93,get tired,jump up and down,feel scared,Direct,32,0.04,0.78,0.73,0.47,0.5,0.03
subj_93,get tired,jump up and down,feel scared,Intrinsic,19,0.04,0.78,0.73,0.47,0.5,0.03
subj_93,remember something,take a walk,think about something,Direct,0,0.22,0.91,0.69,0,0,0
subj_93,remember something,take a walk,think about something,Intrinsic,9,0.22,0.91,0.69,0,0,0
subj_93,see something,take a walk,hear something,Direct,18,0.17,0.86,0.69,0.46,0.05,-0.41
subj_93,see something,take a walk,hear something,Intrinsic,10,0.17,0.86,0.69,0.46,0.05,-0.41
subj_93,hear something,take a walk,see something,Direct,2,0.23,0.86,0.62,0.49,0.05,-0.44
subj_93,hear something,take a walk,see something,Intrinsic,27,0.23,0.86,0.62,0.49,0.05,-0.44
subj_93,take a walk,think about something,sit down,Direct,6,0.25,0.86,0.61,0.92,0.35,-0.57
subj_93,take a walk,think about something,sit down,Intrinsic,68,0.25,0.86,0.61,0.92,0.35,-0.57
subj_93,kick something,think about something,sit down,Direct,7,0.4,0.9,0.5,0.84,0.53,-0.31
subj_93,kick something,think about something,sit down,Intrinsic,6,0.4,0.9,0.5,0.84,0.53,-0.31
subj_94,experience pain,kick something,get tired,Direct,75,0.07,0.72,0.65,0.47,0.51,0.04
subj_94,experience pain,kick something,get tired,Intrinsic,74,0.07,0.72,0.65,0.47,0.51,0.04
subj_94,see something,take a walk,hear something,Direct,23,0.17,0.86,0.69,0.46,0.05,-0.41
subj_94,see something,take a walk,hear something,Intrinsic,74,0.17,0.86,0.69,0.46,0.05,-0.41
subj_94,sit down,experience pain,jump up and down,Direct,2,0.08,0.87,0.79,0.61,0.3,-0.31
subj_94,sit down,experience pain,jump up and down,Intrinsic,24,0.08,0.87,0.79,0.61,0.3,-0.31
subj_94,become hungry,take a walk,feel scared,Direct,9,0.14,0.79,0.65,0.79,0.58,-0.2
subj_94,become hungry,take a walk,feel scared,Intrinsic,100,0.14,0.79,0.65,0.79,0.58,-0.2
subj_94,reach for something,become hungry,kick something,Direct,9,0.18,0.83,0.65,0.62,0.49,-0.14
subj_94,reach for something,become hungry,kick something,Intrinsic,34,0.18,0.83,0.65,0.62,0.49,-0.14
subj_94,remember something,take a walk,think about something,Direct,0,0.22,0.91,0.69,0,0,0
subj_94,remember something,take a walk,think about something,Intrinsic,0,0.22,0.91,0.69,0,0,0
subj_94,get sick,see something,get tired,Direct,13,0.4,0.95,0.55,0.42,0.37,-0.06
subj_94,get sick,see something,get tired,Intrinsic,42,0.4,0.95,0.55,0.42,0.37,-0.06
subj_94,kick something,think about something,sit down,Direct,0,0.4,0.9,0.5,0.84,0.53,-0.31
subj_94,kick something,think about something,sit down,Intrinsic,65,0.4,0.9,0.5,0.84,0.53,-0.31
subj_94,jump up and down,see something,sit down,Direct,74,0.28,0.91,0.63,1,0.3,-0.7
subj_94,jump up and down,see something,sit down,Intrinsic,74,0.28,0.91,0.63,1,0.3,-0.7
subj_94,take a walk,think about something,sit down,Direct,0,0.25,0.86,0.61,0.92,0.35,-0.57
subj_94,take a walk,think about something,sit down,Intrinsic,25,0.25,0.86,0.61,0.92,0.35,-0.57
subj_94,choose what to do,experience pain,remember something,Direct,25,0.17,0.83,0.66,0.1,0.42,0.32
subj_94,choose what to do,experience pain,remember something,Intrinsic,0,0.17,0.83,0.66,0.1,0.42,0.32
subj_94,get tired,jump up and down,feel scared,Direct,0,0.04,0.78,0.73,0.47,0.5,0.03
subj_94,get tired,jump up and down,feel scared,Intrinsic,18,0.04,0.78,0.73,0.47,0.5,0.03
subj_94,hear something,take a walk,see something,Direct,36,0.23,0.86,0.62,0.49,0.05,-0.44
subj_94,hear something,take a walk,see something,Intrinsic,72,0.23,0.86,0.62,0.49,0.05,-0.44
subj_94,feel scared,see something,get tired,Direct,0,0.06,0.78,0.71,0.58,0.5,-0.08
subj_94,feel scared,see something,get tired,Intrinsic,71,0.06,0.78,0.71,0.58,0.5,-0.08
subj_94,think about something,get sick,remember something,Direct,24,0.23,1,0.77,0.01,0,-0.01
subj_94,think about something,get sick,remember something,Intrinsic,25,0.23,1,0.77,0.01,0,-0.01
subj_95,become hungry,take a walk,feel scared,Direct,74,0.14,0.79,0.65,0.79,0.58,-0.2
subj_95,become hungry,take a walk,feel scared,Intrinsic,75,0.14,0.79,0.65,0.79,0.58,-0.2
subj_95,take a walk,think about something,sit down,Direct,75,0.25,0.86,0.61,0.92,0.35,-0.57
subj_95,take a walk,think about something,sit down,Intrinsic,75,0.25,0.86,0.61,0.92,0.35,-0.57
subj_95,sit down,experience pain,jump up and down,Direct,74,0.08,0.87,0.79,0.61,0.3,-0.31
subj_95,sit down,experience pain,jump up and down,Intrinsic,75,0.08,0.87,0.79,0.61,0.3,-0.31
subj_95,reach for something,become hungry,kick something,Direct,75,0.18,0.83,0.65,0.62,0.49,-0.14
subj_95,reach for something,become hungry,kick something,Intrinsic,75,0.18,0.83,0.65,0.62,0.49,-0.14
subj_95,kick something,think about something,sit down,Direct,74,0.4,0.9,0.5,0.84,0.53,-0.31
subj_95,kick something,think about something,sit down,Intrinsic,75,0.4,0.9,0.5,0.84,0.53,-0.31
subj_95,experience pain,kick something,get tired,Direct,74,0.07,0.72,0.65,0.47,0.51,0.04
subj_95,experience pain,kick something,get tired,Intrinsic,75,0.07,0.72,0.65,0.47,0.51,0.04
subj_95,remember something,take a walk,think about something,Direct,74,0.22,0.91,0.69,0,0,0
subj_95,remember something,take a walk,think about something,Intrinsic,75,0.22,0.91,0.69,0,0,0
subj_95,choose what to do,experience pain,remember something,Direct,75,0.17,0.83,0.66,0.1,0.42,0.32
subj_95,choose what to do,experience pain,remember something,Intrinsic,74,0.17,0.83,0.66,0.1,0.42,0.32
subj_95,think about something,get sick,remember something,Direct,75,0.23,1,0.77,0.01,0,-0.01
subj_95,think about something,get sick,remember something,Intrinsic,74,0.23,1,0.77,0.01,0,-0.01
subj_95,feel scared,see something,get tired,Direct,75,0.06,0.78,0.71,0.58,0.5,-0.08
subj_95,feel scared,see something,get tired,Intrinsic,74,0.06,0.78,0.71,0.58,0.5,-0.08
subj_95,see something,take a walk,hear something,Direct,75,0.17,0.86,0.69,0.46,0.05,-0.41
subj_95,see something,take a walk,hear something,Intrinsic,75,0.17,0.86,0.69,0.46,0.05,-0.41
subj_95,jump up and down,see something,sit down,Direct,75,0.28,0.91,0.63,1,0.3,-0.7
subj_95,jump up and down,see something,sit down,Intrinsic,75,0.28,0.91,0.63,1,0.3,-0.7
subj_95,get sick,see something,get tired,Direct,75,0.4,0.95,0.55,0.42,0.37,-0.06
subj_95,get sick,see something,get tired,Intrinsic,74,0.4,0.95,0.55,0.42,0.37,-0.06
subj_95,hear something,take a walk,see something,Direct,74,0.23,0.86,0.62,0.49,0.05,-0.44
subj_95,hear something,take a walk,see something,Intrinsic,74,0.23,0.86,0.62,0.49,0.05,-0.44
subj_95,get tired,jump up and down,feel scared,Direct,74,0.04,0.78,0.73,0.47,0.5,0.03
subj_95,get tired,jump up and down,feel scared,Intrinsic,75,0.04,0.78,0.73,0.47,0.5,0.03
subj_96,get tired,jump up and down,feel scared,Direct,76,0.04,0.78,0.73,0.47,0.5,0.03
subj_96,get tired,jump up and down,feel scared,Intrinsic,99,0.04,0.78,0.73,0.47,0.5,0.03
subj_96,choose what to do,experience pain,remember something,Direct,0,0.17,0.83,0.66,0.1,0.42,0.32
subj_96,choose what to do,experience pain,remember something,Intrinsic,0,0.17,0.83,0.66,0.1,0.42,0.32
subj_96,jump up and down,see something,sit down,Direct,0,0.28,0.91,0.63,1,0.3,-0.7
subj_96,jump up and down,see something,sit down,Intrinsic,74,0.28,0.91,0.63,1,0.3,-0.7
subj_96,feel scared,see something,get tired,Direct,73,0.06,0.78,0.71,0.58,0.5,-0.08
subj_96,feel scared,see something,get tired,Intrinsic,69,0.06,0.78,0.71,0.58,0.5,-0.08
subj_96,kick something,think about something,sit down,Direct,75,0.4,0.9,0.5,0.84,0.53,-0.31
subj_96,kick something,think about something,sit down,Intrinsic,72,0.4,0.9,0.5,0.84,0.53,-0.31
subj_96,hear something,take a walk,see something,Direct,26,0.23,0.86,0.62,0.49,0.05,-0.44
subj_96,hear something,take a walk,see something,Intrinsic,23,0.23,0.86,0.62,0.49,0.05,-0.44
subj_96,take a walk,think about something,sit down,Direct,2,0.25,0.86,0.61,0.92,0.35,-0.57
subj_96,take a walk,think about something,sit down,Intrinsic,99,0.25,0.86,0.61,0.92,0.35,-0.57
subj_96,sit down,experience pain,jump up and down,Direct,99,0.08,0.87,0.79,0.61,0.3,-0.31
subj_96,sit down,experience pain,jump up and down,Intrinsic,100,0.08,0.87,0.79,0.61,0.3,-0.31
subj_96,remember something,take a walk,think about something,Direct,73,0.22,0.91,0.69,0,0,0
subj_96,remember something,take a walk,think about something,Intrinsic,25,0.22,0.91,0.69,0,0,0
subj_96,experience pain,kick something,get tired,Direct,0,0.07,0.72,0.65,0.47,0.51,0.04
subj_96,experience pain,kick something,get tired,Intrinsic,50,0.07,0.72,0.65,0.47,0.51,0.04
subj_96,think about something,get sick,remember something,Direct,26,0.23,1,0.77,0.01,0,-0.01
subj_96,think about something,get sick,remember something,Intrinsic,70,0.23,1,0.77,0.01,0,-0.01
subj_96,see something,take a walk,hear something,Direct,0,0.17,0.86,0.69,0.46,0.05,-0.41
subj_96,see something,take a walk,hear something,Intrinsic,75,0.17,0.86,0.69,0.46,0.05,-0.41
subj_96,become hungry,take a walk,feel scared,Direct,24,0.14,0.79,0.65,0.79,0.58,-0.2
subj_96,become hungry,take a walk,feel scared,Intrinsic,100,0.14,0.79,0.65,0.79,0.58,-0.2
subj_96,reach for something,become hungry,kick something,Direct,17,0.18,0.83,0.65,0.62,0.49,-0.14
subj_96,reach for something,become hungry,kick something,Intrinsic,75,0.18,0.83,0.65,0.62,0.49,-0.14
subj_96,get sick,see something,get tired,Direct,0,0.4,0.95,0.55,0.42,0.37,-0.06
subj_96,get sick,see something,get tired,Intrinsic,74,0.4,0.95,0.55,0.42,0.37,-0.06
subj_97,think about something,get sick,remember something,Direct,76,0.23,1,0.77,0.01,0,-0.01
subj_97,think about something,get sick,remember something,Intrinsic,24,0.23,1,0.77,0.01,0,-0.01
subj_97,take a walk,think about something,sit down,Direct,100,0.25,0.86,0.61,0.92,0.35,-0.57
subj_97,take a walk,think about something,sit down,Intrinsic,0,0.25,0.86,0.61,0.92,0.35,-0.57
subj_97,experience pain,kick something,get tired,Direct,24,0.07,0.72,0.65,0.47,0.51,0.04
subj_97,experience pain,kick something,get tired,Intrinsic,50,0.07,0.72,0.65,0.47,0.51,0.04
subj_97,see something,take a walk,hear something,Direct,26,0.17,0.86,0.69,0.46,0.05,-0.41
subj_97,see something,take a walk,hear something,Intrinsic,27,0.17,0.86,0.69,0.46,0.05,-0.41
subj_97,hear something,take a walk,see something,Direct,2,0.23,0.86,0.62,0.49,0.05,-0.44
subj_97,hear something,take a walk,see something,Intrinsic,24,0.23,0.86,0.62,0.49,0.05,-0.44
subj_97,become hungry,take a walk,feel scared,Direct,72,0.14,0.79,0.65,0.79,0.58,-0.2
subj_97,become hungry,take a walk,feel scared,Intrinsic,99,0.14,0.79,0.65,0.79,0.58,-0.2
subj_97,kick something,think about something,sit down,Direct,26,0.4,0.9,0.5,0.84,0.53,-0.31
subj_97,kick something,think about something,sit down,Intrinsic,25,0.4,0.9,0.5,0.84,0.53,-0.31
subj_97,sit down,experience pain,jump up and down,Direct,75,0.08,0.87,0.79,0.61,0.3,-0.31
subj_97,sit down,experience pain,jump up and down,Intrinsic,29,0.08,0.87,0.79,0.61,0.3,-0.31
subj_97,remember something,take a walk,think about something,Direct,4,0.22,0.91,0.69,0,0,0
subj_97,remember something,take a walk,think about something,Intrinsic,27,0.22,0.91,0.69,0,0,0
subj_97,jump up and down,see something,sit down,Direct,21,0.28,0.91,0.63,1,0.3,-0.7
subj_97,jump up and down,see something,sit down,Intrinsic,77,0.28,0.91,0.63,1,0.3,-0.7
subj_97,get tired,jump up and down,feel scared,Direct,27,0.04,0.78,0.73,0.47,0.5,0.03
subj_97,get tired,jump up and down,feel scared,Intrinsic,98,0.04,0.78,0.73,0.47,0.5,0.03
subj_97,choose what to do,experience pain,remember something,Direct,24,0.17,0.83,0.66,0.1,0.42,0.32
subj_97,choose what to do,experience pain,remember something,Intrinsic,28,0.17,0.83,0.66,0.1,0.42,0.32
subj_97,reach for something,become hungry,kick something,Direct,3,0.18,0.83,0.65,0.62,0.49,-0.14
subj_97,reach for something,become hungry,kick something,Intrinsic,50,0.18,0.83,0.65,0.62,0.49,-0.14
subj_97,feel scared,see something,get tired,Direct,25,0.06,0.78,0.71,0.58,0.5,-0.08
subj_97,feel scared,see something,get tired,Intrinsic,29,0.06,0.78,0.71,0.58,0.5,-0.08
subj_97,get sick,see something,get tired,Direct,27,0.4,0.95,0.55,0.42,0.37,-0.06
subj_97,get sick,see something,get tired,Intrinsic,76,0.4,0.95,0.55,0.42,0.37,-0.06
subj_98,take a walk,think about something,sit down,Direct,82,0.25,0.86,0.61,0.92,0.35,-0.57
subj_98,take a walk,think about something,sit down,Intrinsic,76,0.25,0.86,0.61,0.92,0.35,-0.57
subj_98,experience pain,kick something,get tired,Direct,7,0.07,0.72,0.65,0.47,0.51,0.04
subj_98,experience pain,kick something,get tired,Intrinsic,75,0.07,0.72,0.65,0.47,0.51,0.04
subj_98,reach for something,become hungry,kick something,Direct,26,0.18,0.83,0.65,0.62,0.49,-0.14
subj_98,reach for something,become hungry,kick something,Intrinsic,37,0.18,0.83,0.65,0.62,0.49,-0.14
subj_98,remember something,take a walk,think about something,Direct,26,0.22,0.91,0.69,0,0,0
subj_98,remember something,take a walk,think about something,Intrinsic,41,0.22,0.91,0.69,0,0,0
subj_98,get sick,see something,get tired,Direct,17,0.4,0.95,0.55,0.42,0.37,-0.06
subj_98,get sick,see something,get tired,Intrinsic,11,0.4,0.95,0.55,0.42,0.37,-0.06
subj_98,hear something,take a walk,see something,Direct,0,0.23,0.86,0.62,0.49,0.05,-0.44
subj_98,hear something,take a walk,see something,Intrinsic,0,0.23,0.86,0.62,0.49,0.05,-0.44
subj_98,choose what to do,experience pain,remember something,Direct,24,0.17,0.83,0.66,0.1,0.42,0.32
subj_98,choose what to do,experience pain,remember something,Intrinsic,14,0.17,0.83,0.66,0.1,0.42,0.32
subj_98,become hungry,take a walk,feel scared,Direct,24,0.14,0.79,0.65,0.79,0.58,-0.2
subj_98,become hungry,take a walk,feel scared,Intrinsic,34,0.14,0.79,0.65,0.79,0.58,-0.2
subj_98,feel scared,see something,get tired,Direct,28,0.06,0.78,0.71,0.58,0.5,-0.08
subj_98,feel scared,see something,get tired,Intrinsic,42,0.06,0.78,0.71,0.58,0.5,-0.08
subj_98,sit down,experience pain,jump up and down,Direct,61,0.08,0.87,0.79,0.61,0.3,-0.31
subj_98,sit down,experience pain,jump up and down,Intrinsic,27,0.08,0.87,0.79,0.61,0.3,-0.31
subj_98,think about something,get sick,remember something,Direct,72,0.23,1,0.77,0.01,0,-0.01
subj_98,think about something,get sick,remember something,Intrinsic,7,0.23,1,0.77,0.01,0,-0.01
subj_98,kick something,think about something,sit down,Direct,78,0.4,0.9,0.5,0.84,0.53,-0.31
subj_98,kick something,think about something,sit down,Intrinsic,0,0.4,0.9,0.5,0.84,0.53,-0.31
subj_98,get tired,jump up and down,feel scared,Direct,14,0.04,0.78,0.73,0.47,0.5,0.03
subj_98,get tired,jump up and down,feel scared,Intrinsic,73,0.04,0.78,0.73,0.47,0.5,0.03
subj_98,jump up and down,see something,sit down,Direct,11,0.28,0.91,0.63,1,0.3,-0.7
subj_98,jump up and down,see something,sit down,Intrinsic,91,0.28,0.91,0.63,1,0.3,-0.7
subj_98,see something,take a walk,hear something,Direct,0,0.17,0.86,0.69,0.46,0.05,-0.41
subj_98,see something,take a walk,hear something,Intrinsic,65,0.17,0.86,0.69,0.46,0.05,-0.41
subj_99,see something,take a walk,hear something,Direct,11,0.17,0.86,0.69,0.46,0.05,-0.41
subj_99,see something,take a walk,hear something,Intrinsic,24,0.17,0.86,0.69,0.46,0.05,-0.41
subj_99,choose what to do,experience pain,remember something,Direct,11,0.17,0.83,0.66,0.1,0.42,0.32
subj_99,choose what to do,experience pain,remember something,Intrinsic,25,0.17,0.83,0.66,0.1,0.42,0.32
subj_99,jump up and down,see something,sit down,Direct,13,0.28,0.91,0.63,1,0.3,-0.7
subj_99,jump up and down,see something,sit down,Intrinsic,74,0.28,0.91,0.63,1,0.3,-0.7
subj_99,sit down,experience pain,jump up and down,Direct,75,0.08,0.87,0.79,0.61,0.3,-0.31
subj_99,sit down,experience pain,jump up and down,Intrinsic,85,0.08,0.87,0.79,0.61,0.3,-0.31
subj_99,reach for something,become hungry,kick something,Direct,75,0.18,0.83,0.65,0.62,0.49,-0.14
subj_99,reach for something,become hungry,kick something,Intrinsic,75,0.18,0.83,0.65,0.62,0.49,-0.14
subj_99,hear something,take a walk,see something,Direct,11,0.23,0.86,0.62,0.49,0.05,-0.44
subj_99,hear something,take a walk,see something,Intrinsic,75,0.23,0.86,0.62,0.49,0.05,-0.44
subj_99,get tired,jump up and down,feel scared,Direct,24,0.04,0.78,0.73,0.47,0.5,0.03
subj_99,get tired,jump up and down,feel scared,Intrinsic,38,0.04,0.78,0.73,0.47,0.5,0.03
subj_99,take a walk,think about something,sit down,Direct,25,0.25,0.86,0.61,0.92,0.35,-0.57
subj_99,take a walk,think about something,sit down,Intrinsic,75,0.25,0.86,0.61,0.92,0.35,-0.57
subj_99,get sick,see something,get tired,Direct,25,0.4,0.95,0.55,0.42,0.37,-0.06
subj_99,get sick,see something,get tired,Intrinsic,25,0.4,0.95,0.55,0.42,0.37,-0.06
subj_99,experience pain,kick something,get tired,Direct,0,0.07,0.72,0.65,0.47,0.51,0.04
subj_99,experience pain,kick something,get tired,Intrinsic,25,0.07,0.72,0.65,0.47,0.51,0.04
subj_99,feel scared,see something,get tired,Direct,76,0.06,0.78,0.71,0.58,0.5,-0.08
subj_99,feel scared,see something,get tired,Intrinsic,13,0.06,0.78,0.71,0.58,0.5,-0.08
subj_99,become hungry,take a walk,feel scared,Direct,12,0.14,0.79,0.65,0.79,0.58,-0.2
subj_99,become hungry,take a walk,feel scared,Intrinsic,25,0.14,0.79,0.65,0.79,0.58,-0.2
subj_99,think about something,get sick,remember something,Direct,25,0.23,1,0.77,0.01,0,-0.01
subj_99,think about something,get sick,remember something,Intrinsic,12,0.23,1,0.77,0.01,0,-0.01
subj_99,kick something,think about something,sit down,Direct,12,0.4,0.9,0.5,0.84,0.53,-0.31
subj_99,kick something,think about something,sit down,Intrinsic,61,0.4,0.9,0.5,0.84,0.53,-0.31
subj_99,remember something,take a walk,think about something,Direct,13,0.22,0.91,0.69,0,0,0
subj_99,remember something,take a walk,think about something,Intrinsic,25,0.22,0.91,0.69,0,0,0
subj_100,sit down,experience pain,jump up and down,Direct,86,0.08,0.87,0.79,0.61,0.3,-0.31
subj_100,sit down,experience pain,jump up and down,Intrinsic,25,0.08,0.87,0.79,0.61,0.3,-0.31
subj_100,kick something,think about something,sit down,Direct,74,0.4,0.9,0.5,0.84,0.53,-0.31
subj_100,kick something,think about something,sit down,Intrinsic,24,0.4,0.9,0.5,0.84,0.53,-0.31
subj_100,see something,take a walk,hear something,Direct,52,0.17,0.86,0.69,0.46,0.05,-0.41
subj_100,see something,take a walk,hear something,Intrinsic,27,0.17,0.86,0.69,0.46,0.05,-0.41
subj_100,get sick,see something,get tired,Direct,41,0.4,0.95,0.55,0.42,0.37,-0.06
subj_100,get sick,see something,get tired,Intrinsic,14,0.4,0.95,0.55,0.42,0.37,-0.06
subj_100,choose what to do,experience pain,remember something,Direct,25,0.17,0.83,0.66,0.1,0.42,0.32
subj_100,choose what to do,experience pain,remember something,Intrinsic,75,0.17,0.83,0.66,0.1,0.42,0.32
subj_100,reach for something,become hungry,kick something,Direct,25,0.18,0.83,0.65,0.62,0.49,-0.14
subj_100,reach for something,become hungry,kick something,Intrinsic,26,0.18,0.83,0.65,0.62,0.49,-0.14
subj_100,become hungry,take a walk,feel scared,Direct,24,0.14,0.79,0.65,0.79,0.58,-0.2
subj_100,become hungry,take a walk,feel scared,Intrinsic,14,0.14,0.79,0.65,0.79,0.58,-0.2
subj_100,hear something,take a walk,see something,Direct,74,0.23,0.86,0.62,0.49,0.05,-0.44
subj_100,hear something,take a walk,see something,Intrinsic,77,0.23,0.86,0.62,0.49,0.05,-0.44
subj_100,think about something,get sick,remember something,Direct,15,0.23,1,0.77,0.01,0,-0.01
subj_100,think about something,get sick,remember something,Intrinsic,25,0.23,1,0.77,0.01,0,-0.01
subj_100,feel scared,see something,get tired,Direct,12,0.06,0.78,0.71,0.58,0.5,-0.08
subj_100,feel scared,see something,get tired,Intrinsic,24,0.06,0.78,0.71,0.58,0.5,-0.08
subj_100,jump up and down,see something,sit down,Direct,60,0.28,0.91,0.63,1,0.3,-0.7
subj_100,jump up and down,see something,sit down,Intrinsic,10,0.28,0.91,0.63,1,0.3,-0.7
subj_100,remember something,take a walk,think about something,Direct,27,0.22,0.91,0.69,0,0,0
subj_100,remember something,take a walk,think about something,Intrinsic,25,0.22,0.91,0.69,0,0,0
subj_100,experience pain,kick something,get tired,Direct,25,0.07,0.72,0.65,0.47,0.51,0.04
subj_100,experience pain,kick something,get tired,Intrinsic,25,0.07,0.72,0.65,0.47,0.51,0.04
subj_100,get tired,jump up and down,feel scared,Direct,25,0.04,0.78,0.73,0.47,0.5,0.03
subj_100,get tired,jump up and down,feel scared,Intrinsic,26,0.04,0.78,0.73,0.47,0.5,0.03
subj_100,take a walk,think about something,sit down,Direct,27,0.25,0.86,0.61,0.92,0.35,-0.57
subj_100,take a walk,think about something,sit down,Intrinsic,87,0.25,0.86,0.61,0.92,0.35,-0.57
subj_101,experience pain,kick something,get tired,Direct,84,0.07,0.72,0.65,0.47,0.51,0.04
subj_101,experience pain,kick something,get tired,Intrinsic,91,0.07,0.72,0.65,0.47,0.51,0.04
subj_101,take a walk,think about something,sit down,Direct,25,0.25,0.86,0.61,0.92,0.35,-0.57
subj_101,take a walk,think about something,sit down,Intrinsic,88,0.25,0.86,0.61,0.92,0.35,-0.57
subj_101,become hungry,take a walk,feel scared,Direct,22,0.14,0.79,0.65,0.79,0.58,-0.2
subj_101,become hungry,take a walk,feel scared,Intrinsic,36,0.14,0.79,0.65,0.79,0.58,-0.2
subj_101,sit down,experience pain,jump up and down,Direct,74,0.08,0.87,0.79,0.61,0.3,-0.31
subj_101,sit down,experience pain,jump up and down,Intrinsic,26,0.08,0.87,0.79,0.61,0.3,-0.31
subj_101,choose what to do,experience pain,remember something,Direct,16,0.17,0.83,0.66,0.1,0.42,0.32
subj_101,choose what to do,experience pain,remember something,Intrinsic,7,0.17,0.83,0.66,0.1,0.42,0.32
subj_101,hear something,take a walk,see something,Direct,42,0.23,0.86,0.62,0.49,0.05,-0.44
subj_101,hear something,take a walk,see something,Intrinsic,89,0.23,0.86,0.62,0.49,0.05,-0.44
subj_101,kick something,think about something,sit down,Direct,12,0.4,0.9,0.5,0.84,0.53,-0.31
subj_101,kick something,think about something,sit down,Intrinsic,39,0.4,0.9,0.5,0.84,0.53,-0.31
subj_101,think about something,get sick,remember something,Direct,85,0.23,1,0.77,0.01,0,-0.01
subj_101,think about something,get sick,remember something,Intrinsic,14,0.23,1,0.77,0.01,0,-0.01
subj_101,get sick,see something,get tired,Direct,7,0.4,0.95,0.55,0.42,0.37,-0.06
subj_101,get sick,see something,get tired,Intrinsic,54,0.4,0.95,0.55,0.42,0.37,-0.06
subj_101,remember something,take a walk,think about something,Direct,11,0.22,0.91,0.69,0,0,0
subj_101,remember something,take a walk,think about something,Intrinsic,0,0.22,0.91,0.69,0,0,0
subj_101,jump up and down,see something,sit down,Direct,8,0.28,0.91,0.63,1,0.3,-0.7
subj_101,jump up and down,see something,sit down,Intrinsic,80,0.28,0.91,0.63,1,0.3,-0.7
subj_101,get tired,jump up and down,feel scared,Direct,50,0.04,0.78,0.73,0.47,0.5,0.03
subj_101,get tired,jump up and down,feel scared,Intrinsic,59,0.04,0.78,0.73,0.47,0.5,0.03
subj_101,reach for something,become hungry,kick something,Direct,2,0.18,0.83,0.65,0.62,0.49,-0.14
subj_101,reach for something,become hungry,kick something,Intrinsic,7,0.18,0.83,0.65,0.62,0.49,-0.14
subj_101,see something,take a walk,hear something,Direct,4,0.17,0.86,0.69,0.46,0.05,-0.41
subj_101,see something,take a walk,hear something,Intrinsic,14,0.17,0.86,0.69,0.46,0.05,-0.41
subj_101,feel scared,see something,get tired,Direct,11,0.06,0.78,0.71,0.58,0.5,-0.08
subj_101,feel scared,see something,get tired,Intrinsic,56,0.06,0.78,0.71,0.58,0.5,-0.08
subj_102,take a walk,think about something,sit down,Direct,100,0.25,0.86,0.61,0.92,0.35,-0.57
subj_102,take a walk,think about something,sit down,Intrinsic,100,0.25,0.86,0.61,0.92,0.35,-0.57
subj_102,jump up and down,see something,sit down,Direct,0,0.28,0.91,0.63,1,0.3,-0.7
subj_102,jump up and down,see something,sit down,Intrinsic,84,0.28,0.91,0.63,1,0.3,-0.7
subj_102,choose what to do,experience pain,remember something,Direct,48,0.17,0.83,0.66,0.1,0.42,0.32
subj_102,choose what to do,experience pain,remember something,Intrinsic,0,0.17,0.83,0.66,0.1,0.42,0.32
subj_102,experience pain,kick something,get tired,Direct,7,0.07,0.72,0.65,0.47,0.51,0.04
subj_102,experience pain,kick something,get tired,Intrinsic,100,0.07,0.72,0.65,0.47,0.51,0.04
subj_102,get sick,see something,get tired,Direct,35,0.4,0.95,0.55,0.42,0.37,-0.06
subj_102,get sick,see something,get tired,Intrinsic,94,0.4,0.95,0.55,0.42,0.37,-0.06
subj_102,think about something,get sick,remember something,Direct,0,0.23,1,0.77,0.01,0,-0.01
subj_102,think about something,get sick,remember something,Intrinsic,0,0.23,1,0.77,0.01,0,-0.01
subj_102,hear something,take a walk,see something,Direct,41,0.23,0.86,0.62,0.49,0.05,-0.44
subj_102,hear something,take a walk,see something,Intrinsic,99,0.23,0.86,0.62,0.49,0.05,-0.44
subj_102,get tired,jump up and down,feel scared,Direct,0,0.04,0.78,0.73,0.47,0.5,0.03
subj_102,get tired,jump up and down,feel scared,Intrinsic,94,0.04,0.78,0.73,0.47,0.5,0.03
subj_102,see something,take a walk,hear something,Direct,23,0.17,0.86,0.69,0.46,0.05,-0.41
subj_102,see something,take a walk,hear something,Intrinsic,9,0.17,0.86,0.69,0.46,0.05,-0.41
subj_102,sit down,experience pain,jump up and down,Direct,2,0.08,0.87,0.79,0.61,0.3,-0.31
subj_102,sit down,experience pain,jump up and down,Intrinsic,86,0.08,0.87,0.79,0.61,0.3,-0.31
subj_102,remember something,take a walk,think about something,Direct,0,0.22,0.91,0.69,0,0,0
subj_102,remember something,take a walk,think about something,Intrinsic,0,0.22,0.91,0.69,0,0,0
subj_102,feel scared,see something,get tired,Direct,26,0.06,0.78,0.71,0.58,0.5,-0.08
subj_102,feel scared,see something,get tired,Intrinsic,79,0.06,0.78,0.71,0.58,0.5,-0.08
subj_102,reach for something,become hungry,kick something,Direct,0,0.18,0.83,0.65,0.62,0.49,-0.14
subj_102,reach for something,become hungry,kick something,Intrinsic,30,0.18,0.83,0.65,0.62,0.49,-0.14
subj_102,kick something,think about something,sit down,Direct,8,0.4,0.9,0.5,0.84,0.53,-0.31
subj_102,kick something,think about something,sit down,Intrinsic,81,0.4,0.9,0.5,0.84,0.53,-0.31
subj_102,become hungry,take a walk,feel scared,Direct,0,0.14,0.79,0.65,0.79,0.58,-0.2
subj_102,become hungry,take a walk,feel scared,Intrinsic,100,0.14,0.79,0.65,0.79,0.58,-0.2
subj_103,become hungry,take a walk,feel scared,Direct,77,0.14,0.79,0.65,0.79,0.58,-0.2
subj_103,become hungry,take a walk,feel scared,Intrinsic,82,0.14,0.79,0.65,0.79,0.58,-0.2
subj_103,see something,take a walk,hear something,Direct,0,0.17,0.86,0.69,0.46,0.05,-0.41
subj_103,see something,take a walk,hear something,Intrinsic,75,0.17,0.86,0.69,0.46,0.05,-0.41
subj_103,feel scared,see something,get tired,Direct,0,0.06,0.78,0.71,0.58,0.5,-0.08
subj_103,feel scared,see something,get tired,Intrinsic,50,0.06,0.78,0.71,0.58,0.5,-0.08
subj_103,reach for something,become hungry,kick something,Direct,0,0.18,0.83,0.65,0.62,0.49,-0.14
subj_103,reach for something,become hungry,kick something,Intrinsic,74,0.18,0.83,0.65,0.62,0.49,-0.14
subj_103,remember something,take a walk,think about something,Direct,0,0.22,0.91,0.69,0,0,0
subj_103,remember something,take a walk,think about something,Intrinsic,23,0.22,0.91,0.69,0,0,0
subj_103,get sick,see something,get tired,Direct,0,0.4,0.95,0.55,0.42,0.37,-0.06
subj_103,get sick,see something,get tired,Intrinsic,76,0.4,0.95,0.55,0.42,0.37,-0.06
subj_103,jump up and down,see something,sit down,Direct,0,0.28,0.91,0.63,1,0.3,-0.7
subj_103,jump up and down,see something,sit down,Intrinsic,75,0.28,0.91,0.63,1,0.3,-0.7
subj_103,experience pain,kick something,get tired,Direct,24,0.07,0.72,0.65,0.47,0.51,0.04
subj_103,experience pain,kick something,get tired,Intrinsic,75,0.07,0.72,0.65,0.47,0.51,0.04
subj_103,kick something,think about something,sit down,Direct,23,0.4,0.9,0.5,0.84,0.53,-0.31
subj_103,kick something,think about something,sit down,Intrinsic,24,0.4,0.9,0.5,0.84,0.53,-0.31
subj_103,choose what to do,experience pain,remember something,Direct,0,0.17,0.83,0.66,0.1,0.42,0.32
subj_103,choose what to do,experience pain,remember something,Intrinsic,76,0.17,0.83,0.66,0.1,0.42,0.32
subj_103,hear something,take a walk,see something,Direct,75,0.23,0.86,0.62,0.49,0.05,-0.44
subj_103,hear something,take a walk,see something,Intrinsic,76,0.23,0.86,0.62,0.49,0.05,-0.44
subj_103,sit down,experience pain,jump up and down,Direct,76,0.08,0.87,0.79,0.61,0.3,-0.31
subj_103,sit down,experience pain,jump up and down,Intrinsic,75,0.08,0.87,0.79,0.61,0.3,-0.31
subj_103,take a walk,think about something,sit down,Direct,0,0.25,0.86,0.61,0.92,0.35,-0.57
subj_103,take a walk,think about something,sit down,Intrinsic,76,0.25,0.86,0.61,0.92,0.35,-0.57
subj_103,get tired,jump up and down,feel scared,Direct,24,0.04,0.78,0.73,0.47,0.5,0.03
subj_103,get tired,jump up and down,feel scared,Intrinsic,76,0.04,0.78,0.73,0.47,0.5,0.03
subj_103,think about something,get sick,remember something,Direct,76,0.23,1,0.77,0.01,0,-0.01
subj_103,think about something,get sick,remember something,Intrinsic,25,0.23,1,0.77,0.01,0,-0.01
subj_104,jump up and down,see something,sit down,Direct,0,0.28,0.91,0.63,1,0.3,-0.7
subj_104,jump up and down,see something,sit down,Intrinsic,50,0.28,0.91,0.63,1,0.3,-0.7
subj_104,get tired,jump up and down,feel scared,Direct,75,0.04,0.78,0.73,0.47,0.5,0.03
subj_104,get tired,jump up and down,feel scared,Intrinsic,50,0.04,0.78,0.73,0.47,0.5,0.03
subj_104,hear something,take a walk,see something,Direct,0,0.23,0.86,0.62,0.49,0.05,-0.44
subj_104,hear something,take a walk,see something,Intrinsic,100,0.23,0.86,0.62,0.49,0.05,-0.44
subj_104,kick something,think about something,sit down,Direct,0,0.4,0.9,0.5,0.84,0.53,-0.31
subj_104,kick something,think about something,sit down,Intrinsic,50,0.4,0.9,0.5,0.84,0.53,-0.31
subj_104,reach for something,become hungry,kick something,Direct,49,0.18,0.83,0.65,0.62,0.49,-0.14
subj_104,reach for something,become hungry,kick something,Intrinsic,0,0.18,0.83,0.65,0.62,0.49,-0.14
subj_104,sit down,experience pain,jump up and down,Direct,25,0.08,0.87,0.79,0.61,0.3,-0.31
subj_104,sit down,experience pain,jump up and down,Intrinsic,50,0.08,0.87,0.79,0.61,0.3,-0.31
subj_104,remember something,take a walk,think about something,Direct,0,0.22,0.91,0.69,0,0,0
subj_104,remember something,take a walk,think about something,Intrinsic,0,0.22,0.91,0.69,0,0,0
subj_104,get sick,see something,get tired,Direct,24,0.4,0.95,0.55,0.42,0.37,-0.06
subj_104,get sick,see something,get tired,Intrinsic,50,0.4,0.95,0.55,0.42,0.37,-0.06
subj_104,experience pain,kick something,get tired,Direct,0,0.07,0.72,0.65,0.47,0.51,0.04
subj_104,experience pain,kick something,get tired,Intrinsic,25,0.07,0.72,0.65,0.47,0.51,0.04
subj_104,become hungry,take a walk,feel scared,Direct,0,0.14,0.79,0.65,0.79,0.58,-0.2
subj_104,become hungry,take a walk,feel scared,Intrinsic,100,0.14,0.79,0.65,0.79,0.58,-0.2
subj_104,think about something,get sick,remember something,Direct,0,0.23,1,0.77,0.01,0,-0.01
subj_104,think about something,get sick,remember something,Intrinsic,0,0.23,1,0.77,0.01,0,-0.01
subj_104,choose what to do,experience pain,remember something,Direct,25,0.17,0.83,0.66,0.1,0.42,0.32
subj_104,choose what to do,experience pain,remember something,Intrinsic,25,0.17,0.83,0.66,0.1,0.42,0.32
subj_104,take a walk,think about something,sit down,Direct,0,0.25,0.86,0.61,0.92,0.35,-0.57
subj_104,take a walk,think about something,sit down,Intrinsic,100,0.25,0.86,0.61,0.92,0.35,-0.57
subj_104,feel scared,see something,get tired,Direct,50,0.06,0.78,0.71,0.58,0.5,-0.08
subj_104,feel scared,see something,get tired,Intrinsic,0,0.06,0.78,0.71,0.58,0.5,-0.08
subj_104,see something,take a walk,hear something,Direct,0,0.17,0.86,0.69,0.46,0.05,-0.41
subj_104,see something,take a walk,hear something,Intrinsic,100,0.17,0.86,0.69,0.46,0.05,-0.41
subj_105,remember something,take a walk,think about something,Direct,75,0.22,0.91,0.69,0,0,0
subj_105,remember something,take a walk,think about something,Intrinsic,23,0.22,0.91,0.69,0,0,0
subj_105,hear something,take a walk,see something,Direct,25,0.23,0.86,0.62,0.49,0.05,-0.44
subj_105,hear something,take a walk,see something,Intrinsic,95,0.23,0.86,0.62,0.49,0.05,-0.44
subj_105,experience pain,kick something,get tired,Direct,75,0.07,0.72,0.65,0.47,0.51,0.04
subj_105,experience pain,kick something,get tired,Intrinsic,67,0.07,0.72,0.65,0.47,0.51,0.04
subj_105,choose what to do,experience pain,remember something,Direct,24,0.17,0.83,0.66,0.1,0.42,0.32
subj_105,choose what to do,experience pain,remember something,Intrinsic,24,0.17,0.83,0.66,0.1,0.42,0.32
subj_105,become hungry,take a walk,feel scared,Direct,0,0.14,0.79,0.65,0.79,0.58,-0.2
subj_105,become hungry,take a walk,feel scared,Intrinsic,82,0.14,0.79,0.65,0.79,0.58,-0.2
subj_105,get tired,jump up and down,feel scared,Direct,15,0.04,0.78,0.73,0.47,0.5,0.03
subj_105,get tired,jump up and down,feel scared,Intrinsic,63,0.04,0.78,0.73,0.47,0.5,0.03
subj_105,take a walk,think about something,sit down,Direct,37,0.25,0.86,0.61,0.92,0.35,-0.57
subj_105,take a walk,think about something,sit down,Intrinsic,74,0.25,0.86,0.61,0.92,0.35,-0.57
subj_105,get sick,see something,get tired,Direct,25,0.4,0.95,0.55,0.42,0.37,-0.06
subj_105,get sick,see something,get tired,Intrinsic,67,0.4,0.95,0.55,0.42,0.37,-0.06
subj_105,jump up and down,see something,sit down,Direct,37,0.28,0.91,0.63,1,0.3,-0.7
subj_105,jump up and down,see something,sit down,Intrinsic,79,0.28,0.91,0.63,1,0.3,-0.7
subj_105,see something,take a walk,hear something,Direct,63,0.17,0.86,0.69,0.46,0.05,-0.41
subj_105,see something,take a walk,hear something,Intrinsic,64,0.17,0.86,0.69,0.46,0.05,-0.41
subj_105,kick something,think about something,sit down,Direct,76,0.4,0.9,0.5,0.84,0.53,-0.31
subj_105,kick something,think about something,sit down,Intrinsic,58,0.4,0.9,0.5,0.84,0.53,-0.31
subj_105,think about something,get sick,remember something,Direct,59,0.23,1,0.77,0.01,0,-0.01
subj_105,think about something,get sick,remember something,Intrinsic,28,0.23,1,0.77,0.01,0,-0.01
subj_105,feel scared,see something,get tired,Direct,79,0.06,0.78,0.71,0.58,0.5,-0.08
subj_105,feel scared,see something,get tired,Intrinsic,67,0.06,0.78,0.71,0.58,0.5,-0.08
subj_105,reach for something,become hungry,kick something,Direct,16,0.18,0.83,0.65,0.62,0.49,-0.14
subj_105,reach for something,become hungry,kick something,Intrinsic,59,0.18,0.83,0.65,0.62,0.49,-0.14
subj_105,sit down,experience pain,jump up and down,Direct,59,0.08,0.87,0.79,0.61,0.3,-0.31
subj_105,sit down,experience pain,jump up and down,Intrinsic,67,0.08,0.87,0.79,0.61,0.3,-0.31
