subject_id,condition,itemB,causal_itemA,similar_itemA,response,domain_itemB,domain_causalitemA,domain_similaritemA,causal_distance_causal_choice,freesort_distance_causal_choice,freesort_minus_causal_distance_causal,causal_distance_similar_choice,freesort_distance_similar_choice,freesort_minus_causal_distance_similar
subj_01,Direct,experience pain,kick something,get tired,Direct,bio,action,bio,0.13,0.51,0.38,0.43,0.41,-0.02
subj_01,Direct,get tired,jump up and down,feel scared,Direct,bio,action,bio,0.1,0.54,0.43,0.42,0.4,-0.02
subj_01,Direct,get sick,see something,get tired,Intrinsic,bio,mind,bio,0.38,0.62,0.25,0.39,0.34,-0.06
subj_01,Direct,feel scared,see something,get tired,Direct,bio,mind,bio,0.12,0.54,0.42,0.51,0.4,-0.11
subj_01,Direct,sit down,experience pain,jump up and down,Intrinsic,action,bio,action,0.13,0.58,0.45,0.54,0.3,-0.23
subj_01,Direct,choose what to do,experience pain,remember something,Intrinsic,mind,bio,mind,0.2,0.57,0.36,0.15,0.36,0.22
subj_01,Direct,become hungry,take a walk,feel scared,Direct,bio,action,bio,0.18,0.55,0.37,0.67,0.44,-0.22
subj_01,Direct,see something,take a walk,hear something,Direct,mind,action,mind,0.2,0.58,0.38,0.42,0.18,-0.24
subj_01,Direct,think about something,get sick,remember something,Intrinsic,mind,bio,mind,0.25,0.65,0.4,0.08,0.15,0.08
subj_01,Direct,jump up and down,see something,sit down,Intrinsic,action,mind,action,0.29,0.6,0.32,0.83,0.3,-0.52
subj_01,Direct,kick something,think about something,sit down,Direct,action,mind,action,0.37,0.6,0.23,0.7,0.42,-0.29
subj_01,Direct,take a walk,think about something,sit down,Intrinsic,action,mind,action,0.26,0.58,0.32,0.77,0.33,-0.44
subj_01,Direct,hear something,take a walk,see something,Direct,mind,action,mind,0.25,0.58,0.33,0.44,0.18,-0.27
subj_01,Direct,reach for something,become hungry,kick something,Intrinsic,action,bio,action,0.21,0.56,0.35,0.54,0.4,-0.15
subj_01,Direct,remember something,take a walk,think about something,Intrinsic,mind,action,mind,0.24,0.61,0.37,0.07,0.15,0.08
subj_02,Direct,experience pain,kick something,get tired,Direct,bio,action,bio,0.13,0.51,0.38,0.43,0.41,-0.02
subj_02,Direct,see something,take a walk,hear something,Direct,mind,action,mind,0.2,0.58,0.38,0.42,0.18,-0.24
subj_02,Direct,get sick,see something,get tired,Direct,bio,mind,bio,0.38,0.62,0.25,0.39,0.34,-0.06
subj_02,Direct,take a walk,think about something,sit down,Direct,action,mind,action,0.26,0.58,0.32,0.77,0.33,-0.44
subj_02,Direct,choose what to do,experience pain,remember something,Intrinsic,mind,bio,mind,0.2,0.57,0.36,0.15,0.36,0.22
subj_02,Direct,feel scared,see something,get tired,Direct,bio,mind,bio,0.12,0.54,0.42,0.51,0.4,-0.11
subj_02,Direct,remember something,take a walk,think about something,Intrinsic,mind,action,mind,0.24,0.61,0.37,0.07,0.15,0.08
subj_02,Direct,become hungry,take a walk,feel scared,Direct,bio,action,bio,0.18,0.55,0.37,0.67,0.44,-0.22
subj_02,Direct,hear something,take a walk,see something,Direct,mind,action,mind,0.25,0.58,0.33,0.44,0.18,-0.27
subj_02,Direct,get tired,jump up and down,feel scared,Direct,bio,action,bio,0.1,0.54,0.43,0.42,0.4,-0.02
subj_02,Direct,jump up and down,see something,sit down,Direct,action,mind,action,0.29,0.6,0.32,0.83,0.3,-0.52
subj_02,Direct,think about something,get sick,remember something,Intrinsic,mind,bio,mind,0.25,0.65,0.4,0.08,0.15,0.08
subj_02,Direct,sit down,experience pain,jump up and down,Direct,action,bio,action,0.13,0.58,0.45,0.54,0.3,-0.23
subj_02,Direct,reach for something,become hungry,kick something,Intrinsic,action,bio,action,0.21,0.56,0.35,0.54,0.4,-0.15
subj_02,Direct,kick something,think about something,sit down,Direct,action,mind,action,0.37,0.6,0.23,0.7,0.42,-0.29
subj_03,Intrinsic,take a walk,think about something,sit down,Intrinsic,action,mind,action,0.26,0.58,0.32,0.77,0.33,-0.44
subj_03,Intrinsic,get tired,jump up and down,feel scared,Direct,bio,action,bio,0.1,0.54,0.43,0.42,0.4,-0.02
subj_03,Intrinsic,kick something,think about something,sit down,Direct,action,mind,action,0.37,0.6,0.23,0.7,0.42,-0.29
subj_03,Intrinsic,become hungry,take a walk,feel scared,Direct,bio,action,bio,0.18,0.55,0.37,0.67,0.44,-0.22
subj_03,Intrinsic,feel scared,see something,get tired,Direct,bio,mind,bio,0.12,0.54,0.42,0.51,0.4,-0.11
subj_03,Intrinsic,see something,take a walk,hear something,Intrinsic,mind,action,mind,0.2,0.58,0.38,0.42,0.18,-0.24
subj_03,Intrinsic,jump up and down,see something,sit down,Direct,action,mind,action,0.29,0.6,0.32,0.83,0.3,-0.52
subj_03,Intrinsic,get sick,see something,get tired,Intrinsic,bio,mind,bio,0.38,0.62,0.25,0.39,0.34,-0.06
subj_03,Intrinsic,hear something,take a walk,see something,Intrinsic,mind,action,mind,0.25,0.58,0.33,0.44,0.18,-0.27
subj_03,Intrinsic,reach for something,become hungry,kick something,Intrinsic,action,bio,action,0.21,0.56,0.35,0.54,0.4,-0.15
subj_03,Intrinsic,remember something,take a walk,think about something,Intrinsic,mind,action,mind,0.24,0.61,0.37,0.07,0.15,0.08
subj_03,Intrinsic,experience pain,kick something,get tired,Direct,bio,action,bio,0.13,0.51,0.38,0.43,0.41,-0.02
subj_03,Intrinsic,sit down,experience pain,jump up and down,Direct,action,bio,action,0.13,0.58,0.45,0.54,0.3,-0.23
subj_03,Intrinsic,think about something,get sick,remember something,Intrinsic,mind,bio,mind,0.25,0.65,0.4,0.08,0.15,0.08
subj_03,Intrinsic,choose what to do,experience pain,remember something,Intrinsic,mind,bio,mind,0.2,0.57,0.36,0.15,0.36,0.22
subj_04,Direct,get sick,see something,get tired,Intrinsic,bio,mind,bio,0.38,0.62,0.25,0.39,0.34,-0.06
subj_04,Direct,take a walk,think about something,sit down,Direct,action,mind,action,0.26,0.58,0.32,0.77,0.33,-0.44
subj_04,Direct,get tired,jump up and down,feel scared,Direct,bio,action,bio,0.1,0.54,0.43,0.42,0.4,-0.02
subj_04,Direct,sit down,experience pain,jump up and down,Direct,action,bio,action,0.13,0.58,0.45,0.54,0.3,-0.23
subj_04,Direct,hear something,take a walk,see something,Direct,mind,action,mind,0.25,0.58,0.33,0.44,0.18,-0.27
subj_04,Direct,choose what to do,experience pain,remember something,Intrinsic,mind,bio,mind,0.2,0.57,0.36,0.15,0.36,0.22
subj_04,Direct,feel scared,see something,get tired,Direct,bio,mind,bio,0.12,0.54,0.42,0.51,0.4,-0.11
subj_04,Direct,think about something,get sick,remember something,Intrinsic,mind,bio,mind,0.25,0.65,0.4,0.08,0.15,0.08
subj_04,Direct,kick something,think about something,sit down,Direct,action,mind,action,0.37,0.6,0.23,0.7,0.42,-0.29
subj_04,Direct,remember something,take a walk,think about something,Intrinsic,mind,action,mind,0.24,0.61,0.37,0.07,0.15,0.08
subj_04,Direct,become hungry,take a walk,feel scared,Direct,bio,action,bio,0.18,0.55,0.37,0.67,0.44,-0.22
subj_04,Direct,jump up and down,see something,sit down,Direct,action,mind,action,0.29,0.6,0.32,0.83,0.3,-0.52
subj_04,Direct,see something,take a walk,hear something,Direct,mind,action,mind,0.2,0.58,0.38,0.42,0.18,-0.24
subj_04,Direct,experience pain,kick something,get tired,Direct,bio,action,bio,0.13,0.51,0.38,0.43,0.41,-0.02
subj_04,Direct,reach for something,become hungry,kick something,Direct,action,bio,action,0.21,0.56,0.35,0.54,0.4,-0.15
subj_05,Direct,get tired,jump up and down,feel scared,Direct,bio,action,bio,0.1,0.54,0.43,0.42,0.4,-0.02
subj_05,Direct,take a walk,think about something,sit down,Direct,action,mind,action,0.26,0.58,0.32,0.77,0.33,-0.44
subj_05,Direct,kick something,think about something,sit down,Direct,action,mind,action,0.37,0.6,0.23,0.7,0.42,-0.29
subj_05,Direct,think about something,get sick,remember something,Intrinsic,mind,bio,mind,0.25,0.65,0.4,0.08,0.15,0.08
subj_05,Direct,reach for something,become hungry,kick something,Direct,action,bio,action,0.21,0.56,0.35,0.54,0.4,-0.15
subj_05,Direct,sit down,experience pain,jump up and down,Intrinsic,action,bio,action,0.13,0.58,0.45,0.54,0.3,-0.23
subj_05,Direct,jump up and down,see something,sit down,Direct,action,mind,action,0.29,0.6,0.32,0.83,0.3,-0.52
subj_05,Direct,see something,take a walk,hear something,Direct,mind,action,mind,0.2,0.58,0.38,0.42,0.18,-0.24
subj_05,Direct,remember something,take a walk,think about something,Intrinsic,mind,action,mind,0.24,0.61,0.37,0.07,0.15,0.08
subj_05,Direct,get sick,see something,get tired,Direct,bio,mind,bio,0.38,0.62,0.25,0.39,0.34,-0.06
subj_05,Direct,experience pain,kick something,get tired,Direct,bio,action,bio,0.13,0.51,0.38,0.43,0.41,-0.02
subj_05,Direct,become hungry,take a walk,feel scared,Direct,bio,action,bio,0.18,0.55,0.37,0.67,0.44,-0.22
subj_05,Direct,feel scared,see something,get tired,Direct,bio,mind,bio,0.12,0.54,0.42,0.51,0.4,-0.11
subj_05,Direct,hear something,take a walk,see something,Direct,mind,action,mind,0.25,0.58,0.33,0.44,0.18,-0.27
subj_05,Direct,choose what to do,experience pain,remember something,Intrinsic,mind,bio,mind,0.2,0.57,0.36,0.15,0.36,0.22
subj_06,Intrinsic,remember something,take a walk,think about something,Intrinsic,mind,action,mind,0.24,0.61,0.37,0.07,0.15,0.08
subj_06,Intrinsic,experience pain,kick something,get tired,Direct,bio,action,bio,0.13,0.51,0.38,0.43,0.41,-0.02
subj_06,Intrinsic,become hungry,take a walk,feel scared,Direct,bio,action,bio,0.18,0.55,0.37,0.67,0.44,-0.22
subj_06,Intrinsic,sit down,experience pain,jump up and down,Intrinsic,action,bio,action,0.13,0.58,0.45,0.54,0.3,-0.23
subj_06,Intrinsic,feel scared,see something,get tired,Direct,bio,mind,bio,0.12,0.54,0.42,0.51,0.4,-0.11
subj_06,Intrinsic,kick something,think about something,sit down,Intrinsic,action,mind,action,0.37,0.6,0.23,0.7,0.42,-0.29
subj_06,Intrinsic,jump up and down,see something,sit down,Direct,action,mind,action,0.29,0.6,0.32,0.83,0.3,-0.52
subj_06,Intrinsic,get sick,see something,get tired,Intrinsic,bio,mind,bio,0.38,0.62,0.25,0.39,0.34,-0.06
subj_06,Intrinsic,hear something,take a walk,see something,Intrinsic,mind,action,mind,0.25,0.58,0.33,0.44,0.18,-0.27
subj_06,Intrinsic,think about something,get sick,remember something,Intrinsic,mind,bio,mind,0.25,0.65,0.4,0.08,0.15,0.08
subj_06,Intrinsic,reach for something,become hungry,kick something,Intrinsic,action,bio,action,0.21,0.56,0.35,0.54,0.4,-0.15
subj_06,Intrinsic,get tired,jump up and down,feel scared,Direct,bio,action,bio,0.1,0.54,0.43,0.42,0.4,-0.02
subj_06,Intrinsic,choose what to do,experience pain,remember something,Intrinsic,mind,bio,mind,0.2,0.57,0.36,0.15,0.36,0.22
subj_06,Intrinsic,see something,take a walk,hear something,Intrinsic,mind,action,mind,0.2,0.58,0.38,0.42,0.18,-0.24
subj_06,Intrinsic,take a walk,think about something,sit down,Intrinsic,action,mind,action,0.26,0.58,0.32,0.77,0.33,-0.44
subj_07,Intrinsic,feel scared,see something,get tired,Direct,bio,mind,bio,0.12,0.54,0.42,0.51,0.4,-0.11
subj_07,Intrinsic,get tired,jump up and down,feel scared,Direct,bio,action,bio,0.1,0.54,0.43,0.42,0.4,-0.02
subj_07,Intrinsic,choose what to do,experience pain,remember something,Intrinsic,mind,bio,mind,0.2,0.57,0.36,0.15,0.36,0.22
subj_07,Intrinsic,become hungry,take a walk,feel scared,Direct,bio,action,bio,0.18,0.55,0.37,0.67,0.44,-0.22
subj_07,Intrinsic,see something,take a walk,hear something,Direct,mind,action,mind,0.2,0.58,0.38,0.42,0.18,-0.24
subj_07,Intrinsic,jump up and down,see something,sit down,Direct,action,mind,action,0.29,0.6,0.32,0.83,0.3,-0.52
subj_07,Intrinsic,hear something,take a walk,see something,Direct,mind,action,mind,0.25,0.58,0.33,0.44,0.18,-0.27
subj_07,Intrinsic,sit down,experience pain,jump up and down,Intrinsic,action,bio,action,0.13,0.58,0.45,0.54,0.3,-0.23
subj_07,Intrinsic,remember something,take a walk,think about something,Intrinsic,mind,action,mind,0.24,0.61,0.37,0.07,0.15,0.08
subj_07,Intrinsic,experience pain,kick something,get tired,Direct,bio,action,bio,0.13,0.51,0.38,0.43,0.41,-0.02
subj_07,Intrinsic,take a walk,think about something,sit down,Intrinsic,action,mind,action,0.26,0.58,0.32,0.77,0.33,-0.44
subj_07,Intrinsic,reach for something,become hungry,kick something,Intrinsic,action,bio,action,0.21,0.56,0.35,0.54,0.4,-0.15
subj_07,Intrinsic,get sick,see something,get tired,Intrinsic,bio,mind,bio,0.38,0.62,0.25,0.39,0.34,-0.06
subj_07,Intrinsic,think about something,get sick,remember something,Intrinsic,mind,bio,mind,0.25,0.65,0.4,0.08,0.15,0.08
subj_07,Intrinsic,kick something,think about something,sit down,Direct,action,mind,action,0.37,0.6,0.23,0.7,0.42,-0.29
subj_08,Direct,become hungry,take a walk,feel scared,Direct,bio,action,bio,0.18,0.55,0.37,0.67,0.44,-0.22
subj_08,Direct,feel scared,see something,get tired,Direct,bio,mind,bio,0.12,0.54,0.42,0.51,0.4,-0.11
subj_08,Direct,remember something,take a walk,think about something,Intrinsic,mind,action,mind,0.24,0.61,0.37,0.07,0.15,0.08
subj_08,Direct,jump up and down,see something,sit down,Intrinsic,action,mind,action,0.29,0.6,0.32,0.83,0.3,-0.52
subj_08,Direct,reach for something,become hungry,kick something,Intrinsic,action,bio,action,0.21,0.56,0.35,0.54,0.4,-0.15
subj_08,Direct,see something,take a walk,hear something,Direct,mind,action,mind,0.2,0.58,0.38,0.42,0.18,-0.24
subj_08,Direct,get tired,jump up and down,feel scared,Direct,bio,action,bio,0.1,0.54,0.43,0.42,0.4,-0.02
subj_08,Direct,experience pain,kick something,get tired,Direct,bio,action,bio,0.13,0.51,0.38,0.43,0.41,-0.02
subj_08,Direct,think about something,get sick,remember something,Intrinsic,mind,bio,mind,0.25,0.65,0.4,0.08,0.15,0.08
subj_08,Direct,get sick,see something,get tired,Direct,bio,mind,bio,0.38,0.62,0.25,0.39,0.34,-0.06
subj_08,Direct,hear something,take a walk,see something,Intrinsic,mind,action,mind,0.25,0.58,0.33,0.44,0.18,-0.27
subj_08,Direct,sit down,experience pain,jump up and down,Direct,action,bio,action,0.13,0.58,0.45,0.54,0.3,-0.23
subj_08,Direct,take a walk,think about something,sit down,Direct,action,mind,action,0.26,0.58,0.32,0.77,0.33,-0.44
subj_08,Direct,kick something,think about something,sit down,Intrinsic,action,mind,action,0.37,0.6,0.23,0.7,0.42,-0.29
subj_08,Direct,choose what to do,experience pain,remember something,Intrinsic,mind,bio,mind,0.2,0.57,0.36,0.15,0.36,0.22
subj_09,Direct,reach for something,become hungry,kick something,Direct,action,bio,action,0.21,0.56,0.35,0.54,0.4,-0.15
subj_09,Direct,get tired,jump up and down,feel scared,Direct,bio,action,bio,0.1,0.54,0.43,0.42,0.4,-0.02
subj_09,Direct,hear something,take a walk,see something,Direct,mind,action,mind,0.25,0.58,0.33,0.44,0.18,-0.27
subj_09,Direct,take a walk,think about something,sit down,Direct,action,mind,action,0.26,0.58,0.32,0.77,0.33,-0.44
subj_09,Direct,sit down,experience pain,jump up and down,Direct,action,bio,action,0.13,0.58,0.45,0.54,0.3,-0.23
subj_09,Direct,remember something,take a walk,think about something,Intrinsic,mind,action,mind,0.24,0.61,0.37,0.07,0.15,0.08
subj_09,Direct,see something,take a walk,hear something,Direct,mind,action,mind,0.2,0.58,0.38,0.42,0.18,-0.24
subj_09,Direct,become hungry,take a walk,feel scared,Direct,bio,action,bio,0.18,0.55,0.37,0.67,0.44,-0.22
subj_09,Direct,experience pain,kick something,get tired,Direct,bio,action,bio,0.13,0.51,0.38,0.43,0.41,-0.02
subj_09,Direct,choose what to do,experience pain,remember something,Intrinsic,mind,bio,mind,0.2,0.57,0.36,0.15,0.36,0.22
subj_09,Direct,get sick,see something,get tired,Intrinsic,bio,mind,bio,0.38,0.62,0.25,0.39,0.34,-0.06
subj_09,Direct,kick something,think about something,sit down,Direct,action,mind,action,0.37,0.6,0.23,0.7,0.42,-0.29
subj_09,Direct,feel scared,see something,get tired,Direct,bio,mind,bio,0.12,0.54,0.42,0.51,0.4,-0.11
subj_09,Direct,jump up and down,see something,sit down,Direct,action,mind,action,0.29,0.6,0.32,0.83,0.3,-0.52
subj_09,Direct,think about something,get sick,remember something,Intrinsic,mind,bio,mind,0.25,0.65,0.4,0.08,0.15,0.08
subj_10,Direct,remember something,take a walk,think about something,Intrinsic,mind,action,mind,0.24,0.61,0.37,0.07,0.15,0.08
subj_10,Direct,experience pain,kick something,get tired,Intrinsic,bio,action,bio,0.13,0.51,0.38,0.43,0.41,-0.02
subj_10,Direct,jump up and down,see something,sit down,Direct,action,mind,action,0.29,0.6,0.32,0.83,0.3,-0.52
subj_10,Direct,take a walk,think about something,sit down,Direct,action,mind,action,0.26,0.58,0.32,0.77,0.33,-0.44
subj_10,Direct,choose what to do,experience pain,remember something,Intrinsic,mind,bio,mind,0.2,0.57,0.36,0.15,0.36,0.22
subj_10,Direct,hear something,take a walk,see something,Direct,mind,action,mind,0.25,0.58,0.33,0.44,0.18,-0.27
subj_10,Direct,sit down,experience pain,jump up and down,Intrinsic,action,bio,action,0.13,0.58,0.45,0.54,0.3,-0.23
subj_10,Direct,become hungry,take a walk,feel scared,Direct,bio,action,bio,0.18,0.55,0.37,0.67,0.44,-0.22
subj_10,Direct,reach for something,become hungry,kick something,Intrinsic,action,bio,action,0.21,0.56,0.35,0.54,0.4,-0.15
subj_10,Direct,get tired,jump up and down,feel scared,Direct,bio,action,bio,0.1,0.54,0.43,0.42,0.4,-0.02
subj_10,Direct,get sick,see something,get tired,Intrinsic,bio,mind,bio,0.38,0.62,0.25,0.39,0.34,-0.06
subj_10,Direct,think about something,get sick,remember something,Intrinsic,mind,bio,mind,0.25,0.65,0.4,0.08,0.15,0.08
subj_10,Direct,feel scared,see something,get tired,Direct,bio,mind,bio,0.12,0.54,0.42,0.51,0.4,-0.11
subj_10,Direct,kick something,think about something,sit down,Intrinsic,action,mind,action,0.37,0.6,0.23,0.7,0.42,-0.29
subj_10,Direct,see something,take a walk,hear something,Direct,mind,action,mind,0.2,0.58,0.38,0.42,0.18,-0.24
subj_11,Direct,experience pain,kick something,get tired,Direct,bio,action,bio,0.13,0.51,0.38,0.43,0.41,-0.02
subj_11,Direct,hear something,take a walk,see something,Intrinsic,mind,action,mind,0.25,0.58,0.33,0.44,0.18,-0.27
subj_11,Direct,get tired,jump up and down,feel scared,Direct,bio,action,bio,0.1,0.54,0.43,0.42,0.4,-0.02
subj_11,Direct,feel scared,see something,get tired,Direct,bio,mind,bio,0.12,0.54,0.42,0.51,0.4,-0.11
subj_11,Direct,kick something,think about something,sit down,Direct,action,mind,action,0.37,0.6,0.23,0.7,0.42,-0.29
subj_11,Direct,reach for something,become hungry,kick something,Direct,action,bio,action,0.21,0.56,0.35,0.54,0.4,-0.15
subj_11,Direct,see something,take a walk,hear something,Intrinsic,mind,action,mind,0.2,0.58,0.38,0.42,0.18,-0.24
subj_11,Direct,jump up and down,see something,sit down,Direct,action,mind,action,0.29,0.6,0.32,0.83,0.3,-0.52
subj_11,Direct,take a walk,think about something,sit down,Direct,action,mind,action,0.26,0.58,0.32,0.77,0.33,-0.44
subj_11,Direct,become hungry,take a walk,feel scared,Direct,bio,action,bio,0.18,0.55,0.37,0.67,0.44,-0.22
subj_11,Direct,choose what to do,experience pain,remember something,Intrinsic,mind,bio,mind,0.2,0.57,0.36,0.15,0.36,0.22
subj_11,Direct,think about something,get sick,remember something,Intrinsic,mind,bio,mind,0.25,0.65,0.4,0.08,0.15,0.08
subj_11,Direct,sit down,experience pain,jump up and down,Direct,action,bio,action,0.13,0.58,0.45,0.54,0.3,-0.23
subj_11,Direct,get sick,see something,get tired,Direct,bio,mind,bio,0.38,0.62,0.25,0.39,0.34,-0.06
subj_11,Direct,remember something,take a walk,think about something,Intrinsic,mind,action,mind,0.24,0.61,0.37,0.07,0.15,0.08
subj_12,Direct,feel scared,see something,get tired,Direct,bio,mind,bio,0.12,0.54,0.42,0.51,0.4,-0.11
subj_12,Direct,reach for something,become hungry,kick something,Direct,action,bio,action,0.21,0.56,0.35,0.54,0.4,-0.15
subj_12,Direct,remember something,take a walk,think about something,Intrinsic,mind,action,mind,0.24,0.61,0.37,0.07,0.15,0.08
subj_12,Direct,take a walk,think about something,sit down,Direct,action,mind,action,0.26,0.58,0.32,0.77,0.33,-0.44
subj_12,Direct,kick something,think about something,sit down,Direct,action,mind,action,0.37,0.6,0.23,0.7,0.42,-0.29
subj_12,Direct,hear something,take a walk,see something,Direct,mind,action,mind,0.25,0.58,0.33,0.44,0.18,-0.27
subj_12,Direct,see something,take a walk,hear something,Intrinsic,mind,action,mind,0.2,0.58,0.38,0.42,0.18,-0.24
subj_12,Direct,experience pain,kick something,get tired,Intrinsic,bio,action,bio,0.13,0.51,0.38,0.43,0.41,-0.02
subj_12,Direct,get sick,see something,get tired,Intrinsic,bio,mind,bio,0.38,0.62,0.25,0.39,0.34,-0.06
subj_12,Direct,jump up and down,see something,sit down,Direct,action,mind,action,0.29,0.6,0.32,0.83,0.3,-0.52
subj_12,Direct,get tired,jump up and down,feel scared,Intrinsic,bio,action,bio,0.1,0.54,0.43,0.42,0.4,-0.02
subj_12,Direct,think about something,get sick,remember something,Intrinsic,mind,bio,mind,0.25,0.65,0.4,0.08,0.15,0.08
subj_12,Direct,become hungry,take a walk,feel scared,Direct,bio,action,bio,0.18,0.55,0.37,0.67,0.44,-0.22
subj_12,Direct,sit down,experience pain,jump up and down,Direct,action,bio,action,0.13,0.58,0.45,0.54,0.3,-0.23
subj_12,Direct,choose what to do,experience pain,remember something,Direct,mind,bio,mind,0.2,0.57,0.36,0.15,0.36,0.22
subj_13,Direct,jump up and down,see something,sit down,Intrinsic,action,mind,action,0.29,0.6,0.32,0.83,0.3,-0.52
subj_13,Direct,reach for something,become hungry,kick something,Direct,action,bio,action,0.21,0.56,0.35,0.54,0.4,-0.15
subj_13,Direct,become hungry,take a walk,feel scared,Direct,bio,action,bio,0.18,0.55,0.37,0.67,0.44,-0.22
subj_13,Direct,get tired,jump up and down,feel scared,Direct,bio,action,bio,0.1,0.54,0.43,0.42,0.4,-0.02
subj_13,Direct,get sick,see something,get tired,Direct,bio,mind,bio,0.38,0.62,0.25,0.39,0.34,-0.06
subj_13,Direct,experience pain,kick something,get tired,Direct,bio,action,bio,0.13,0.51,0.38,0.43,0.41,-0.02
subj_13,Direct,sit down,experience pain,jump up and down,Direct,action,bio,action,0.13,0.58,0.45,0.54,0.3,-0.23
subj_13,Direct,take a walk,think about something,sit down,Direct,action,mind,action,0.26,0.58,0.32,0.77,0.33,-0.44
subj_13,Direct,choose what to do,experience pain,remember something,Intrinsic,mind,bio,mind,0.2,0.57,0.36,0.15,0.36,0.22
subj_13,Direct,hear something,take a walk,see something,Intrinsic,mind,action,mind,0.25,0.58,0.33,0.44,0.18,-0.27
subj_13,Direct,kick something,think about something,sit down,Intrinsic,action,mind,action,0.37,0.6,0.23,0.7,0.42,-0.29
subj_13,Direct,see something,take a walk,hear something,Intrinsic,mind,action,mind,0.2,0.58,0.38,0.42,0.18,-0.24
subj_13,Direct,remember something,take a walk,think about something,Intrinsic,mind,action,mind,0.24,0.61,0.37,0.07,0.15,0.08
subj_13,Direct,think about something,get sick,remember something,Intrinsic,mind,bio,mind,0.25,0.65,0.4,0.08,0.15,0.08
subj_13,Direct,feel scared,see something,get tired,Direct,bio,mind,bio,0.12,0.54,0.42,0.51,0.4,-0.11
subj_14,Direct,take a walk,think about something,sit down,Direct,action,mind,action,0.26,0.58,0.32,0.77,0.33,-0.44
subj_14,Direct,hear something,take a walk,see something,Intrinsic,mind,action,mind,0.25,0.58,0.33,0.44,0.18,-0.27
subj_14,Direct,experience pain,kick something,get tired,Direct,bio,action,bio,0.13,0.51,0.38,0.43,0.41,-0.02
subj_14,Direct,see something,take a walk,hear something,Intrinsic,mind,action,mind,0.2,0.58,0.38,0.42,0.18,-0.24
subj_14,Direct,sit down,experience pain,jump up and down,Direct,action,bio,action,0.13,0.58,0.45,0.54,0.3,-0.23
subj_14,Direct,get tired,jump up and down,feel scared,Direct,bio,action,bio,0.1,0.54,0.43,0.42,0.4,-0.02
subj_14,Direct,remember something,take a walk,think about something,Direct,mind,action,mind,0.24,0.61,0.37,0.07,0.15,0.08
subj_14,Direct,feel scared,see something,get tired,Direct,bio,mind,bio,0.12,0.54,0.42,0.51,0.4,-0.11
subj_14,Direct,choose what to do,experience pain,remember something,Intrinsic,mind,bio,mind,0.2,0.57,0.36,0.15,0.36,0.22
subj_14,Direct,jump up and down,see something,sit down,Direct,action,mind,action,0.29,0.6,0.32,0.83,0.3,-0.52
subj_14,Direct,think about something,get sick,remember something,Intrinsic,mind,bio,mind,0.25,0.65,0.4,0.08,0.15,0.08
subj_14,Direct,kick something,think about something,sit down,Direct,action,mind,action,0.37,0.6,0.23,0.7,0.42,-0.29
subj_14,Direct,become hungry,take a walk,feel scared,Direct,bio,action,bio,0.18,0.55,0.37,0.67,0.44,-0.22
subj_14,Direct,reach for something,become hungry,kick something,Direct,action,bio,action,0.21,0.56,0.35,0.54,0.4,-0.15
subj_14,Direct,get sick,see something,get tired,Intrinsic,bio,mind,bio,0.38,0.62,0.25,0.39,0.34,-0.06
subj_15,Intrinsic,see something,take a walk,hear something,Intrinsic,mind,action,mind,0.2,0.58,0.38,0.42,0.18,-0.24
subj_15,Intrinsic,hear something,take a walk,see something,Intrinsic,mind,action,mind,0.25,0.58,0.33,0.44,0.18,-0.27
subj_15,Intrinsic,remember something,take a walk,think about something,Intrinsic,mind,action,mind,0.24,0.61,0.37,0.07,0.15,0.08
subj_15,Intrinsic,kick something,think about something,sit down,Direct,action,mind,action,0.37,0.6,0.23,0.7,0.42,-0.29
subj_15,Intrinsic,think about something,get sick,remember something,Intrinsic,mind,bio,mind,0.25,0.65,0.4,0.08,0.15,0.08
subj_15,Intrinsic,take a walk,think about something,sit down,Direct,action,mind,action,0.26,0.58,0.32,0.77,0.33,-0.44
subj_15,Intrinsic,sit down,experience pain,jump up and down,Intrinsic,action,bio,action,0.13,0.58,0.45,0.54,0.3,-0.23
subj_15,Intrinsic,experience pain,kick something,get tired,Intrinsic,bio,action,bio,0.13,0.51,0.38,0.43,0.41,-0.02
subj_15,Intrinsic,get sick,see something,get tired,Direct,bio,mind,bio,0.38,0.62,0.25,0.39,0.34,-0.06
subj_15,Intrinsic,jump up and down,see something,sit down,Direct,action,mind,action,0.29,0.6,0.32,0.83,0.3,-0.52
subj_15,Intrinsic,get tired,jump up and down,feel scared,Direct,bio,action,bio,0.1,0.54,0.43,0.42,0.4,-0.02
subj_15,Intrinsic,reach for something,become hungry,kick something,Direct,action,bio,action,0.21,0.56,0.35,0.54,0.4,-0.15
subj_15,Intrinsic,become hungry,take a walk,feel scared,Direct,bio,action,bio,0.18,0.55,0.37,0.67,0.44,-0.22
subj_15,Intrinsic,feel scared,see something,get tired,Direct,bio,mind,bio,0.12,0.54,0.42,0.51,0.4,-0.11
subj_15,Intrinsic,choose what to do,experience pain,remember something,Intrinsic,mind,bio,mind,0.2,0.57,0.36,0.15,0.36,0.22
subj_16,Intrinsic,see something,take a walk,hear something,Intrinsic,mind,action,mind,0.2,0.58,0.38,0.42,0.18,-0.24
subj_16,Intrinsic,remember something,take a walk,think about something,Intrinsic,mind,action,mind,0.24,0.61,0.37,0.07,0.15,0.08
subj_16,Intrinsic,take a walk,think about something,sit down,Direct,action,mind,action,0.26,0.58,0.32,0.77,0.33,-0.44
subj_16,Intrinsic,sit down,experience pain,jump up and down,Direct,action,bio,action,0.13,0.58,0.45,0.54,0.3,-0.23
subj_16,Intrinsic,get tired,jump up and down,feel scared,Direct,bio,action,bio,0.1,0.54,0.43,0.42,0.4,-0.02
subj_16,Intrinsic,get sick,see something,get tired,Direct,bio,mind,bio,0.38,0.62,0.25,0.39,0.34,-0.06
subj_16,Intrinsic,experience pain,kick something,get tired,Direct,bio,action,bio,0.13,0.51,0.38,0.43,0.41,-0.02
subj_16,Intrinsic,become hungry,take a walk,feel scared,Direct,bio,action,bio,0.18,0.55,0.37,0.67,0.44,-0.22
subj_16,Intrinsic,choose what to do,experience pain,remember something,Intrinsic,mind,bio,mind,0.2,0.57,0.36,0.15,0.36,0.22
subj_16,Intrinsic,kick something,think about something,sit down,Direct,action,mind,action,0.37,0.6,0.23,0.7,0.42,-0.29
subj_16,Intrinsic,feel scared,see something,get tired,Direct,bio,mind,bio,0.12,0.54,0.42,0.51,0.4,-0.11
subj_16,Intrinsic,jump up and down,see something,sit down,Direct,action,mind,action,0.29,0.6,0.32,0.83,0.3,-0.52
subj_16,Intrinsic,reach for something,become hungry,kick something,Direct,action,bio,action,0.21,0.56,0.35,0.54,0.4,-0.15
subj_16,Intrinsic,hear something,take a walk,see something,Intrinsic,mind,action,mind,0.25,0.58,0.33,0.44,0.18,-0.27
subj_16,Intrinsic,think about something,get sick,remember something,Intrinsic,mind,bio,mind,0.25,0.65,0.4,0.08,0.15,0.08
subj_17,Direct,become hungry,take a walk,feel scared,Direct,bio,action,bio,0.18,0.55,0.37,0.67,0.44,-0.22
subj_17,Direct,experience pain,kick something,get tired,Direct,bio,action,bio,0.13,0.51,0.38,0.43,0.41,-0.02
subj_17,Direct,choose what to do,experience pain,remember something,Intrinsic,mind,bio,mind,0.2,0.57,0.36,0.15,0.36,0.22
subj_17,Direct,remember something,take a walk,think about something,Intrinsic,mind,action,mind,0.24,0.61,0.37,0.07,0.15,0.08
subj_17,Direct,jump up and down,see something,sit down,Intrinsic,action,mind,action,0.29,0.6,0.32,0.83,0.3,-0.52
subj_17,Direct,take a walk,think about something,sit down,Direct,action,mind,action,0.26,0.58,0.32,0.77,0.33,-0.44
subj_17,Direct,sit down,experience pain,jump up and down,Direct,action,bio,action,0.13,0.58,0.45,0.54,0.3,-0.23
subj_17,Direct,get tired,jump up and down,feel scared,Direct,bio,action,bio,0.1,0.54,0.43,0.42,0.4,-0.02
subj_17,Direct,think about something,get sick,remember something,Intrinsic,mind,bio,mind,0.25,0.65,0.4,0.08,0.15,0.08
subj_17,Direct,get sick,see something,get tired,Direct,bio,mind,bio,0.38,0.62,0.25,0.39,0.34,-0.06
subj_17,Direct,feel scared,see something,get tired,Direct,bio,mind,bio,0.12,0.54,0.42,0.51,0.4,-0.11
subj_17,Direct,see something,take a walk,hear something,Direct,mind,action,mind,0.2,0.58,0.38,0.42,0.18,-0.24
subj_17,Direct,hear something,take a walk,see something,Direct,mind,action,mind,0.25,0.58,0.33,0.44,0.18,-0.27
subj_17,Direct,reach for something,become hungry,kick something,Direct,action,bio,action,0.21,0.56,0.35,0.54,0.4,-0.15
subj_17,Direct,kick something,think about something,sit down,Direct,action,mind,action,0.37,0.6,0.23,0.7,0.42,-0.29
subj_18,Intrinsic,take a walk,think about something,sit down,Direct,action,mind,action,0.26,0.58,0.32,0.77,0.33,-0.44
subj_18,Intrinsic,reach for something,become hungry,kick something,Direct,action,bio,action,0.21,0.56,0.35,0.54,0.4,-0.15
subj_18,Intrinsic,choose what to do,experience pain,remember something,Intrinsic,mind,bio,mind,0.2,0.57,0.36,0.15,0.36,0.22
subj_18,Intrinsic,jump up and down,see something,sit down,Direct,action,mind,action,0.29,0.6,0.32,0.83,0.3,-0.52
subj_18,Intrinsic,become hungry,take a walk,feel scared,Direct,bio,action,bio,0.18,0.55,0.37,0.67,0.44,-0.22
subj_18,Intrinsic,get tired,jump up and down,feel scared,Direct,bio,action,bio,0.1,0.54,0.43,0.42,0.4,-0.02
subj_18,Intrinsic,get sick,see something,get tired,Intrinsic,bio,mind,bio,0.38,0.62,0.25,0.39,0.34,-0.06
subj_18,Intrinsic,feel scared,see something,get tired,Direct,bio,mind,bio,0.12,0.54,0.42,0.51,0.4,-0.11
subj_18,Intrinsic,hear something,take a walk,see something,Intrinsic,mind,action,mind,0.25,0.58,0.33,0.44,0.18,-0.27
subj_18,Intrinsic,kick something,think about something,sit down,Direct,action,mind,action,0.37,0.6,0.23,0.7,0.42,-0.29
subj_18,Intrinsic,see something,take a walk,hear something,Intrinsic,mind,action,mind,0.2,0.58,0.38,0.42,0.18,-0.24
subj_18,Intrinsic,experience pain,kick something,get tired,Direct,bio,action,bio,0.13,0.51,0.38,0.43,0.41,-0.02
subj_18,Intrinsic,sit down,experience pain,jump up and down,Direct,action,bio,action,0.13,0.58,0.45,0.54,0.3,-0.23
subj_18,Intrinsic,think about something,get sick,remember something,Intrinsic,mind,bio,mind,0.25,0.65,0.4,0.08,0.15,0.08
subj_18,Intrinsic,remember something,take a walk,think about something,Intrinsic,mind,action,mind,0.24,0.61,0.37,0.07,0.15,0.08
subj_19,Direct,jump up and down,see something,sit down,Direct,action,mind,action,0.29,0.6,0.32,0.83,0.3,-0.52
subj_19,Direct,see something,take a walk,hear something,Direct,mind,action,mind,0.2,0.58,0.38,0.42,0.18,-0.24
subj_19,Direct,kick something,think about something,sit down,Direct,action,mind,action,0.37,0.6,0.23,0.7,0.42,-0.29
subj_19,Direct,reach for something,become hungry,kick something,Direct,action,bio,action,0.21,0.56,0.35,0.54,0.4,-0.15
subj_19,Direct,think about something,get sick,remember something,Intrinsic,mind,bio,mind,0.25,0.65,0.4,0.08,0.15,0.08
subj_19,Direct,sit down,experience pain,jump up and down,Intrinsic,action,bio,action,0.13,0.58,0.45,0.54,0.3,-0.23
subj_19,Direct,get tired,jump up and down,feel scared,Direct,bio,action,bio,0.1,0.54,0.43,0.42,0.4,-0.02
subj_19,Direct,experience pain,kick something,get tired,Direct,bio,action,bio,0.13,0.51,0.38,0.43,0.41,-0.02
subj_19,Direct,get sick,see something,get tired,Intrinsic,bio,mind,bio,0.38,0.62,0.25,0.39,0.34,-0.06
subj_19,Direct,take a walk,think about something,sit down,Direct,action,mind,action,0.26,0.58,0.32,0.77,0.33,-0.44
subj_19,Direct,remember something,take a walk,think about something,Intrinsic,mind,action,mind,0.24,0.61,0.37,0.07,0.15,0.08
subj_19,Direct,feel scared,see something,get tired,Direct,bio,mind,bio,0.12,0.54,0.42,0.51,0.4,-0.11
subj_19,Direct,hear something,take a walk,see something,Direct,mind,action,mind,0.25,0.58,0.33,0.44,0.18,-0.27
subj_19,Direct,become hungry,take a walk,feel scared,Direct,bio,action,bio,0.18,0.55,0.37,0.67,0.44,-0.22
subj_19,Direct,choose what to do,experience pain,remember something,Intrinsic,mind,bio,mind,0.2,0.57,0.36,0.15,0.36,0.22
subj_20,Direct,sit down,experience pain,jump up and down,Direct,action,bio,action,0.13,0.58,0.45,0.54,0.3,-0.23
subj_20,Direct,choose what to do,experience pain,remember something,Direct,mind,bio,mind,0.2,0.57,0.36,0.15,0.36,0.22
subj_20,Direct,feel scared,see something,get tired,Direct,bio,mind,bio,0.12,0.54,0.42,0.51,0.4,-0.11
subj_20,Direct,reach for something,become hungry,kick something,Direct,action,bio,action,0.21,0.56,0.35,0.54,0.4,-0.15
subj_20,Direct,get sick,see something,get tired,Direct,bio,mind,bio,0.38,0.62,0.25,0.39,0.34,-0.06
subj_20,Direct,hear something,take a walk,see something,Direct,mind,action,mind,0.25,0.58,0.33,0.44,0.18,-0.27
subj_20,Direct,get tired,jump up and down,feel scared,Intrinsic,bio,action,bio,0.1,0.54,0.43,0.42,0.4,-0.02
subj_20,Direct,kick something,think about something,sit down,Direct,action,mind,action,0.37,0.6,0.23,0.7,0.42,-0.29
subj_20,Direct,think about something,get sick,remember something,Intrinsic,mind,bio,mind,0.25,0.65,0.4,0.08,0.15,0.08
subj_20,Direct,remember something,take a walk,think about something,Intrinsic,mind,action,mind,0.24,0.61,0.37,0.07,0.15,0.08
subj_20,Direct,see something,take a walk,hear something,Intrinsic,mind,action,mind,0.2,0.58,0.38,0.42,0.18,-0.24
subj_20,Direct,jump up and down,see something,sit down,Direct,action,mind,action,0.29,0.6,0.32,0.83,0.3,-0.52
subj_20,Direct,become hungry,take a walk,feel scared,Direct,bio,action,bio,0.18,0.55,0.37,0.67,0.44,-0.22
subj_20,Direct,take a walk,think about something,sit down,Direct,action,mind,action,0.26,0.58,0.32,0.77,0.33,-0.44
subj_20,Direct,experience pain,kick something,get tired,Direct,bio,action,bio,0.13,0.51,0.38,0.43,0.41,-0.02
subj_21,Direct,see something,take a walk,hear something,Intrinsic,mind,action,mind,0.2,0.58,0.38,0.42,0.18,-0.24
subj_21,Direct,get sick,see something,get tired,Intrinsic,bio,mind,bio,0.38,0.62,0.25,0.39,0.34,-0.06
subj_21,Direct,feel scared,see something,get tired,Direct,bio,mind,bio,0.12,0.54,0.42,0.51,0.4,-0.11
subj_21,Direct,choose what to do,experience pain,remember something,Intrinsic,mind,bio,mind,0.2,0.57,0.36,0.15,0.36,0.22
subj_21,Direct,become hungry,take a walk,feel scared,Direct,bio,action,bio,0.18,0.55,0.37,0.67,0.44,-0.22
subj_21,Direct,hear something,take a walk,see something,Intrinsic,mind,action,mind,0.25,0.58,0.33,0.44,0.18,-0.27
subj_21,Direct,reach for something,become hungry,kick something,Direct,action,bio,action,0.21,0.56,0.35,0.54,0.4,-0.15
subj_21,Direct,experience pain,kick something,get tired,Direct,bio,action,bio,0.13,0.51,0.38,0.43,0.41,-0.02
subj_21,Direct,take a walk,think about something,sit down,Intrinsic,action,mind,action,0.26,0.58,0.32,0.77,0.33,-0.44
subj_21,Direct,get tired,jump up and down,feel scared,Direct,bio,action,bio,0.1,0.54,0.43,0.42,0.4,-0.02
subj_21,Direct,think about something,get sick,remember something,Intrinsic,mind,bio,mind,0.25,0.65,0.4,0.08,0.15,0.08
subj_21,Direct,jump up and down,see something,sit down,Direct,action,mind,action,0.29,0.6,0.32,0.83,0.3,-0.52
subj_21,Direct,remember something,take a walk,think about something,Intrinsic,mind,action,mind,0.24,0.61,0.37,0.07,0.15,0.08
subj_21,Direct,sit down,experience pain,jump up and down,Intrinsic,action,bio,action,0.13,0.58,0.45,0.54,0.3,-0.23
subj_21,Direct,kick something,think about something,sit down,Intrinsic,action,mind,action,0.37,0.6,0.23,0.7,0.42,-0.29
subj_22,Intrinsic,take a walk,think about something,sit down,Direct,action,mind,action,0.26,0.58,0.32,0.77,0.33,-0.44
subj_22,Intrinsic,think about something,get sick,remember something,Intrinsic,mind,bio,mind,0.25,0.65,0.4,0.08,0.15,0.08
subj_22,Intrinsic,get tired,jump up and down,feel scared,Direct,bio,action,bio,0.1,0.54,0.43,0.42,0.4,-0.02
subj_22,Intrinsic,jump up and down,see something,sit down,Intrinsic,action,mind,action,0.29,0.6,0.32,0.83,0.3,-0.52
subj_22,Intrinsic,sit down,experience pain,jump up and down,Direct,action,bio,action,0.13,0.58,0.45,0.54,0.3,-0.23
subj_22,Intrinsic,choose what to do,experience pain,remember something,Intrinsic,mind,bio,mind,0.2,0.57,0.36,0.15,0.36,0.22
subj_22,Intrinsic,remember something,take a walk,think about something,Intrinsic,mind,action,mind,0.24,0.61,0.37,0.07,0.15,0.08
subj_22,Intrinsic,reach for something,become hungry,kick something,Direct,action,bio,action,0.21,0.56,0.35,0.54,0.4,-0.15
subj_22,Intrinsic,become hungry,take a walk,feel scared,Direct,bio,action,bio,0.18,0.55,0.37,0.67,0.44,-0.22
subj_22,Intrinsic,hear something,take a walk,see something,Direct,mind,action,mind,0.25,0.58,0.33,0.44,0.18,-0.27
subj_22,Intrinsic,get sick,see something,get tired,Intrinsic,bio,mind,bio,0.38,0.62,0.25,0.39,0.34,-0.06
subj_22,Intrinsic,kick something,think about something,sit down,Intrinsic,action,mind,action,0.37,0.6,0.23,0.7,0.42,-0.29
subj_22,Intrinsic,feel scared,see something,get tired,Direct,bio,mind,bio,0.12,0.54,0.42,0.51,0.4,-0.11
subj_22,Intrinsic,see something,take a walk,hear something,Direct,mind,action,mind,0.2,0.58,0.38,0.42,0.18,-0.24
subj_22,Intrinsic,experience pain,kick something,get tired,Direct,bio,action,bio,0.13,0.51,0.38,0.43,0.41,-0.02
subj_23,Intrinsic,see something,take a walk,hear something,Intrinsic,mind,action,mind,0.2,0.58,0.38,0.42,0.18,-0.24
subj_23,Intrinsic,think about something,get sick,remember something,Intrinsic,mind,bio,mind,0.25,0.65,0.4,0.08,0.15,0.08
subj_23,Intrinsic,choose what to do,experience pain,remember something,Intrinsic,mind,bio,mind,0.2,0.57,0.36,0.15,0.36,0.22
subj_23,Intrinsic,sit down,experience pain,jump up and down,Intrinsic,action,bio,action,0.13,0.58,0.45,0.54,0.3,-0.23
subj_23,Intrinsic,take a walk,think about something,sit down,Intrinsic,action,mind,action,0.26,0.58,0.32,0.77,0.33,-0.44
subj_23,Intrinsic,hear something,take a walk,see something,Intrinsic,mind,action,mind,0.25,0.58,0.33,0.44,0.18,-0.27
subj_23,Intrinsic,get sick,see something,get tired,Intrinsic,bio,mind,bio,0.38,0.62,0.25,0.39,0.34,-0.06
subj_23,Intrinsic,remember something,take a walk,think about something,Intrinsic,mind,action,mind,0.24,0.61,0.37,0.07,0.15,0.08
subj_23,Intrinsic,jump up and down,see something,sit down,Intrinsic,action,mind,action,0.29,0.6,0.32,0.83,0.3,-0.52
subj_23,Intrinsic,become hungry,take a walk,feel scared,Intrinsic,bio,action,bio,0.18,0.55,0.37,0.67,0.44,-0.22
subj_23,Intrinsic,kick something,think about something,sit down,Intrinsic,action,mind,action,0.37,0.6,0.23,0.7,0.42,-0.29
subj_23,Intrinsic,feel scared,see something,get tired,Intrinsic,bio,mind,bio,0.12,0.54,0.42,0.51,0.4,-0.11
subj_23,Intrinsic,get tired,jump up and down,feel scared,Intrinsic,bio,action,bio,0.1,0.54,0.43,0.42,0.4,-0.02
subj_23,Intrinsic,experience pain,kick something,get tired,Intrinsic,bio,action,bio,0.13,0.51,0.38,0.43,0.41,-0.02
subj_23,Intrinsic,reach for something,become hungry,kick something,Intrinsic,action,bio,action,0.21,0.56,0.35,0.54,0.4,-0.15
subj_24,Direct,get tired,jump up and down,feel scared,Direct,bio,action,bio,0.1,0.54,0.43,0.42,0.4,-0.02
subj_24,Direct,take a walk,think about something,sit down,Direct,action,mind,action,0.26,0.58,0.32,0.77,0.33,-0.44
subj_24,Direct,feel scared,see something,get tired,Direct,bio,mind,bio,0.12,0.54,0.42,0.51,0.4,-0.11
subj_24,Direct,sit down,experience pain,jump up and down,Direct,action,bio,action,0.13,0.58,0.45,0.54,0.3,-0.23
subj_24,Direct,remember something,take a walk,think about something,Intrinsic,mind,action,mind,0.24,0.61,0.37,0.07,0.15,0.08
subj_24,Direct,see something,take a walk,hear something,Direct,mind,action,mind,0.2,0.58,0.38,0.42,0.18,-0.24
subj_24,Direct,experience pain,kick something,get tired,Direct,bio,action,bio,0.13,0.51,0.38,0.43,0.41,-0.02
subj_24,Direct,hear something,take a walk,see something,Direct,mind,action,mind,0.25,0.58,0.33,0.44,0.18,-0.27
subj_24,Direct,jump up and down,see something,sit down,Direct,action,mind,action,0.29,0.6,0.32,0.83,0.3,-0.52
subj_24,Direct,get sick,see something,get tired,Intrinsic,bio,mind,bio,0.38,0.62,0.25,0.39,0.34,-0.06
subj_24,Direct,choose what to do,experience pain,remember something,Intrinsic,mind,bio,mind,0.2,0.57,0.36,0.15,0.36,0.22
subj_24,Direct,become hungry,take a walk,feel scared,Direct,bio,action,bio,0.18,0.55,0.37,0.67,0.44,-0.22
subj_24,Direct,kick something,think about something,sit down,Direct,action,mind,action,0.37,0.6,0.23,0.7,0.42,-0.29
subj_24,Direct,think about something,get sick,remember something,Intrinsic,mind,bio,mind,0.25,0.65,0.4,0.08,0.15,0.08
subj_24,Direct,reach for something,become hungry,kick something,Direct,action,bio,action,0.21,0.56,0.35,0.54,0.4,-0.15
subj_25,Intrinsic,jump up and down,see something,sit down,Intrinsic,action,mind,action,0.29,0.6,0.32,0.83,0.3,-0.52
subj_25,Intrinsic,experience pain,kick something,get tired,Intrinsic,bio,action,bio,0.13,0.51,0.38,0.43,0.41,-0.02
subj_25,Intrinsic,sit down,experience pain,jump up and down,Intrinsic,action,bio,action,0.13,0.58,0.45,0.54,0.3,-0.23
subj_25,Intrinsic,choose what to do,experience pain,remember something,Intrinsic,mind,bio,mind,0.2,0.57,0.36,0.15,0.36,0.22
subj_25,Intrinsic,get tired,jump up and down,feel scared,Intrinsic,bio,action,bio,0.1,0.54,0.43,0.42,0.4,-0.02
subj_25,Intrinsic,feel scared,see something,get tired,Intrinsic,bio,mind,bio,0.12,0.54,0.42,0.51,0.4,-0.11
subj_25,Intrinsic,kick something,think about something,sit down,Intrinsic,action,mind,action,0.37,0.6,0.23,0.7,0.42,-0.29
subj_25,Intrinsic,think about something,get sick,remember something,Intrinsic,mind,bio,mind,0.25,0.65,0.4,0.08,0.15,0.08
subj_25,Intrinsic,remember something,take a walk,think about something,Intrinsic,mind,action,mind,0.24,0.61,0.37,0.07,0.15,0.08
subj_25,Intrinsic,get sick,see something,get tired,Intrinsic,bio,mind,bio,0.38,0.62,0.25,0.39,0.34,-0.06
subj_25,Intrinsic,reach for something,become hungry,kick something,Intrinsic,action,bio,action,0.21,0.56,0.35,0.54,0.4,-0.15
subj_25,Intrinsic,take a walk,think about something,sit down,Direct,action,mind,action,0.26,0.58,0.32,0.77,0.33,-0.44
subj_25,Intrinsic,see something,take a walk,hear something,Intrinsic,mind,action,mind,0.2,0.58,0.38,0.42,0.18,-0.24
subj_25,Intrinsic,become hungry,take a walk,feel scared,Direct,bio,action,bio,0.18,0.55,0.37,0.67,0.44,-0.22
subj_25,Intrinsic,hear something,take a walk,see something,Intrinsic,mind,action,mind,0.25,0.58,0.33,0.44,0.18,-0.27
subj_26,Direct,think about something,get sick,remember something,Intrinsic,mind,bio,mind,0.25,0.65,0.4,0.08,0.15,0.08
subj_26,Direct,get tired,jump up and down,feel scared,Direct,bio,action,bio,0.1,0.54,0.43,0.42,0.4,-0.02
subj_26,Direct,become hungry,take a walk,feel scared,Direct,bio,action,bio,0.18,0.55,0.37,0.67,0.44,-0.22
subj_26,Direct,get sick,see something,get tired,Intrinsic,bio,mind,bio,0.38,0.62,0.25,0.39,0.34,-0.06
subj_26,Direct,sit down,experience pain,jump up and down,Direct,action,bio,action,0.13,0.58,0.45,0.54,0.3,-0.23
subj_26,Direct,remember something,take a walk,think about something,Intrinsic,mind,action,mind,0.24,0.61,0.37,0.07,0.15,0.08
subj_26,Direct,see something,take a walk,hear something,Direct,mind,action,mind,0.2,0.58,0.38,0.42,0.18,-0.24
subj_26,Direct,feel scared,see something,get tired,Direct,bio,mind,bio,0.12,0.54,0.42,0.51,0.4,-0.11
subj_26,Direct,take a walk,think about something,sit down,Direct,action,mind,action,0.26,0.58,0.32,0.77,0.33,-0.44
subj_26,Direct,kick something,think about something,sit down,Direct,action,mind,action,0.37,0.6,0.23,0.7,0.42,-0.29
subj_26,Direct,choose what to do,experience pain,remember something,Direct,mind,bio,mind,0.2,0.57,0.36,0.15,0.36,0.22
subj_26,Direct,jump up and down,see something,sit down,Direct,action,mind,action,0.29,0.6,0.32,0.83,0.3,-0.52
subj_26,Direct,hear something,take a walk,see something,Direct,mind,action,mind,0.25,0.58,0.33,0.44,0.18,-0.27
subj_26,Direct,experience pain,kick something,get tired,Direct,bio,action,bio,0.13,0.51,0.38,0.43,0.41,-0.02
subj_26,Direct,reach for something,become hungry,kick something,Direct,action,bio,action,0.21,0.56,0.35,0.54,0.4,-0.15
subj_27,Direct,remember something,take a walk,think about something,Intrinsic,mind,action,mind,0.24,0.61,0.37,0.07,0.15,0.08
subj_27,Direct,hear something,take a walk,see something,Intrinsic,mind,action,mind,0.25,0.58,0.33,0.44,0.18,-0.27
subj_27,Direct,take a walk,think about something,sit down,Direct,action,mind,action,0.26,0.58,0.32,0.77,0.33,-0.44
subj_27,Direct,jump up and down,see something,sit down,Direct,action,mind,action,0.29,0.6,0.32,0.83,0.3,-0.52
subj_27,Direct,kick something,think about something,sit down,Direct,action,mind,action,0.37,0.6,0.23,0.7,0.42,-0.29
subj_27,Direct,feel scared,see something,get tired,Direct,bio,mind,bio,0.12,0.54,0.42,0.51,0.4,-0.11
subj_27,Direct,sit down,experience pain,jump up and down,Direct,action,bio,action,0.13,0.58,0.45,0.54,0.3,-0.23
subj_27,Direct,choose what to do,experience pain,remember something,Direct,mind,bio,mind,0.2,0.57,0.36,0.15,0.36,0.22
subj_27,Direct,become hungry,take a walk,feel scared,Direct,bio,action,bio,0.18,0.55,0.37,0.67,0.44,-0.22
subj_27,Direct,get tired,jump up and down,feel scared,Direct,bio,action,bio,0.1,0.54,0.43,0.42,0.4,-0.02
subj_27,Direct,get sick,see something,get tired,Intrinsic,bio,mind,bio,0.38,0.62,0.25,0.39,0.34,-0.06
subj_27,Direct,experience pain,kick something,get tired,Direct,bio,action,bio,0.13,0.51,0.38,0.43,0.41,-0.02
subj_27,Direct,think about something,get sick,remember something,Intrinsic,mind,bio,mind,0.25,0.65,0.4,0.08,0.15,0.08
subj_27,Direct,reach for something,become hungry,kick something,Direct,action,bio,action,0.21,0.56,0.35,0.54,0.4,-0.15
subj_27,Direct,see something,take a walk,hear something,Intrinsic,mind,action,mind,0.2,0.58,0.38,0.42,0.18,-0.24
subj_28,Intrinsic,get sick,see something,get tired,Intrinsic,bio,mind,bio,0.38,0.62,0.25,0.39,0.34,-0.06
subj_28,Intrinsic,take a walk,think about something,sit down,Intrinsic,action,mind,action,0.26,0.58,0.32,0.77,0.33,-0.44
subj_28,Intrinsic,experience pain,kick something,get tired,Direct,bio,action,bio,0.13,0.51,0.38,0.43,0.41,-0.02
subj_28,Intrinsic,sit down,experience pain,jump up and down,Intrinsic,action,bio,action,0.13,0.58,0.45,0.54,0.3,-0.23
subj_28,Intrinsic,hear something,take a walk,see something,Intrinsic,mind,action,mind,0.25,0.58,0.33,0.44,0.18,-0.27
subj_28,Intrinsic,jump up and down,see something,sit down,Intrinsic,action,mind,action,0.29,0.6,0.32,0.83,0.3,-0.52
subj_28,Intrinsic,think about something,get sick,remember something,Intrinsic,mind,bio,mind,0.25,0.65,0.4,0.08,0.15,0.08
subj_28,Intrinsic,choose what to do,experience pain,remember something,Intrinsic,mind,bio,mind,0.2,0.57,0.36,0.15,0.36,0.22
subj_28,Intrinsic,kick something,think about something,sit down,Intrinsic,action,mind,action,0.37,0.6,0.23,0.7,0.42,-0.29
subj_28,Intrinsic,remember something,take a walk,think about something,Intrinsic,mind,action,mind,0.24,0.61,0.37,0.07,0.15,0.08
subj_28,Intrinsic,see something,take a walk,hear something,Intrinsic,mind,action,mind,0.2,0.58,0.38,0.42,0.18,-0.24
subj_28,Intrinsic,become hungry,take a walk,feel scared,Intrinsic,bio,action,bio,0.18,0.55,0.37,0.67,0.44,-0.22
subj_28,Intrinsic,feel scared,see something,get tired,Direct,bio,mind,bio,0.12,0.54,0.42,0.51,0.4,-0.11
subj_28,Intrinsic,get tired,jump up and down,feel scared,Intrinsic,bio,action,bio,0.1,0.54,0.43,0.42,0.4,-0.02
subj_28,Intrinsic,reach for something,become hungry,kick something,Intrinsic,action,bio,action,0.21,0.56,0.35,0.54,0.4,-0.15
subj_29,Intrinsic,take a walk,think about something,sit down,Intrinsic,action,mind,action,0.26,0.58,0.32,0.77,0.33,-0.44
subj_29,Intrinsic,jump up and down,see something,sit down,Intrinsic,action,mind,action,0.29,0.6,0.32,0.83,0.3,-0.52
subj_29,Intrinsic,kick something,think about something,sit down,Direct,action,mind,action,0.37,0.6,0.23,0.7,0.42,-0.29
subj_29,Intrinsic,choose what to do,experience pain,remember something,Direct,mind,bio,mind,0.2,0.57,0.36,0.15,0.36,0.22
subj_29,Intrinsic,feel scared,see something,get tired,Direct,bio,mind,bio,0.12,0.54,0.42,0.51,0.4,-0.11
subj_29,Intrinsic,sit down,experience pain,jump up and down,Intrinsic,action,bio,action,0.13,0.58,0.45,0.54,0.3,-0.23
subj_29,Intrinsic,get sick,see something,get tired,Intrinsic,bio,mind,bio,0.38,0.62,0.25,0.39,0.34,-0.06
subj_29,Intrinsic,become hungry,take a walk,feel scared,Direct,bio,action,bio,0.18,0.55,0.37,0.67,0.44,-0.22
subj_29,Intrinsic,reach for something,become hungry,kick something,Direct,action,bio,action,0.21,0.56,0.35,0.54,0.4,-0.15
subj_29,Intrinsic,hear something,take a walk,see something,Direct,mind,action,mind,0.25,0.58,0.33,0.44,0.18,-0.27
subj_29,Intrinsic,remember something,take a walk,think about something,Intrinsic,mind,action,mind,0.24,0.61,0.37,0.07,0.15,0.08
subj_29,Intrinsic,experience pain,kick something,get tired,Direct,bio,action,bio,0.13,0.51,0.38,0.43,0.41,-0.02
subj_29,Intrinsic,see something,take a walk,hear something,Direct,mind,action,mind,0.2,0.58,0.38,0.42,0.18,-0.24
subj_29,Intrinsic,think about something,get sick,remember something,Intrinsic,mind,bio,mind,0.25,0.65,0.4,0.08,0.15,0.08
subj_29,Intrinsic,get tired,jump up and down,feel scared,Direct,bio,action,bio,0.1,0.54,0.43,0.42,0.4,-0.02
subj_30,Intrinsic,see something,take a walk,hear something,Direct,mind,action,mind,0.2,0.58,0.38,0.42,0.18,-0.24
subj_30,Intrinsic,take a walk,think about something,sit down,Direct,action,mind,action,0.26,0.58,0.32,0.77,0.33,-0.44
subj_30,Intrinsic,experience pain,kick something,get tired,Direct,bio,action,bio,0.13,0.51,0.38,0.43,0.41,-0.02
subj_30,Intrinsic,reach for something,become hungry,kick something,Intrinsic,action,bio,action,0.21,0.56,0.35,0.54,0.4,-0.15
subj_30,Intrinsic,jump up and down,see something,sit down,Intrinsic,action,mind,action,0.29,0.6,0.32,0.83,0.3,-0.52
subj_30,Intrinsic,think about something,get sick,remember something,Intrinsic,mind,bio,mind,0.25,0.65,0.4,0.08,0.15,0.08
subj_30,Intrinsic,remember something,take a walk,think about something,Intrinsic,mind,action,mind,0.24,0.61,0.37,0.07,0.15,0.08
subj_30,Intrinsic,get tired,jump up and down,feel scared,Intrinsic,bio,action,bio,0.1,0.54,0.43,0.42,0.4,-0.02
subj_30,Intrinsic,get sick,see something,get tired,Intrinsic,bio,mind,bio,0.38,0.62,0.25,0.39,0.34,-0.06
subj_30,Intrinsic,kick something,think about something,sit down,Direct,action,mind,action,0.37,0.6,0.23,0.7,0.42,-0.29
subj_30,Intrinsic,choose what to do,experience pain,remember something,Intrinsic,mind,bio,mind,0.2,0.57,0.36,0.15,0.36,0.22
subj_30,Intrinsic,feel scared,see something,get tired,Intrinsic,bio,mind,bio,0.12,0.54,0.42,0.51,0.4,-0.11
subj_30,Intrinsic,hear something,take a walk,see something,Intrinsic,mind,action,mind,0.25,0.58,0.33,0.44,0.18,-0.27
subj_30,Intrinsic,become hungry,take a walk,feel scared,Intrinsic,bio,action,bio,0.18,0.55,0.37,0.67,0.44,-0.22
subj_30,Intrinsic,sit down,experience pain,jump up and down,Intrinsic,action,bio,action,0.13,0.58,0.45,0.54,0.3,-0.23
subj_31,Direct,become hungry,take a walk,feel scared,Direct,bio,action,bio,0.18,0.55,0.37,0.67,0.44,-0.22
subj_31,Direct,choose what to do,experience pain,remember something,Intrinsic,mind,bio,mind,0.2,0.57,0.36,0.15,0.36,0.22
subj_31,Direct,take a walk,think about something,sit down,Direct,action,mind,action,0.26,0.58,0.32,0.77,0.33,-0.44
subj_31,Direct,get tired,jump up and down,feel scared,Direct,bio,action,bio,0.1,0.54,0.43,0.42,0.4,-0.02
subj_31,Direct,jump up and down,see something,sit down,Direct,action,mind,action,0.29,0.6,0.32,0.83,0.3,-0.52
subj_31,Direct,feel scared,see something,get tired,Direct,bio,mind,bio,0.12,0.54,0.42,0.51,0.4,-0.11
subj_31,Direct,hear something,take a walk,see something,Direct,mind,action,mind,0.25,0.58,0.33,0.44,0.18,-0.27
subj_31,Direct,see something,take a walk,hear something,Direct,mind,action,mind,0.2,0.58,0.38,0.42,0.18,-0.24
subj_31,Direct,think about something,get sick,remember something,Intrinsic,mind,bio,mind,0.25,0.65,0.4,0.08,0.15,0.08
subj_31,Direct,experience pain,kick something,get tired,Direct,bio,action,bio,0.13,0.51,0.38,0.43,0.41,-0.02
subj_31,Direct,get sick,see something,get tired,Intrinsic,bio,mind,bio,0.38,0.62,0.25,0.39,0.34,-0.06
subj_31,Direct,kick something,think about something,sit down,Direct,action,mind,action,0.37,0.6,0.23,0.7,0.42,-0.29
subj_31,Direct,remember something,take a walk,think about something,Intrinsic,mind,action,mind,0.24,0.61,0.37,0.07,0.15,0.08
subj_31,Direct,sit down,experience pain,jump up and down,Intrinsic,action,bio,action,0.13,0.58,0.45,0.54,0.3,-0.23
subj_31,Direct,reach for something,become hungry,kick something,Direct,action,bio,action,0.21,0.56,0.35,0.54,0.4,-0.15
subj_32,Intrinsic,remember something,take a walk,think about something,Intrinsic,mind,action,mind,0.24,0.61,0.37,0.07,0.15,0.08
subj_32,Intrinsic,think about something,get sick,remember something,Intrinsic,mind,bio,mind,0.25,0.65,0.4,0.08,0.15,0.08
subj_32,Intrinsic,kick something,think about something,sit down,Direct,action,mind,action,0.37,0.6,0.23,0.7,0.42,-0.29
subj_32,Intrinsic,experience pain,kick something,get tired,Direct,bio,action,bio,0.13,0.51,0.38,0.43,0.41,-0.02
subj_32,Intrinsic,sit down,experience pain,jump up and down,Direct,action,bio,action,0.13,0.58,0.45,0.54,0.3,-0.23
subj_32,Intrinsic,take a walk,think about something,sit down,Direct,action,mind,action,0.26,0.58,0.32,0.77,0.33,-0.44
subj_32,Intrinsic,get tired,jump up and down,feel scared,Direct,bio,action,bio,0.1,0.54,0.43,0.42,0.4,-0.02
subj_32,Intrinsic,become hungry,take a walk,feel scared,Direct,bio,action,bio,0.18,0.55,0.37,0.67,0.44,-0.22
subj_32,Intrinsic,get sick,see something,get tired,Intrinsic,bio,mind,bio,0.38,0.62,0.25,0.39,0.34,-0.06
subj_32,Intrinsic,choose what to do,experience pain,remember something,Intrinsic,mind,bio,mind,0.2,0.57,0.36,0.15,0.36,0.22
subj_32,Intrinsic,feel scared,see something,get tired,Direct,bio,mind,bio,0.12,0.54,0.42,0.51,0.4,-0.11
subj_32,Intrinsic,jump up and down,see something,sit down,Direct,action,mind,action,0.29,0.6,0.32,0.83,0.3,-0.52
subj_32,Intrinsic,reach for something,become hungry,kick something,Intrinsic,action,bio,action,0.21,0.56,0.35,0.54,0.4,-0.15
subj_32,Intrinsic,hear something,take a walk,see something,Direct,mind,action,mind,0.25,0.58,0.33,0.44,0.18,-0.27
subj_32,Intrinsic,see something,take a walk,hear something,Direct,mind,action,mind,0.2,0.58,0.38,0.42,0.18,-0.24
subj_33,Direct,see something,take a walk,hear something,Direct,mind,action,mind,0.2,0.58,0.38,0.42,0.18,-0.24
subj_33,Direct,choose what to do,experience pain,remember something,Intrinsic,mind,bio,mind,0.2,0.57,0.36,0.15,0.36,0.22
subj_33,Direct,experience pain,kick something,get tired,Direct,bio,action,bio,0.13,0.51,0.38,0.43,0.41,-0.02
subj_33,Direct,remember something,take a walk,think about something,Intrinsic,mind,action,mind,0.24,0.61,0.37,0.07,0.15,0.08
subj_33,Direct,think about something,get sick,remember something,Intrinsic,mind,bio,mind,0.25,0.65,0.4,0.08,0.15,0.08
subj_33,Direct,become hungry,take a walk,feel scared,Direct,bio,action,bio,0.18,0.55,0.37,0.67,0.44,-0.22
subj_33,Direct,hear something,take a walk,see something,Direct,mind,action,mind,0.25,0.58,0.33,0.44,0.18,-0.27
subj_33,Direct,get sick,see something,get tired,Direct,bio,mind,bio,0.38,0.62,0.25,0.39,0.34,-0.06
subj_33,Direct,get tired,jump up and down,feel scared,Direct,bio,action,bio,0.1,0.54,0.43,0.42,0.4,-0.02
subj_33,Direct,kick something,think about something,sit down,Direct,action,mind,action,0.37,0.6,0.23,0.7,0.42,-0.29
subj_33,Direct,feel scared,see something,get tired,Direct,bio,mind,bio,0.12,0.54,0.42,0.51,0.4,-0.11
subj_33,Direct,reach for something,become hungry,kick something,Direct,action,bio,action,0.21,0.56,0.35,0.54,0.4,-0.15
subj_33,Direct,take a walk,think about something,sit down,Direct,action,mind,action,0.26,0.58,0.32,0.77,0.33,-0.44
subj_33,Direct,jump up and down,see something,sit down,Direct,action,mind,action,0.29,0.6,0.32,0.83,0.3,-0.52
subj_33,Direct,sit down,experience pain,jump up and down,Direct,action,bio,action,0.13,0.58,0.45,0.54,0.3,-0.23
subj_34,Direct,hear something,take a walk,see something,Direct,mind,action,mind,0.25,0.58,0.33,0.44,0.18,-0.27
subj_34,Direct,sit down,experience pain,jump up and down,Direct,action,bio,action,0.13,0.58,0.45,0.54,0.3,-0.23
subj_34,Direct,kick something,think about something,sit down,Direct,action,mind,action,0.37,0.6,0.23,0.7,0.42,-0.29
subj_34,Direct,jump up and down,see something,sit down,Direct,action,mind,action,0.29,0.6,0.32,0.83,0.3,-0.52
subj_34,Direct,experience pain,kick something,get tired,Intrinsic,bio,action,bio,0.13,0.51,0.38,0.43,0.41,-0.02
subj_34,Direct,think about something,get sick,remember something,Intrinsic,mind,bio,mind,0.25,0.65,0.4,0.08,0.15,0.08
subj_34,Direct,see something,take a walk,hear something,Direct,mind,action,mind,0.2,0.58,0.38,0.42,0.18,-0.24
subj_34,Direct,feel scared,see something,get tired,Direct,bio,mind,bio,0.12,0.54,0.42,0.51,0.4,-0.11
subj_34,Direct,remember something,take a walk,think about something,Intrinsic,mind,action,mind,0.24,0.61,0.37,0.07,0.15,0.08
subj_34,Direct,get sick,see something,get tired,Intrinsic,bio,mind,bio,0.38,0.62,0.25,0.39,0.34,-0.06
subj_34,Direct,reach for something,become hungry,kick something,Direct,action,bio,action,0.21,0.56,0.35,0.54,0.4,-0.15
subj_34,Direct,become hungry,take a walk,feel scared,Direct,bio,action,bio,0.18,0.55,0.37,0.67,0.44,-0.22
subj_34,Direct,get tired,jump up and down,feel scared,Direct,bio,action,bio,0.1,0.54,0.43,0.42,0.4,-0.02
subj_34,Direct,choose what to do,experience pain,remember something,Intrinsic,mind,bio,mind,0.2,0.57,0.36,0.15,0.36,0.22
subj_34,Direct,take a walk,think about something,sit down,Direct,action,mind,action,0.26,0.58,0.32,0.77,0.33,-0.44
subj_35,Intrinsic,take a walk,think about something,sit down,Intrinsic,action,mind,action,0.26,0.58,0.32,0.77,0.33,-0.44
subj_35,Intrinsic,sit down,experience pain,jump up and down,Intrinsic,action,bio,action,0.13,0.58,0.45,0.54,0.3,-0.23
subj_35,Intrinsic,see something,take a walk,hear something,Intrinsic,mind,action,mind,0.2,0.58,0.38,0.42,0.18,-0.24
subj_35,Intrinsic,get tired,jump up and down,feel scared,Direct,bio,action,bio,0.1,0.54,0.43,0.42,0.4,-0.02
subj_35,Intrinsic,feel scared,see something,get tired,Direct,bio,mind,bio,0.12,0.54,0.42,0.51,0.4,-0.11
subj_35,Intrinsic,kick something,think about something,sit down,Intrinsic,action,mind,action,0.37,0.6,0.23,0.7,0.42,-0.29
subj_35,Intrinsic,reach for something,become hungry,kick something,Intrinsic,action,bio,action,0.21,0.56,0.35,0.54,0.4,-0.15
subj_35,Intrinsic,think about something,get sick,remember something,Intrinsic,mind,bio,mind,0.25,0.65,0.4,0.08,0.15,0.08
subj_35,Intrinsic,jump up and down,see something,sit down,Intrinsic,action,mind,action,0.29,0.6,0.32,0.83,0.3,-0.52
subj_35,Intrinsic,become hungry,take a walk,feel scared,Direct,bio,action,bio,0.18,0.55,0.37,0.67,0.44,-0.22
subj_35,Intrinsic,experience pain,kick something,get tired,Direct,bio,action,bio,0.13,0.51,0.38,0.43,0.41,-0.02
subj_35,Intrinsic,choose what to do,experience pain,remember something,Intrinsic,mind,bio,mind,0.2,0.57,0.36,0.15,0.36,0.22
subj_35,Intrinsic,remember something,take a walk,think about something,Intrinsic,mind,action,mind,0.24,0.61,0.37,0.07,0.15,0.08
subj_35,Intrinsic,hear something,take a walk,see something,Intrinsic,mind,action,mind,0.25,0.58,0.33,0.44,0.18,-0.27
subj_35,Intrinsic,get sick,see something,get tired,Intrinsic,bio,mind,bio,0.38,0.62,0.25,0.39,0.34,-0.06
subj_36,Direct,jump up and down,see something,sit down,Intrinsic,action,mind,action,0.29,0.6,0.32,0.83,0.3,-0.52
subj_36,Direct,hear something,take a walk,see something,Direct,mind,action,mind,0.25,0.58,0.33,0.44,0.18,-0.27
subj_36,Direct,reach for something,become hungry,kick something,Intrinsic,action,bio,action,0.21,0.56,0.35,0.54,0.4,-0.15
subj_36,Direct,think about something,get sick,remember something,Intrinsic,mind,bio,mind,0.25,0.65,0.4,0.08,0.15,0.08
subj_36,Direct,become hungry,take a walk,feel scared,Direct,bio,action,bio,0.18,0.55,0.37,0.67,0.44,-0.22
subj_36,Direct,take a walk,think about something,sit down,Direct,action,mind,action,0.26,0.58,0.32,0.77,0.33,-0.44
subj_36,Direct,experience pain,kick something,get tired,Direct,bio,action,bio,0.13,0.51,0.38,0.43,0.41,-0.02
subj_36,Direct,get sick,see something,get tired,Intrinsic,bio,mind,bio,0.38,0.62,0.25,0.39,0.34,-0.06
subj_36,Direct,remember something,take a walk,think about something,Intrinsic,mind,action,mind,0.24,0.61,0.37,0.07,0.15,0.08
subj_36,Direct,get tired,jump up and down,feel scared,Direct,bio,action,bio,0.1,0.54,0.43,0.42,0.4,-0.02
subj_36,Direct,see something,take a walk,hear something,Direct,mind,action,mind,0.2,0.58,0.38,0.42,0.18,-0.24
subj_36,Direct,kick something,think about something,sit down,Direct,action,mind,action,0.37,0.6,0.23,0.7,0.42,-0.29
subj_36,Direct,sit down,experience pain,jump up and down,Direct,action,bio,action,0.13,0.58,0.45,0.54,0.3,-0.23
subj_36,Direct,choose what to do,experience pain,remember something,Intrinsic,mind,bio,mind,0.2,0.57,0.36,0.15,0.36,0.22
subj_36,Direct,feel scared,see something,get tired,Direct,bio,mind,bio,0.12,0.54,0.42,0.51,0.4,-0.11
subj_37,Intrinsic,sit down,experience pain,jump up and down,Intrinsic,action,bio,action,0.13,0.58,0.45,0.54,0.3,-0.23
subj_37,Intrinsic,see something,take a walk,hear something,Direct,mind,action,mind,0.2,0.58,0.38,0.42,0.18,-0.24
subj_37,Intrinsic,remember something,take a walk,think about something,Intrinsic,mind,action,mind,0.24,0.61,0.37,0.07,0.15,0.08
subj_37,Intrinsic,kick something,think about something,sit down,Direct,action,mind,action,0.37,0.6,0.23,0.7,0.42,-0.29
subj_37,Intrinsic,jump up and down,see something,sit down,Intrinsic,action,mind,action,0.29,0.6,0.32,0.83,0.3,-0.52
subj_37,Intrinsic,take a walk,think about something,sit down,Direct,action,mind,action,0.26,0.58,0.32,0.77,0.33,-0.44
subj_37,Intrinsic,experience pain,kick something,get tired,Intrinsic,bio,action,bio,0.13,0.51,0.38,0.43,0.41,-0.02
subj_37,Intrinsic,hear something,take a walk,see something,Intrinsic,mind,action,mind,0.25,0.58,0.33,0.44,0.18,-0.27
subj_37,Intrinsic,think about something,get sick,remember something,Intrinsic,mind,bio,mind,0.25,0.65,0.4,0.08,0.15,0.08
subj_37,Intrinsic,reach for something,become hungry,kick something,Intrinsic,action,bio,action,0.21,0.56,0.35,0.54,0.4,-0.15
subj_37,Intrinsic,choose what to do,experience pain,remember something,Intrinsic,mind,bio,mind,0.2,0.57,0.36,0.15,0.36,0.22
subj_37,Intrinsic,get sick,see something,get tired,Intrinsic,bio,mind,bio,0.38,0.62,0.25,0.39,0.34,-0.06
subj_37,Intrinsic,get tired,jump up and down,feel scared,Intrinsic,bio,action,bio,0.1,0.54,0.43,0.42,0.4,-0.02
subj_37,Intrinsic,feel scared,see something,get tired,Intrinsic,bio,mind,bio,0.12,0.54,0.42,0.51,0.4,-0.11
subj_37,Intrinsic,become hungry,take a walk,feel scared,Direct,bio,action,bio,0.18,0.55,0.37,0.67,0.44,-0.22
subj_38,Intrinsic,sit down,experience pain,jump up and down,Intrinsic,action,bio,action,0.13,0.58,0.45,0.54,0.3,-0.23
subj_38,Intrinsic,hear something,take a walk,see something,Intrinsic,mind,action,mind,0.25,0.58,0.33,0.44,0.18,-0.27
subj_38,Intrinsic,remember something,take a walk,think about something,Intrinsic,mind,action,mind,0.24,0.61,0.37,0.07,0.15,0.08
subj_38,Intrinsic,reach for something,become hungry,kick something,Intrinsic,action,bio,action,0.21,0.56,0.35,0.54,0.4,-0.15
subj_38,Intrinsic,kick something,think about something,sit down,Intrinsic,action,mind,action,0.37,0.6,0.23,0.7,0.42,-0.29
subj_38,Intrinsic,think about something,get sick,remember something,Intrinsic,mind,bio,mind,0.25,0.65,0.4,0.08,0.15,0.08
subj_38,Intrinsic,become hungry,take a walk,feel scared,Direct,bio,action,bio,0.18,0.55,0.37,0.67,0.44,-0.22
subj_38,Intrinsic,take a walk,think about something,sit down,Intrinsic,action,mind,action,0.26,0.58,0.32,0.77,0.33,-0.44
subj_38,Intrinsic,get sick,see something,get tired,Intrinsic,bio,mind,bio,0.38,0.62,0.25,0.39,0.34,-0.06
subj_38,Intrinsic,get tired,jump up and down,feel scared,Direct,bio,action,bio,0.1,0.54,0.43,0.42,0.4,-0.02
subj_38,Intrinsic,see something,take a walk,hear something,Intrinsic,mind,action,mind,0.2,0.58,0.38,0.42,0.18,-0.24
subj_38,Intrinsic,experience pain,kick something,get tired,Intrinsic,bio,action,bio,0.13,0.51,0.38,0.43,0.41,-0.02
subj_38,Intrinsic,feel scared,see something,get tired,Intrinsic,bio,mind,bio,0.12,0.54,0.42,0.51,0.4,-0.11
subj_38,Intrinsic,jump up and down,see something,sit down,Intrinsic,action,mind,action,0.29,0.6,0.32,0.83,0.3,-0.52
subj_38,Intrinsic,choose what to do,experience pain,remember something,Intrinsic,mind,bio,mind,0.2,0.57,0.36,0.15,0.36,0.22
subj_39,Direct,get sick,see something,get tired,Intrinsic,bio,mind,bio,0.38,0.62,0.25,0.39,0.34,-0.06
subj_39,Direct,kick something,think about something,sit down,Direct,action,mind,action,0.37,0.6,0.23,0.7,0.42,-0.29
subj_39,Direct,experience pain,kick something,get tired,Direct,bio,action,bio,0.13,0.51,0.38,0.43,0.41,-0.02
subj_39,Direct,sit down,experience pain,jump up and down,Direct,action,bio,action,0.13,0.58,0.45,0.54,0.3,-0.23
subj_39,Direct,take a walk,think about something,sit down,Direct,action,mind,action,0.26,0.58,0.32,0.77,0.33,-0.44
subj_39,Direct,feel scared,see something,get tired,Direct,bio,mind,bio,0.12,0.54,0.42,0.51,0.4,-0.11
subj_39,Direct,remember something,take a walk,think about something,Intrinsic,mind,action,mind,0.24,0.61,0.37,0.07,0.15,0.08
subj_39,Direct,see something,take a walk,hear something,Direct,mind,action,mind,0.2,0.58,0.38,0.42,0.18,-0.24
subj_39,Direct,get tired,jump up and down,feel scared,Direct,bio,action,bio,0.1,0.54,0.43,0.42,0.4,-0.02
subj_39,Direct,hear something,take a walk,see something,Direct,mind,action,mind,0.25,0.58,0.33,0.44,0.18,-0.27
subj_39,Direct,reach for something,become hungry,kick something,Intrinsic,action,bio,action,0.21,0.56,0.35,0.54,0.4,-0.15
subj_39,Direct,jump up and down,see something,sit down,Direct,action,mind,action,0.29,0.6,0.32,0.83,0.3,-0.52
subj_39,Direct,choose what to do,experience pain,remember something,Intrinsic,mind,bio,mind,0.2,0.57,0.36,0.15,0.36,0.22
subj_39,Direct,become hungry,take a walk,feel scared,Direct,bio,action,bio,0.18,0.55,0.37,0.67,0.44,-0.22
subj_39,Direct,think about something,get sick,remember something,Intrinsic,mind,bio,mind,0.25,0.65,0.4,0.08,0.15,0.08
subj_40,Intrinsic,sit down,experience pain,jump up and down,Intrinsic,action,bio,action,0.13,0.58,0.45,0.54,0.3,-0.23
subj_40,Intrinsic,experience pain,kick something,get tired,Direct,bio,action,bio,0.13,0.51,0.38,0.43,0.41,-0.02
subj_40,Intrinsic,take a walk,think about something,sit down,Direct,action,mind,action,0.26,0.58,0.32,0.77,0.33,-0.44
subj_40,Intrinsic,kick something,think about something,sit down,Direct,action,mind,action,0.37,0.6,0.23,0.7,0.42,-0.29
subj_40,Intrinsic,see something,take a walk,hear something,Direct,mind,action,mind,0.2,0.58,0.38,0.42,0.18,-0.24
subj_40,Intrinsic,choose what to do,experience pain,remember something,Intrinsic,mind,bio,mind,0.2,0.57,0.36,0.15,0.36,0.22
subj_40,Intrinsic,jump up and down,see something,sit down,Intrinsic,action,mind,action,0.29,0.6,0.32,0.83,0.3,-0.52
subj_40,Intrinsic,become hungry,take a walk,feel scared,Intrinsic,bio,action,bio,0.18,0.55,0.37,0.67,0.44,-0.22
subj_40,Intrinsic,hear something,take a walk,see something,Direct,mind,action,mind,0.25,0.58,0.33,0.44,0.18,-0.27
subj_40,Intrinsic,think about something,get sick,remember something,Intrinsic,mind,bio,mind,0.25,0.65,0.4,0.08,0.15,0.08
subj_40,Intrinsic,get sick,see something,get tired,Intrinsic,bio,mind,bio,0.38,0.62,0.25,0.39,0.34,-0.06
subj_40,Intrinsic,feel scared,see something,get tired,Direct,bio,mind,bio,0.12,0.54,0.42,0.51,0.4,-0.11
subj_40,Intrinsic,get tired,jump up and down,feel scared,Direct,bio,action,bio,0.1,0.54,0.43,0.42,0.4,-0.02
subj_40,Intrinsic,reach for something,become hungry,kick something,Direct,action,bio,action,0.21,0.56,0.35,0.54,0.4,-0.15
subj_40,Intrinsic,remember something,take a walk,think about something,Intrinsic,mind,action,mind,0.24,0.61,0.37,0.07,0.15,0.08
subj_41,Intrinsic,jump up and down,see something,sit down,Direct,action,mind,action,0.29,0.6,0.32,0.83,0.3,-0.52
subj_41,Intrinsic,take a walk,think about something,sit down,Direct,action,mind,action,0.26,0.58,0.32,0.77,0.33,-0.44
subj_41,Intrinsic,sit down,experience pain,jump up and down,Direct,action,bio,action,0.13,0.58,0.45,0.54,0.3,-0.23
subj_41,Intrinsic,become hungry,take a walk,feel scared,Direct,bio,action,bio,0.18,0.55,0.37,0.67,0.44,-0.22
subj_41,Intrinsic,get tired,jump up and down,feel scared,Direct,bio,action,bio,0.1,0.54,0.43,0.42,0.4,-0.02
subj_41,Intrinsic,hear something,take a walk,see something,Direct,mind,action,mind,0.25,0.58,0.33,0.44,0.18,-0.27
subj_41,Intrinsic,choose what to do,experience pain,remember something,Intrinsic,mind,bio,mind,0.2,0.57,0.36,0.15,0.36,0.22
subj_41,Intrinsic,get sick,see something,get tired,Intrinsic,bio,mind,bio,0.38,0.62,0.25,0.39,0.34,-0.06
subj_41,Intrinsic,think about something,get sick,remember something,Intrinsic,mind,bio,mind,0.25,0.65,0.4,0.08,0.15,0.08
subj_41,Intrinsic,feel scared,see something,get tired,Direct,bio,mind,bio,0.12,0.54,0.42,0.51,0.4,-0.11
subj_41,Intrinsic,remember something,take a walk,think about something,Intrinsic,mind,action,mind,0.24,0.61,0.37,0.07,0.15,0.08
subj_41,Intrinsic,kick something,think about something,sit down,Direct,action,mind,action,0.37,0.6,0.23,0.7,0.42,-0.29
subj_41,Intrinsic,see something,take a walk,hear something,Direct,mind,action,mind,0.2,0.58,0.38,0.42,0.18,-0.24
subj_41,Intrinsic,reach for something,become hungry,kick something,Direct,action,bio,action,0.21,0.56,0.35,0.54,0.4,-0.15
subj_41,Intrinsic,experience pain,kick something,get tired,Direct,bio,action,bio,0.13,0.51,0.38,0.43,0.41,-0.02
subj_42,Intrinsic,jump up and down,see something,sit down,Intrinsic,action,mind,action,0.29,0.6,0.32,0.83,0.3,-0.52
subj_42,Intrinsic,see something,take a walk,hear something,Intrinsic,mind,action,mind,0.2,0.58,0.38,0.42,0.18,-0.24
subj_42,Intrinsic,kick something,think about something,sit down,Intrinsic,action,mind,action,0.37,0.6,0.23,0.7,0.42,-0.29
subj_42,Intrinsic,take a walk,think about something,sit down,Intrinsic,action,mind,action,0.26,0.58,0.32,0.77,0.33,-0.44
subj_42,Intrinsic,hear something,take a walk,see something,Intrinsic,mind,action,mind,0.25,0.58,0.33,0.44,0.18,-0.27
subj_42,Intrinsic,remember something,take a walk,think about something,Intrinsic,mind,action,mind,0.24,0.61,0.37,0.07,0.15,0.08
subj_42,Intrinsic,choose what to do,experience pain,remember something,Intrinsic,mind,bio,mind,0.2,0.57,0.36,0.15,0.36,0.22
subj_42,Intrinsic,reach for something,become hungry,kick something,Direct,action,bio,action,0.21,0.56,0.35,0.54,0.4,-0.15
subj_42,Intrinsic,get sick,see something,get tired,Intrinsic,bio,mind,bio,0.38,0.62,0.25,0.39,0.34,-0.06
subj_42,Intrinsic,think about something,get sick,remember something,Intrinsic,mind,bio,mind,0.25,0.65,0.4,0.08,0.15,0.08
subj_42,Intrinsic,become hungry,take a walk,feel scared,Intrinsic,bio,action,bio,0.18,0.55,0.37,0.67,0.44,-0.22
subj_42,Intrinsic,sit down,experience pain,jump up and down,Intrinsic,action,bio,action,0.13,0.58,0.45,0.54,0.3,-0.23
subj_42,Intrinsic,feel scared,see something,get tired,Direct,bio,mind,bio,0.12,0.54,0.42,0.51,0.4,-0.11
subj_42,Intrinsic,get tired,jump up and down,feel scared,Direct,bio,action,bio,0.1,0.54,0.43,0.42,0.4,-0.02
subj_42,Intrinsic,experience pain,kick something,get tired,Direct,bio,action,bio,0.13,0.51,0.38,0.43,0.41,-0.02
subj_43,Direct,jump up and down,see something,sit down,Direct,action,mind,action,0.29,0.6,0.32,0.83,0.3,-0.52
subj_43,Direct,hear something,take a walk,see something,Direct,mind,action,mind,0.25,0.58,0.33,0.44,0.18,-0.27
subj_43,Direct,take a walk,think about something,sit down,Direct,action,mind,action,0.26,0.58,0.32,0.77,0.33,-0.44
subj_43,Direct,think about something,get sick,remember something,Intrinsic,mind,bio,mind,0.25,0.65,0.4,0.08,0.15,0.08
subj_43,Direct,get sick,see something,get tired,Intrinsic,bio,mind,bio,0.38,0.62,0.25,0.39,0.34,-0.06
subj_43,Direct,reach for something,become hungry,kick something,Direct,action,bio,action,0.21,0.56,0.35,0.54,0.4,-0.15
subj_43,Direct,see something,take a walk,hear something,Direct,mind,action,mind,0.2,0.58,0.38,0.42,0.18,-0.24
subj_43,Direct,become hungry,take a walk,feel scared,Direct,bio,action,bio,0.18,0.55,0.37,0.67,0.44,-0.22
subj_43,Direct,choose what to do,experience pain,remember something,Intrinsic,mind,bio,mind,0.2,0.57,0.36,0.15,0.36,0.22
subj_43,Direct,experience pain,kick something,get tired,Direct,bio,action,bio,0.13,0.51,0.38,0.43,0.41,-0.02
subj_43,Direct,sit down,experience pain,jump up and down,Direct,action,bio,action,0.13,0.58,0.45,0.54,0.3,-0.23
subj_43,Direct,kick something,think about something,sit down,Direct,action,mind,action,0.37,0.6,0.23,0.7,0.42,-0.29
subj_43,Direct,get tired,jump up and down,feel scared,Direct,bio,action,bio,0.1,0.54,0.43,0.42,0.4,-0.02
subj_43,Direct,remember something,take a walk,think about something,Intrinsic,mind,action,mind,0.24,0.61,0.37,0.07,0.15,0.08
subj_43,Direct,feel scared,see something,get tired,Direct,bio,mind,bio,0.12,0.54,0.42,0.51,0.4,-0.11
subj_44,Intrinsic,reach for something,become hungry,kick something,Intrinsic,action,bio,action,0.21,0.56,0.35,0.54,0.4,-0.15
subj_44,Intrinsic,hear something,take a walk,see something,Intrinsic,mind,action,mind,0.25,0.58,0.33,0.44,0.18,-0.27
subj_44,Intrinsic,experience pain,kick something,get tired,Intrinsic,bio,action,bio,0.13,0.51,0.38,0.43,0.41,-0.02
subj_44,Intrinsic,choose what to do,experience pain,remember something,Intrinsic,mind,bio,mind,0.2,0.57,0.36,0.15,0.36,0.22
subj_44,Intrinsic,become hungry,take a walk,feel scared,Direct,bio,action,bio,0.18,0.55,0.37,0.67,0.44,-0.22
subj_44,Intrinsic,take a walk,think about something,sit down,Intrinsic,action,mind,action,0.26,0.58,0.32,0.77,0.33,-0.44
subj_44,Intrinsic,see something,take a walk,hear something,Intrinsic,mind,action,mind,0.2,0.58,0.38,0.42,0.18,-0.24
subj_44,Intrinsic,get tired,jump up and down,feel scared,Direct,bio,action,bio,0.1,0.54,0.43,0.42,0.4,-0.02
subj_44,Intrinsic,remember something,take a walk,think about something,Intrinsic,mind,action,mind,0.24,0.61,0.37,0.07,0.15,0.08
subj_44,Intrinsic,get sick,see something,get tired,Intrinsic,bio,mind,bio,0.38,0.62,0.25,0.39,0.34,-0.06
subj_44,Intrinsic,kick something,think about something,sit down,Intrinsic,action,mind,action,0.37,0.6,0.23,0.7,0.42,-0.29
subj_44,Intrinsic,jump up and down,see something,sit down,Intrinsic,action,mind,action,0.29,0.6,0.32,0.83,0.3,-0.52
subj_44,Intrinsic,feel scared,see something,get tired,Direct,bio,mind,bio,0.12,0.54,0.42,0.51,0.4,-0.11
subj_44,Intrinsic,think about something,get sick,remember something,Intrinsic,mind,bio,mind,0.25,0.65,0.4,0.08,0.15,0.08
subj_44,Intrinsic,sit down,experience pain,jump up and down,Intrinsic,action,bio,action,0.13,0.58,0.45,0.54,0.3,-0.23
subj_45,Direct,sit down,experience pain,jump up and down,Intrinsic,action,bio,action,0.13,0.58,0.45,0.54,0.3,-0.23
subj_45,Direct,get sick,see something,get tired,Direct,bio,mind,bio,0.38,0.62,0.25,0.39,0.34,-0.06
subj_45,Direct,choose what to do,experience pain,remember something,Intrinsic,mind,bio,mind,0.2,0.57,0.36,0.15,0.36,0.22
subj_45,Direct,reach for something,become hungry,kick something,Intrinsic,action,bio,action,0.21,0.56,0.35,0.54,0.4,-0.15
subj_45,Direct,take a walk,think about something,sit down,Direct,action,mind,action,0.26,0.58,0.32,0.77,0.33,-0.44
subj_45,Direct,hear something,take a walk,see something,Direct,mind,action,mind,0.25,0.58,0.33,0.44,0.18,-0.27
subj_45,Direct,jump up and down,see something,sit down,Intrinsic,action,mind,action,0.29,0.6,0.32,0.83,0.3,-0.52
subj_45,Direct,experience pain,kick something,get tired,Direct,bio,action,bio,0.13,0.51,0.38,0.43,0.41,-0.02
subj_45,Direct,kick something,think about something,sit down,Direct,action,mind,action,0.37,0.6,0.23,0.7,0.42,-0.29
subj_45,Direct,feel scared,see something,get tired,Direct,bio,mind,bio,0.12,0.54,0.42,0.51,0.4,-0.11
subj_45,Direct,get tired,jump up and down,feel scared,Direct,bio,action,bio,0.1,0.54,0.43,0.42,0.4,-0.02
subj_45,Direct,think about something,get sick,remember something,Intrinsic,mind,bio,mind,0.25,0.65,0.4,0.08,0.15,0.08
subj_45,Direct,become hungry,take a walk,feel scared,Direct,bio,action,bio,0.18,0.55,0.37,0.67,0.44,-0.22
subj_45,Direct,see something,take a walk,hear something,Direct,mind,action,mind,0.2,0.58,0.38,0.42,0.18,-0.24
subj_45,Direct,remember something,take a walk,think about something,Intrinsic,mind,action,mind,0.24,0.61,0.37,0.07,0.15,0.08
subj_46,Intrinsic,take a walk,think about something,sit down,Direct,action,mind,action,0.26,0.58,0.32,0.77,0.33,-0.44
subj_46,Intrinsic,reach for something,become hungry,kick something,Direct,action,bio,action,0.21,0.56,0.35,0.54,0.4,-0.15
subj_46,Intrinsic,see something,take a walk,hear something,Intrinsic,mind,action,mind,0.2,0.58,0.38,0.42,0.18,-0.24
subj_46,Intrinsic,feel scared,see something,get tired,Direct,bio,mind,bio,0.12,0.54,0.42,0.51,0.4,-0.11
subj_46,Intrinsic,sit down,experience pain,jump up and down,Intrinsic,action,bio,action,0.13,0.58,0.45,0.54,0.3,-0.23
subj_46,Intrinsic,choose what to do,experience pain,remember something,Direct,mind,bio,mind,0.2,0.57,0.36,0.15,0.36,0.22
subj_46,Intrinsic,hear something,take a walk,see something,Intrinsic,mind,action,mind,0.25,0.58,0.33,0.44,0.18,-0.27
subj_46,Intrinsic,remember something,take a walk,think about something,Intrinsic,mind,action,mind,0.24,0.61,0.37,0.07,0.15,0.08
subj_46,Intrinsic,jump up and down,see something,sit down,Direct,action,mind,action,0.29,0.6,0.32,0.83,0.3,-0.52
subj_46,Intrinsic,experience pain,kick something,get tired,Direct,bio,action,bio,0.13,0.51,0.38,0.43,0.41,-0.02
subj_46,Intrinsic,become hungry,take a walk,feel scared,Intrinsic,bio,action,bio,0.18,0.55,0.37,0.67,0.44,-0.22
subj_46,Intrinsic,get tired,jump up and down,feel scared,Direct,bio,action,bio,0.1,0.54,0.43,0.42,0.4,-0.02
subj_46,Intrinsic,get sick,see something,get tired,Intrinsic,bio,mind,bio,0.38,0.62,0.25,0.39,0.34,-0.06
subj_46,Intrinsic,kick something,think about something,sit down,Intrinsic,action,mind,action,0.37,0.6,0.23,0.7,0.42,-0.29
subj_46,Intrinsic,think about something,get sick,remember something,Intrinsic,mind,bio,mind,0.25,0.65,0.4,0.08,0.15,0.08
subj_47,Direct,sit down,experience pain,jump up and down,Direct,action,bio,action,0.13,0.58,0.45,0.54,0.3,-0.23
subj_47,Direct,choose what to do,experience pain,remember something,Direct,mind,bio,mind,0.2,0.57,0.36,0.15,0.36,0.22
subj_47,Direct,kick something,think about something,sit down,Direct,action,mind,action,0.37,0.6,0.23,0.7,0.42,-0.29
subj_47,Direct,get sick,see something,get tired,Intrinsic,bio,mind,bio,0.38,0.62,0.25,0.39,0.34,-0.06
subj_47,Direct,think about something,get sick,remember something,Intrinsic,mind,bio,mind,0.25,0.65,0.4,0.08,0.15,0.08
subj_47,Direct,remember something,take a walk,think about something,Intrinsic,mind,action,mind,0.24,0.61,0.37,0.07,0.15,0.08
subj_47,Direct,become hungry,take a walk,feel scared,Direct,bio,action,bio,0.18,0.55,0.37,0.67,0.44,-0.22
subj_47,Direct,see something,take a walk,hear something,Direct,mind,action,mind,0.2,0.58,0.38,0.42,0.18,-0.24
subj_47,Direct,take a walk,think about something,sit down,Direct,action,mind,action,0.26,0.58,0.32,0.77,0.33,-0.44
subj_47,Direct,feel scared,see something,get tired,Direct,bio,mind,bio,0.12,0.54,0.42,0.51,0.4,-0.11
subj_47,Direct,experience pain,kick something,get tired,Direct,bio,action,bio,0.13,0.51,0.38,0.43,0.41,-0.02
subj_47,Direct,jump up and down,see something,sit down,Direct,action,mind,action,0.29,0.6,0.32,0.83,0.3,-0.52
subj_47,Direct,hear something,take a walk,see something,Direct,mind,action,mind,0.25,0.58,0.33,0.44,0.18,-0.27
subj_47,Direct,get tired,jump up and down,feel scared,Direct,bio,action,bio,0.1,0.54,0.43,0.42,0.4,-0.02
subj_47,Direct,reach for something,become hungry,kick something,Direct,action,bio,action,0.21,0.56,0.35,0.54,0.4,-0.15
subj_48,Intrinsic,experience pain,kick something,get tired,Intrinsic,bio,action,bio,0.13,0.51,0.38,0.43,0.41,-0.02
subj_48,Intrinsic,choose what to do,experience pain,remember something,Intrinsic,mind,bio,mind,0.2,0.57,0.36,0.15,0.36,0.22
subj_48,Intrinsic,jump up and down,see something,sit down,Intrinsic,action,mind,action,0.29,0.6,0.32,0.83,0.3,-0.52
subj_48,Intrinsic,get tired,jump up and down,feel scared,Direct,bio,action,bio,0.1,0.54,0.43,0.42,0.4,-0.02
subj_48,Intrinsic,reach for something,become hungry,kick something,Direct,action,bio,action,0.21,0.56,0.35,0.54,0.4,-0.15
subj_48,Intrinsic,feel scared,see something,get tired,Direct,bio,mind,bio,0.12,0.54,0.42,0.51,0.4,-0.11
subj_48,Intrinsic,become hungry,take a walk,feel scared,Direct,bio,action,bio,0.18,0.55,0.37,0.67,0.44,-0.22
subj_48,Intrinsic,get sick,see something,get tired,Intrinsic,bio,mind,bio,0.38,0.62,0.25,0.39,0.34,-0.06
subj_48,Intrinsic,sit down,experience pain,jump up and down,Intrinsic,action,bio,action,0.13,0.58,0.45,0.54,0.3,-0.23
subj_48,Intrinsic,remember something,take a walk,think about something,Intrinsic,mind,action,mind,0.24,0.61,0.37,0.07,0.15,0.08
subj_48,Intrinsic,take a walk,think about something,sit down,Direct,action,mind,action,0.26,0.58,0.32,0.77,0.33,-0.44
subj_48,Intrinsic,think about something,get sick,remember something,Intrinsic,mind,bio,mind,0.25,0.65,0.4,0.08,0.15,0.08
subj_48,Intrinsic,see something,take a walk,hear something,Direct,mind,action,mind,0.2,0.58,0.38,0.42,0.18,-0.24
subj_48,Intrinsic,kick something,think about something,sit down,Intrinsic,action,mind,action,0.37,0.6,0.23,0.7,0.42,-0.29
subj_48,Intrinsic,hear something,take a walk,see something,Direct,mind,action,mind,0.25,0.58,0.33,0.44,0.18,-0.27
subj_49,Intrinsic,choose what to do,experience pain,remember something,Intrinsic,mind,bio,mind,0.2,0.57,0.36,0.15,0.36,0.22
subj_49,Intrinsic,get tired,jump up and down,feel scared,Direct,bio,action,bio,0.1,0.54,0.43,0.42,0.4,-0.02
subj_49,Intrinsic,hear something,take a walk,see something,Intrinsic,mind,action,mind,0.25,0.58,0.33,0.44,0.18,-0.27
subj_49,Intrinsic,see something,take a walk,hear something,Intrinsic,mind,action,mind,0.2,0.58,0.38,0.42,0.18,-0.24
subj_49,Intrinsic,kick something,think about something,sit down,Direct,action,mind,action,0.37,0.6,0.23,0.7,0.42,-0.29
subj_49,Intrinsic,sit down,experience pain,jump up and down,Intrinsic,action,bio,action,0.13,0.58,0.45,0.54,0.3,-0.23
subj_49,Intrinsic,experience pain,kick something,get tired,Direct,bio,action,bio,0.13,0.51,0.38,0.43,0.41,-0.02
subj_49,Intrinsic,take a walk,think about something,sit down,Intrinsic,action,mind,action,0.26,0.58,0.32,0.77,0.33,-0.44
subj_49,Intrinsic,reach for something,become hungry,kick something,Intrinsic,action,bio,action,0.21,0.56,0.35,0.54,0.4,-0.15
subj_49,Intrinsic,become hungry,take a walk,feel scared,Intrinsic,bio,action,bio,0.18,0.55,0.37,0.67,0.44,-0.22
subj_49,Intrinsic,remember something,take a walk,think about something,Intrinsic,mind,action,mind,0.24,0.61,0.37,0.07,0.15,0.08
subj_49,Intrinsic,think about something,get sick,remember something,Intrinsic,mind,bio,mind,0.25,0.65,0.4,0.08,0.15,0.08
subj_49,Intrinsic,get sick,see something,get tired,Intrinsic,bio,mind,bio,0.38,0.62,0.25,0.39,0.34,-0.06
subj_49,Intrinsic,feel scared,see something,get tired,Direct,bio,mind,bio,0.12,0.54,0.42,0.51,0.4,-0.11
subj_49,Intrinsic,jump up and down,see something,sit down,Intrinsic,action,mind,action,0.29,0.6,0.32,0.83,0.3,-0.52
subj_50,Direct,reach for something,become hungry,kick something,Intrinsic,action,bio,action,0.21,0.56,0.35,0.54,0.4,-0.15
subj_50,Direct,see something,take a walk,hear something,Direct,mind,action,mind,0.2,0.58,0.38,0.42,0.18,-0.24
subj_50,Direct,sit down,experience pain,jump up and down,Intrinsic,action,bio,action,0.13,0.58,0.45,0.54,0.3,-0.23
subj_50,Direct,jump up and down,see something,sit down,Direct,action,mind,action,0.29,0.6,0.32,0.83,0.3,-0.52
subj_50,Direct,think about something,get sick,remember something,Intrinsic,mind,bio,mind,0.25,0.65,0.4,0.08,0.15,0.08
subj_50,Direct,experience pain,kick something,get tired,Direct,bio,action,bio,0.13,0.51,0.38,0.43,0.41,-0.02
subj_50,Direct,feel scared,see something,get tired,Direct,bio,mind,bio,0.12,0.54,0.42,0.51,0.4,-0.11
subj_50,Direct,remember something,take a walk,think about something,Intrinsic,mind,action,mind,0.24,0.61,0.37,0.07,0.15,0.08
subj_50,Direct,get sick,see something,get tired,Intrinsic,bio,mind,bio,0.38,0.62,0.25,0.39,0.34,-0.06
subj_50,Direct,choose what to do,experience pain,remember something,Intrinsic,mind,bio,mind,0.2,0.57,0.36,0.15,0.36,0.22
subj_50,Direct,become hungry,take a walk,feel scared,Direct,bio,action,bio,0.18,0.55,0.37,0.67,0.44,-0.22
subj_50,Direct,get tired,jump up and down,feel scared,Direct,bio,action,bio,0.1,0.54,0.43,0.42,0.4,-0.02
subj_50,Direct,hear something,take a walk,see something,Intrinsic,mind,action,mind,0.25,0.58,0.33,0.44,0.18,-0.27
subj_50,Direct,take a walk,think about something,sit down,Direct,action,mind,action,0.26,0.58,0.32,0.77,0.33,-0.44
subj_50,Direct,kick something,think about something,sit down,Direct,action,mind,action,0.37,0.6,0.23,0.7,0.42,-0.29
subj_51,Direct,take a walk,think about something,sit down,Direct,action,mind,action,0.26,0.58,0.32,0.77,0.33,-0.44
subj_51,Direct,feel scared,see something,get tired,Direct,bio,mind,bio,0.12,0.54,0.42,0.51,0.4,-0.11
subj_51,Direct,hear something,take a walk,see something,Intrinsic,mind,action,mind,0.25,0.58,0.33,0.44,0.18,-0.27
subj_51,Direct,reach for something,become hungry,kick something,Direct,action,bio,action,0.21,0.56,0.35,0.54,0.4,-0.15
subj_51,Direct,become hungry,take a walk,feel scared,Direct,bio,action,bio,0.18,0.55,0.37,0.67,0.44,-0.22
subj_51,Direct,think about something,get sick,remember something,Direct,mind,bio,mind,0.25,0.65,0.4,0.08,0.15,0.08
subj_51,Direct,choose what to do,experience pain,remember something,Direct,mind,bio,mind,0.2,0.57,0.36,0.15,0.36,0.22
subj_51,Direct,kick something,think about something,sit down,Intrinsic,action,mind,action,0.37,0.6,0.23,0.7,0.42,-0.29
subj_51,Direct,sit down,experience pain,jump up and down,Direct,action,bio,action,0.13,0.58,0.45,0.54,0.3,-0.23
subj_51,Direct,get sick,see something,get tired,Direct,bio,mind,bio,0.38,0.62,0.25,0.39,0.34,-0.06
subj_51,Direct,remember something,take a walk,think about something,Intrinsic,mind,action,mind,0.24,0.61,0.37,0.07,0.15,0.08
subj_51,Direct,see something,take a walk,hear something,Intrinsic,mind,action,mind,0.2,0.58,0.38,0.42,0.18,-0.24
subj_51,Direct,jump up and down,see something,sit down,Intrinsic,action,mind,action,0.29,0.6,0.32,0.83,0.3,-0.52
subj_51,Direct,experience pain,kick something,get tired,Intrinsic,bio,action,bio,0.13,0.51,0.38,0.43,0.41,-0.02
subj_51,Direct,get tired,jump up and down,feel scared,Direct,bio,action,bio,0.1,0.54,0.43,0.42,0.4,-0.02
subj_52,Intrinsic,become hungry,take a walk,feel scared,Direct,bio,action,bio,0.18,0.55,0.37,0.67,0.44,-0.22
subj_52,Intrinsic,choose what to do,experience pain,remember something,Direct,mind,bio,mind,0.2,0.57,0.36,0.15,0.36,0.22
subj_52,Intrinsic,feel scared,see something,get tired,Direct,bio,mind,bio,0.12,0.54,0.42,0.51,0.4,-0.11
subj_52,Intrinsic,get sick,see something,get tired,Direct,bio,mind,bio,0.38,0.62,0.25,0.39,0.34,-0.06
subj_52,Intrinsic,experience pain,kick something,get tired,Direct,bio,action,bio,0.13,0.51,0.38,0.43,0.41,-0.02
subj_52,Intrinsic,sit down,experience pain,jump up and down,Intrinsic,action,bio,action,0.13,0.58,0.45,0.54,0.3,-0.23
subj_52,Intrinsic,kick something,think about something,sit down,Direct,action,mind,action,0.37,0.6,0.23,0.7,0.42,-0.29
subj_52,Intrinsic,jump up and down,see something,sit down,Direct,action,mind,action,0.29,0.6,0.32,0.83,0.3,-0.52
subj_52,Intrinsic,get tired,jump up and down,feel scared,Direct,bio,action,bio,0.1,0.54,0.43,0.42,0.4,-0.02
subj_52,Intrinsic,hear something,take a walk,see something,Direct,mind,action,mind,0.25,0.58,0.33,0.44,0.18,-0.27
subj_52,Intrinsic,reach for something,become hungry,kick something,Direct,action,bio,action,0.21,0.56,0.35,0.54,0.4,-0.15
subj_52,Intrinsic,take a walk,think about something,sit down,Direct,action,mind,action,0.26,0.58,0.32,0.77,0.33,-0.44
subj_52,Intrinsic,think about something,get sick,remember something,Intrinsic,mind,bio,mind,0.25,0.65,0.4,0.08,0.15,0.08
subj_52,Intrinsic,remember something,take a walk,think about something,Intrinsic,mind,action,mind,0.24,0.61,0.37,0.07,0.15,0.08
subj_52,Intrinsic,see something,take a walk,hear something,Direct,mind,action,mind,0.2,0.58,0.38,0.42,0.18,-0.24
subj_53,Intrinsic,think about something,get sick,remember something,Intrinsic,mind,bio,mind,0.25,0.65,0.4,0.08,0.15,0.08
subj_53,Intrinsic,see something,take a walk,hear something,Intrinsic,mind,action,mind,0.2,0.58,0.38,0.42,0.18,-0.24
subj_53,Intrinsic,take a walk,think about something,sit down,Intrinsic,action,mind,action,0.26,0.58,0.32,0.77,0.33,-0.44
subj_53,Intrinsic,become hungry,take a walk,feel scared,Direct,bio,action,bio,0.18,0.55,0.37,0.67,0.44,-0.22
subj_53,Intrinsic,jump up and down,see something,sit down,Intrinsic,action,mind,action,0.29,0.6,0.32,0.83,0.3,-0.52
subj_53,Intrinsic,sit down,experience pain,jump up and down,Intrinsic,action,bio,action,0.13,0.58,0.45,0.54,0.3,-0.23
subj_53,Intrinsic,get tired,jump up and down,feel scared,Direct,bio,action,bio,0.1,0.54,0.43,0.42,0.4,-0.02
subj_53,Intrinsic,hear something,take a walk,see something,Intrinsic,mind,action,mind,0.25,0.58,0.33,0.44,0.18,-0.27
subj_53,Intrinsic,feel scared,see something,get tired,Intrinsic,bio,mind,bio,0.12,0.54,0.42,0.51,0.4,-0.11
subj_53,Intrinsic,experience pain,kick something,get tired,Intrinsic,bio,action,bio,0.13,0.51,0.38,0.43,0.41,-0.02
subj_53,Intrinsic,remember something,take a walk,think about something,Intrinsic,mind,action,mind,0.24,0.61,0.37,0.07,0.15,0.08
subj_53,Intrinsic,kick something,think about something,sit down,Intrinsic,action,mind,action,0.37,0.6,0.23,0.7,0.42,-0.29
subj_53,Intrinsic,choose what to do,experience pain,remember something,Intrinsic,mind,bio,mind,0.2,0.57,0.36,0.15,0.36,0.22
subj_53,Intrinsic,reach for something,become hungry,kick something,Intrinsic,action,bio,action,0.21,0.56,0.35,0.54,0.4,-0.15
subj_53,Intrinsic,get sick,see something,get tired,Intrinsic,bio,mind,bio,0.38,0.62,0.25,0.39,0.34,-0.06
subj_54,Intrinsic,sit down,experience pain,jump up and down,Intrinsic,action,bio,action,0.13,0.58,0.45,0.54,0.3,-0.23
subj_54,Intrinsic,become hungry,take a walk,feel scared,Direct,bio,action,bio,0.18,0.55,0.37,0.67,0.44,-0.22
subj_54,Intrinsic,hear something,take a walk,see something,Intrinsic,mind,action,mind,0.25,0.58,0.33,0.44,0.18,-0.27
subj_54,Intrinsic,think about something,get sick,remember something,Intrinsic,mind,bio,mind,0.25,0.65,0.4,0.08,0.15,0.08
subj_54,Intrinsic,choose what to do,experience pain,remember something,Intrinsic,mind,bio,mind,0.2,0.57,0.36,0.15,0.36,0.22
subj_54,Intrinsic,feel scared,see something,get tired,Direct,bio,mind,bio,0.12,0.54,0.42,0.51,0.4,-0.11
subj_54,Intrinsic,reach for something,become hungry,kick something,Intrinsic,action,bio,action,0.21,0.56,0.35,0.54,0.4,-0.15
subj_54,Intrinsic,see something,take a walk,hear something,Intrinsic,mind,action,mind,0.2,0.58,0.38,0.42,0.18,-0.24
subj_54,Intrinsic,remember something,take a walk,think about something,Intrinsic,mind,action,mind,0.24,0.61,0.37,0.07,0.15,0.08
subj_54,Intrinsic,take a walk,think about something,sit down,Intrinsic,action,mind,action,0.26,0.58,0.32,0.77,0.33,-0.44
subj_54,Intrinsic,jump up and down,see something,sit down,Intrinsic,action,mind,action,0.29,0.6,0.32,0.83,0.3,-0.52
subj_54,Intrinsic,get tired,jump up and down,feel scared,Intrinsic,bio,action,bio,0.1,0.54,0.43,0.42,0.4,-0.02
subj_54,Intrinsic,get sick,see something,get tired,Intrinsic,bio,mind,bio,0.38,0.62,0.25,0.39,0.34,-0.06
subj_54,Intrinsic,kick something,think about something,sit down,Intrinsic,action,mind,action,0.37,0.6,0.23,0.7,0.42,-0.29
subj_54,Intrinsic,experience pain,kick something,get tired,Direct,bio,action,bio,0.13,0.51,0.38,0.43,0.41,-0.02
subj_55,Intrinsic,remember something,take a walk,think about something,Intrinsic,mind,action,mind,0.24,0.61,0.37,0.07,0.15,0.08
subj_55,Intrinsic,kick something,think about something,sit down,Direct,action,mind,action,0.37,0.6,0.23,0.7,0.42,-0.29
subj_55,Intrinsic,take a walk,think about something,sit down,Direct,action,mind,action,0.26,0.58,0.32,0.77,0.33,-0.44
subj_55,Intrinsic,get sick,see something,get tired,Intrinsic,bio,mind,bio,0.38,0.62,0.25,0.39,0.34,-0.06
subj_55,Intrinsic,reach for something,become hungry,kick something,Direct,action,bio,action,0.21,0.56,0.35,0.54,0.4,-0.15
subj_55,Intrinsic,choose what to do,experience pain,remember something,Intrinsic,mind,bio,mind,0.2,0.57,0.36,0.15,0.36,0.22
subj_55,Intrinsic,think about something,get sick,remember something,Intrinsic,mind,bio,mind,0.25,0.65,0.4,0.08,0.15,0.08
subj_55,Intrinsic,become hungry,take a walk,feel scared,Direct,bio,action,bio,0.18,0.55,0.37,0.67,0.44,-0.22
subj_55,Intrinsic,get tired,jump up and down,feel scared,Direct,bio,action,bio,0.1,0.54,0.43,0.42,0.4,-0.02
subj_55,Intrinsic,feel scared,see something,get tired,Direct,bio,mind,bio,0.12,0.54,0.42,0.51,0.4,-0.11
subj_55,Intrinsic,jump up and down,see something,sit down,Direct,action,mind,action,0.29,0.6,0.32,0.83,0.3,-0.52
subj_55,Intrinsic,sit down,experience pain,jump up and down,Direct,action,bio,action,0.13,0.58,0.45,0.54,0.3,-0.23
subj_55,Intrinsic,experience pain,kick something,get tired,Direct,bio,action,bio,0.13,0.51,0.38,0.43,0.41,-0.02
subj_55,Intrinsic,hear something,take a walk,see something,Direct,mind,action,mind,0.25,0.58,0.33,0.44,0.18,-0.27
subj_55,Intrinsic,see something,take a walk,hear something,Direct,mind,action,mind,0.2,0.58,0.38,0.42,0.18,-0.24
subj_56,Intrinsic,remember something,take a walk,think about something,Intrinsic,mind,action,mind,0.24,0.61,0.37,0.07,0.15,0.08
subj_56,Intrinsic,think about something,get sick,remember something,Intrinsic,mind,bio,mind,0.25,0.65,0.4,0.08,0.15,0.08
subj_56,Intrinsic,experience pain,kick something,get tired,Direct,bio,action,bio,0.13,0.51,0.38,0.43,0.41,-0.02
subj_56,Intrinsic,jump up and down,see something,sit down,Intrinsic,action,mind,action,0.29,0.6,0.32,0.83,0.3,-0.52
subj_56,Intrinsic,become hungry,take a walk,feel scared,Direct,bio,action,bio,0.18,0.55,0.37,0.67,0.44,-0.22
subj_56,Intrinsic,choose what to do,experience pain,remember something,Intrinsic,mind,bio,mind,0.2,0.57,0.36,0.15,0.36,0.22
subj_56,Intrinsic,reach for something,become hungry,kick something,Direct,action,bio,action,0.21,0.56,0.35,0.54,0.4,-0.15
subj_56,Intrinsic,sit down,experience pain,jump up and down,Direct,action,bio,action,0.13,0.58,0.45,0.54,0.3,-0.23
subj_56,Intrinsic,take a walk,think about something,sit down,Direct,action,mind,action,0.26,0.58,0.32,0.77,0.33,-0.44
subj_56,Intrinsic,feel scared,see something,get tired,Direct,bio,mind,bio,0.12,0.54,0.42,0.51,0.4,-0.11
subj_56,Intrinsic,see something,take a walk,hear something,Direct,mind,action,mind,0.2,0.58,0.38,0.42,0.18,-0.24
subj_56,Intrinsic,hear something,take a walk,see something,Direct,mind,action,mind,0.25,0.58,0.33,0.44,0.18,-0.27
subj_56,Intrinsic,get sick,see something,get tired,Intrinsic,bio,mind,bio,0.38,0.62,0.25,0.39,0.34,-0.06
subj_56,Intrinsic,kick something,think about something,sit down,Intrinsic,action,mind,action,0.37,0.6,0.23,0.7,0.42,-0.29
subj_56,Intrinsic,get tired,jump up and down,feel scared,Direct,bio,action,bio,0.1,0.54,0.43,0.42,0.4,-0.02
subj_57,Intrinsic,reach for something,become hungry,kick something,Intrinsic,action,bio,action,0.21,0.56,0.35,0.54,0.4,-0.15
subj_57,Intrinsic,jump up and down,see something,sit down,Intrinsic,action,mind,action,0.29,0.6,0.32,0.83,0.3,-0.52
subj_57,Intrinsic,see something,take a walk,hear something,Intrinsic,mind,action,mind,0.2,0.58,0.38,0.42,0.18,-0.24
subj_57,Intrinsic,experience pain,kick something,get tired,Direct,bio,action,bio,0.13,0.51,0.38,0.43,0.41,-0.02
subj_57,Intrinsic,kick something,think about something,sit down,Intrinsic,action,mind,action,0.37,0.6,0.23,0.7,0.42,-0.29
subj_57,Intrinsic,hear something,take a walk,see something,Intrinsic,mind,action,mind,0.25,0.58,0.33,0.44,0.18,-0.27
subj_57,Intrinsic,get sick,see something,get tired,Intrinsic,bio,mind,bio,0.38,0.62,0.25,0.39,0.34,-0.06
subj_57,Intrinsic,take a walk,think about something,sit down,Intrinsic,action,mind,action,0.26,0.58,0.32,0.77,0.33,-0.44
subj_57,Intrinsic,get tired,jump up and down,feel scared,Direct,bio,action,bio,0.1,0.54,0.43,0.42,0.4,-0.02
subj_57,Intrinsic,remember something,take a walk,think about something,Intrinsic,mind,action,mind,0.24,0.61,0.37,0.07,0.15,0.08
subj_57,Intrinsic,become hungry,take a walk,feel scared,Direct,bio,action,bio,0.18,0.55,0.37,0.67,0.44,-0.22
subj_57,Intrinsic,choose what to do,experience pain,remember something,Intrinsic,mind,bio,mind,0.2,0.57,0.36,0.15,0.36,0.22
subj_57,Intrinsic,think about something,get sick,remember something,Intrinsic,mind,bio,mind,0.25,0.65,0.4,0.08,0.15,0.08
subj_57,Intrinsic,feel scared,see something,get tired,Direct,bio,mind,bio,0.12,0.54,0.42,0.51,0.4,-0.11
subj_57,Intrinsic,sit down,experience pain,jump up and down,Intrinsic,action,bio,action,0.13,0.58,0.45,0.54,0.3,-0.23
subj_58,Intrinsic,experience pain,kick something,get tired,Direct,bio,action,bio,0.13,0.51,0.38,0.43,0.41,-0.02
subj_58,Intrinsic,get sick,see something,get tired,Intrinsic,bio,mind,bio,0.38,0.62,0.25,0.39,0.34,-0.06
subj_58,Intrinsic,sit down,experience pain,jump up and down,Intrinsic,action,bio,action,0.13,0.58,0.45,0.54,0.3,-0.23
subj_58,Intrinsic,take a walk,think about something,sit down,Direct,action,mind,action,0.26,0.58,0.32,0.77,0.33,-0.44
subj_58,Intrinsic,jump up and down,see something,sit down,Direct,action,mind,action,0.29,0.6,0.32,0.83,0.3,-0.52
subj_58,Intrinsic,become hungry,take a walk,feel scared,Direct,bio,action,bio,0.18,0.55,0.37,0.67,0.44,-0.22
subj_58,Intrinsic,reach for something,become hungry,kick something,Direct,action,bio,action,0.21,0.56,0.35,0.54,0.4,-0.15
subj_58,Intrinsic,see something,take a walk,hear something,Intrinsic,mind,action,mind,0.2,0.58,0.38,0.42,0.18,-0.24
subj_58,Intrinsic,choose what to do,experience pain,remember something,Intrinsic,mind,bio,mind,0.2,0.57,0.36,0.15,0.36,0.22
subj_58,Intrinsic,remember something,take a walk,think about something,Intrinsic,mind,action,mind,0.24,0.61,0.37,0.07,0.15,0.08
subj_58,Intrinsic,hear something,take a walk,see something,Intrinsic,mind,action,mind,0.25,0.58,0.33,0.44,0.18,-0.27
subj_58,Intrinsic,get tired,jump up and down,feel scared,Direct,bio,action,bio,0.1,0.54,0.43,0.42,0.4,-0.02
subj_58,Intrinsic,kick something,think about something,sit down,Direct,action,mind,action,0.37,0.6,0.23,0.7,0.42,-0.29
subj_58,Intrinsic,feel scared,see something,get tired,Direct,bio,mind,bio,0.12,0.54,0.42,0.51,0.4,-0.11
subj_58,Intrinsic,think about something,get sick,remember something,Intrinsic,mind,bio,mind,0.25,0.65,0.4,0.08,0.15,0.08
subj_59,Direct,reach for something,become hungry,kick something,Direct,action,bio,action,0.21,0.56,0.35,0.54,0.4,-0.15
subj_59,Direct,choose what to do,experience pain,remember something,Direct,mind,bio,mind,0.2,0.57,0.36,0.15,0.36,0.22
subj_59,Direct,get tired,jump up and down,feel scared,Direct,bio,action,bio,0.1,0.54,0.43,0.42,0.4,-0.02
subj_59,Direct,think about something,get sick,remember something,Intrinsic,mind,bio,mind,0.25,0.65,0.4,0.08,0.15,0.08
subj_59,Direct,sit down,experience pain,jump up and down,Direct,action,bio,action,0.13,0.58,0.45,0.54,0.3,-0.23
subj_59,Direct,feel scared,see something,get tired,Direct,bio,mind,bio,0.12,0.54,0.42,0.51,0.4,-0.11
subj_59,Direct,become hungry,take a walk,feel scared,Direct,bio,action,bio,0.18,0.55,0.37,0.67,0.44,-0.22
subj_59,Direct,kick something,think about something,sit down,Direct,action,mind,action,0.37,0.6,0.23,0.7,0.42,-0.29
subj_59,Direct,jump up and down,see something,sit down,Direct,action,mind,action,0.29,0.6,0.32,0.83,0.3,-0.52
subj_59,Direct,remember something,take a walk,think about something,Intrinsic,mind,action,mind,0.24,0.61,0.37,0.07,0.15,0.08
subj_59,Direct,experience pain,kick something,get tired,Direct,bio,action,bio,0.13,0.51,0.38,0.43,0.41,-0.02
subj_59,Direct,hear something,take a walk,see something,Intrinsic,mind,action,mind,0.25,0.58,0.33,0.44,0.18,-0.27
subj_59,Direct,see something,take a walk,hear something,Direct,mind,action,mind,0.2,0.58,0.38,0.42,0.18,-0.24
subj_59,Direct,take a walk,think about something,sit down,Direct,action,mind,action,0.26,0.58,0.32,0.77,0.33,-0.44
subj_59,Direct,get sick,see something,get tired,Direct,bio,mind,bio,0.38,0.62,0.25,0.39,0.34,-0.06
subj_60,Direct,experience pain,kick something,get tired,Direct,bio,action,bio,0.13,0.51,0.38,0.43,0.41,-0.02
subj_60,Direct,see something,take a walk,hear something,Direct,mind,action,mind,0.2,0.58,0.38,0.42,0.18,-0.24
subj_60,Direct,choose what to do,experience pain,remember something,Direct,mind,bio,mind,0.2,0.57,0.36,0.15,0.36,0.22
subj_60,Direct,kick something,think about something,sit down,Direct,action,mind,action,0.37,0.6,0.23,0.7,0.42,-0.29
subj_60,Direct,get tired,jump up and down,feel scared,Direct,bio,action,bio,0.1,0.54,0.43,0.42,0.4,-0.02
subj_60,Direct,become hungry,take a walk,feel scared,Direct,bio,action,bio,0.18,0.55,0.37,0.67,0.44,-0.22
subj_60,Direct,reach for something,become hungry,kick something,Direct,action,bio,action,0.21,0.56,0.35,0.54,0.4,-0.15
subj_60,Direct,hear something,take a walk,see something,Direct,mind,action,mind,0.25,0.58,0.33,0.44,0.18,-0.27
subj_60,Direct,get sick,see something,get tired,Direct,bio,mind,bio,0.38,0.62,0.25,0.39,0.34,-0.06
subj_60,Direct,jump up and down,see something,sit down,Direct,action,mind,action,0.29,0.6,0.32,0.83,0.3,-0.52
subj_60,Direct,feel scared,see something,get tired,Direct,bio,mind,bio,0.12,0.54,0.42,0.51,0.4,-0.11
subj_60,Direct,sit down,experience pain,jump up and down,Intrinsic,action,bio,action,0.13,0.58,0.45,0.54,0.3,-0.23
subj_60,Direct,remember something,take a walk,think about something,Intrinsic,mind,action,mind,0.24,0.61,0.37,0.07,0.15,0.08
subj_60,Direct,think about something,get sick,remember something,Intrinsic,mind,bio,mind,0.25,0.65,0.4,0.08,0.15,0.08
subj_60,Direct,take a walk,think about something,sit down,Direct,action,mind,action,0.26,0.58,0.32,0.77,0.33,-0.44
subj_61,Direct,take a walk,think about something,sit down,Intrinsic,action,mind,action,0.26,0.58,0.32,0.77,0.33,-0.44
subj_61,Direct,choose what to do,experience pain,remember something,Intrinsic,mind,bio,mind,0.2,0.57,0.36,0.15,0.36,0.22
subj_61,Direct,see something,take a walk,hear something,Intrinsic,mind,action,mind,0.2,0.58,0.38,0.42,0.18,-0.24
subj_61,Direct,think about something,get sick,remember something,Intrinsic,mind,bio,mind,0.25,0.65,0.4,0.08,0.15,0.08
subj_61,Direct,experience pain,kick something,get tired,Direct,bio,action,bio,0.13,0.51,0.38,0.43,0.41,-0.02
subj_61,Direct,hear something,take a walk,see something,Intrinsic,mind,action,mind,0.25,0.58,0.33,0.44,0.18,-0.27
subj_61,Direct,get tired,jump up and down,feel scared,Direct,bio,action,bio,0.1,0.54,0.43,0.42,0.4,-0.02
subj_61,Direct,sit down,experience pain,jump up and down,Intrinsic,action,bio,action,0.13,0.58,0.45,0.54,0.3,-0.23
subj_61,Direct,kick something,think about something,sit down,Direct,action,mind,action,0.37,0.6,0.23,0.7,0.42,-0.29
subj_61,Direct,jump up and down,see something,sit down,Direct,action,mind,action,0.29,0.6,0.32,0.83,0.3,-0.52
subj_61,Direct,become hungry,take a walk,feel scared,Direct,bio,action,bio,0.18,0.55,0.37,0.67,0.44,-0.22
subj_61,Direct,reach for something,become hungry,kick something,Direct,action,bio,action,0.21,0.56,0.35,0.54,0.4,-0.15
subj_61,Direct,get sick,see something,get tired,Intrinsic,bio,mind,bio,0.38,0.62,0.25,0.39,0.34,-0.06
subj_61,Direct,remember something,take a walk,think about something,Intrinsic,mind,action,mind,0.24,0.61,0.37,0.07,0.15,0.08
subj_61,Direct,feel scared,see something,get tired,Direct,bio,mind,bio,0.12,0.54,0.42,0.51,0.4,-0.11
subj_62,Direct,choose what to do,experience pain,remember something,Intrinsic,mind,bio,mind,0.2,0.57,0.36,0.15,0.36,0.22
subj_62,Direct,take a walk,think about something,sit down,Direct,action,mind,action,0.26,0.58,0.32,0.77,0.33,-0.44
subj_62,Direct,become hungry,take a walk,feel scared,Intrinsic,bio,action,bio,0.18,0.55,0.37,0.67,0.44,-0.22
subj_62,Direct,think about something,get sick,remember something,Intrinsic,mind,bio,mind,0.25,0.65,0.4,0.08,0.15,0.08
subj_62,Direct,see something,take a walk,hear something,Direct,mind,action,mind,0.2,0.58,0.38,0.42,0.18,-0.24
subj_62,Direct,experience pain,kick something,get tired,Direct,bio,action,bio,0.13,0.51,0.38,0.43,0.41,-0.02
subj_62,Direct,get tired,jump up and down,feel scared,Direct,bio,action,bio,0.1,0.54,0.43,0.42,0.4,-0.02
subj_62,Direct,hear something,take a walk,see something,Direct,mind,action,mind,0.25,0.58,0.33,0.44,0.18,-0.27
subj_62,Direct,kick something,think about something,sit down,Direct,action,mind,action,0.37,0.6,0.23,0.7,0.42,-0.29
subj_62,Direct,get sick,see something,get tired,Intrinsic,bio,mind,bio,0.38,0.62,0.25,0.39,0.34,-0.06
subj_62,Direct,feel scared,see something,get tired,Direct,bio,mind,bio,0.12,0.54,0.42,0.51,0.4,-0.11
subj_62,Direct,sit down,experience pain,jump up and down,Direct,action,bio,action,0.13,0.58,0.45,0.54,0.3,-0.23
subj_62,Direct,remember something,take a walk,think about something,Intrinsic,mind,action,mind,0.24,0.61,0.37,0.07,0.15,0.08
subj_62,Direct,reach for something,become hungry,kick something,Direct,action,bio,action,0.21,0.56,0.35,0.54,0.4,-0.15
subj_62,Direct,jump up and down,see something,sit down,Direct,action,mind,action,0.29,0.6,0.32,0.83,0.3,-0.52
subj_63,Intrinsic,get tired,jump up and down,feel scared,Direct,bio,action,bio,0.1,0.54,0.43,0.42,0.4,-0.02
subj_63,Intrinsic,become hungry,take a walk,feel scared,Direct,bio,action,bio,0.18,0.55,0.37,0.67,0.44,-0.22
subj_63,Intrinsic,remember something,take a walk,think about something,Intrinsic,mind,action,mind,0.24,0.61,0.37,0.07,0.15,0.08
subj_63,Intrinsic,reach for something,become hungry,kick something,Intrinsic,action,bio,action,0.21,0.56,0.35,0.54,0.4,-0.15
subj_63,Intrinsic,get sick,see something,get tired,Intrinsic,bio,mind,bio,0.38,0.62,0.25,0.39,0.34,-0.06
subj_63,Intrinsic,see something,take a walk,hear something,Direct,mind,action,mind,0.2,0.58,0.38,0.42,0.18,-0.24
subj_63,Intrinsic,take a walk,think about something,sit down,Direct,action,mind,action,0.26,0.58,0.32,0.77,0.33,-0.44
subj_63,Intrinsic,jump up and down,see something,sit down,Intrinsic,action,mind,action,0.29,0.6,0.32,0.83,0.3,-0.52
subj_63,Intrinsic,choose what to do,experience pain,remember something,Intrinsic,mind,bio,mind,0.2,0.57,0.36,0.15,0.36,0.22
subj_63,Intrinsic,hear something,take a walk,see something,Direct,mind,action,mind,0.25,0.58,0.33,0.44,0.18,-0.27
subj_63,Intrinsic,feel scared,see something,get tired,Direct,bio,mind,bio,0.12,0.54,0.42,0.51,0.4,-0.11
subj_63,Intrinsic,experience pain,kick something,get tired,Direct,bio,action,bio,0.13,0.51,0.38,0.43,0.41,-0.02
subj_63,Intrinsic,sit down,experience pain,jump up and down,Intrinsic,action,bio,action,0.13,0.58,0.45,0.54,0.3,-0.23
subj_63,Intrinsic,think about something,get sick,remember something,Intrinsic,mind,bio,mind,0.25,0.65,0.4,0.08,0.15,0.08
subj_63,Intrinsic,kick something,think about something,sit down,Direct,action,mind,action,0.37,0.6,0.23,0.7,0.42,-0.29
subj_64,Intrinsic,get sick,see something,get tired,Intrinsic,bio,mind,bio,0.38,0.62,0.25,0.39,0.34,-0.06
subj_64,Intrinsic,see something,take a walk,hear something,Intrinsic,mind,action,mind,0.2,0.58,0.38,0.42,0.18,-0.24
subj_64,Intrinsic,hear something,take a walk,see something,Intrinsic,mind,action,mind,0.25,0.58,0.33,0.44,0.18,-0.27
subj_64,Intrinsic,think about something,get sick,remember something,Intrinsic,mind,bio,mind,0.25,0.65,0.4,0.08,0.15,0.08
subj_64,Intrinsic,remember something,take a walk,think about something,Intrinsic,mind,action,mind,0.24,0.61,0.37,0.07,0.15,0.08
subj_64,Intrinsic,choose what to do,experience pain,remember something,Intrinsic,mind,bio,mind,0.2,0.57,0.36,0.15,0.36,0.22
subj_64,Intrinsic,feel scared,see something,get tired,Direct,bio,mind,bio,0.12,0.54,0.42,0.51,0.4,-0.11
subj_64,Intrinsic,experience pain,kick something,get tired,Intrinsic,bio,action,bio,0.13,0.51,0.38,0.43,0.41,-0.02
subj_64,Intrinsic,take a walk,think about something,sit down,Direct,action,mind,action,0.26,0.58,0.32,0.77,0.33,-0.44
subj_64,Intrinsic,sit down,experience pain,jump up and down,Intrinsic,action,bio,action,0.13,0.58,0.45,0.54,0.3,-0.23
subj_64,Intrinsic,jump up and down,see something,sit down,Direct,action,mind,action,0.29,0.6,0.32,0.83,0.3,-0.52
subj_64,Intrinsic,get tired,jump up and down,feel scared,Intrinsic,bio,action,bio,0.1,0.54,0.43,0.42,0.4,-0.02
subj_64,Intrinsic,reach for something,become hungry,kick something,Intrinsic,action,bio,action,0.21,0.56,0.35,0.54,0.4,-0.15
subj_64,Intrinsic,become hungry,take a walk,feel scared,Direct,bio,action,bio,0.18,0.55,0.37,0.67,0.44,-0.22
subj_64,Intrinsic,kick something,think about something,sit down,Direct,action,mind,action,0.37,0.6,0.23,0.7,0.42,-0.29
subj_65,Intrinsic,choose what to do,experience pain,remember something,Direct,mind,bio,mind,0.2,0.57,0.36,0.15,0.36,0.22
subj_65,Intrinsic,get sick,see something,get tired,Intrinsic,bio,mind,bio,0.38,0.62,0.25,0.39,0.34,-0.06
subj_65,Intrinsic,experience pain,kick something,get tired,Intrinsic,bio,action,bio,0.13,0.51,0.38,0.43,0.41,-0.02
subj_65,Intrinsic,remember something,take a walk,think about something,Intrinsic,mind,action,mind,0.24,0.61,0.37,0.07,0.15,0.08
subj_65,Intrinsic,feel scared,see something,get tired,Direct,bio,mind,bio,0.12,0.54,0.42,0.51,0.4,-0.11
subj_65,Intrinsic,take a walk,think about something,sit down,Intrinsic,action,mind,action,0.26,0.58,0.32,0.77,0.33,-0.44
subj_65,Intrinsic,become hungry,take a walk,feel scared,Direct,bio,action,bio,0.18,0.55,0.37,0.67,0.44,-0.22
subj_65,Intrinsic,sit down,experience pain,jump up and down,Intrinsic,action,bio,action,0.13,0.58,0.45,0.54,0.3,-0.23
subj_65,Intrinsic,think about something,get sick,remember something,Intrinsic,mind,bio,mind,0.25,0.65,0.4,0.08,0.15,0.08
subj_65,Intrinsic,reach for something,become hungry,kick something,Intrinsic,action,bio,action,0.21,0.56,0.35,0.54,0.4,-0.15
subj_65,Intrinsic,see something,take a walk,hear something,Intrinsic,mind,action,mind,0.2,0.58,0.38,0.42,0.18,-0.24
subj_65,Intrinsic,jump up and down,see something,sit down,Intrinsic,action,mind,action,0.29,0.6,0.32,0.83,0.3,-0.52
subj_65,Intrinsic,hear something,take a walk,see something,Intrinsic,mind,action,mind,0.25,0.58,0.33,0.44,0.18,-0.27
subj_65,Intrinsic,get tired,jump up and down,feel scared,Direct,bio,action,bio,0.1,0.54,0.43,0.42,0.4,-0.02
subj_65,Intrinsic,kick something,think about something,sit down,Intrinsic,action,mind,action,0.37,0.6,0.23,0.7,0.42,-0.29
subj_66,Intrinsic,sit down,experience pain,jump up and down,Direct,action,bio,action,0.13,0.58,0.45,0.54,0.3,-0.23
subj_66,Intrinsic,see something,take a walk,hear something,Direct,mind,action,mind,0.2,0.58,0.38,0.42,0.18,-0.24
subj_66,Intrinsic,get tired,jump up and down,feel scared,Direct,bio,action,bio,0.1,0.54,0.43,0.42,0.4,-0.02
subj_66,Intrinsic,remember something,take a walk,think about something,Intrinsic,mind,action,mind,0.24,0.61,0.37,0.07,0.15,0.08
subj_66,Intrinsic,reach for something,become hungry,kick something,Direct,action,bio,action,0.21,0.56,0.35,0.54,0.4,-0.15
subj_66,Intrinsic,hear something,take a walk,see something,Direct,mind,action,mind,0.25,0.58,0.33,0.44,0.18,-0.27
subj_66,Intrinsic,kick something,think about something,sit down,Intrinsic,action,mind,action,0.37,0.6,0.23,0.7,0.42,-0.29
subj_66,Intrinsic,get sick,see something,get tired,Intrinsic,bio,mind,bio,0.38,0.62,0.25,0.39,0.34,-0.06
subj_66,Intrinsic,choose what to do,experience pain,remember something,Intrinsic,mind,bio,mind,0.2,0.57,0.36,0.15,0.36,0.22
subj_66,Intrinsic,become hungry,take a walk,feel scared,Direct,bio,action,bio,0.18,0.55,0.37,0.67,0.44,-0.22
subj_66,Intrinsic,experience pain,kick something,get tired,Direct,bio,action,bio,0.13,0.51,0.38,0.43,0.41,-0.02
subj_66,Intrinsic,think about something,get sick,remember something,Intrinsic,mind,bio,mind,0.25,0.65,0.4,0.08,0.15,0.08
subj_66,Intrinsic,feel scared,see something,get tired,Direct,bio,mind,bio,0.12,0.54,0.42,0.51,0.4,-0.11
subj_66,Intrinsic,take a walk,think about something,sit down,Direct,action,mind,action,0.26,0.58,0.32,0.77,0.33,-0.44
subj_66,Intrinsic,jump up and down,see something,sit down,Direct,action,mind,action,0.29,0.6,0.32,0.83,0.3,-0.52
subj_67,Intrinsic,choose what to do,experience pain,remember something,Intrinsic,mind,bio,mind,0.2,0.57,0.36,0.15,0.36,0.22
subj_67,Intrinsic,feel scared,see something,get tired,Direct,bio,mind,bio,0.12,0.54,0.42,0.51,0.4,-0.11
subj_67,Intrinsic,sit down,experience pain,jump up and down,Intrinsic,action,bio,action,0.13,0.58,0.45,0.54,0.3,-0.23
subj_67,Intrinsic,experience pain,kick something,get tired,Direct,bio,action,bio,0.13,0.51,0.38,0.43,0.41,-0.02
subj_67,Intrinsic,take a walk,think about something,sit down,Direct,action,mind,action,0.26,0.58,0.32,0.77,0.33,-0.44
subj_67,Intrinsic,hear something,take a walk,see something,Intrinsic,mind,action,mind,0.25,0.58,0.33,0.44,0.18,-0.27
subj_67,Intrinsic,get tired,jump up and down,feel scared,Direct,bio,action,bio,0.1,0.54,0.43,0.42,0.4,-0.02
subj_67,Intrinsic,see something,take a walk,hear something,Direct,mind,action,mind,0.2,0.58,0.38,0.42,0.18,-0.24
subj_67,Intrinsic,think about something,get sick,remember something,Intrinsic,mind,bio,mind,0.25,0.65,0.4,0.08,0.15,0.08
subj_67,Intrinsic,remember something,take a walk,think about something,Intrinsic,mind,action,mind,0.24,0.61,0.37,0.07,0.15,0.08
subj_67,Intrinsic,become hungry,take a walk,feel scared,Direct,bio,action,bio,0.18,0.55,0.37,0.67,0.44,-0.22
subj_67,Intrinsic,jump up and down,see something,sit down,Intrinsic,action,mind,action,0.29,0.6,0.32,0.83,0.3,-0.52
subj_67,Intrinsic,kick something,think about something,sit down,Direct,action,mind,action,0.37,0.6,0.23,0.7,0.42,-0.29
subj_67,Intrinsic,reach for something,become hungry,kick something,Direct,action,bio,action,0.21,0.56,0.35,0.54,0.4,-0.15
subj_67,Intrinsic,get sick,see something,get tired,Intrinsic,bio,mind,bio,0.38,0.62,0.25,0.39,0.34,-0.06
subj_68,Intrinsic,remember something,take a walk,think about something,Intrinsic,mind,action,mind,0.24,0.61,0.37,0.07,0.15,0.08
subj_68,Intrinsic,get sick,see something,get tired,Intrinsic,bio,mind,bio,0.38,0.62,0.25,0.39,0.34,-0.06
subj_68,Intrinsic,get tired,jump up and down,feel scared,Direct,bio,action,bio,0.1,0.54,0.43,0.42,0.4,-0.02
subj_68,Intrinsic,think about something,get sick,remember something,Intrinsic,mind,bio,mind,0.25,0.65,0.4,0.08,0.15,0.08
subj_68,Intrinsic,jump up and down,see something,sit down,Direct,action,mind,action,0.29,0.6,0.32,0.83,0.3,-0.52
subj_68,Intrinsic,feel scared,see something,get tired,Direct,bio,mind,bio,0.12,0.54,0.42,0.51,0.4,-0.11
subj_68,Intrinsic,see something,take a walk,hear something,Intrinsic,mind,action,mind,0.2,0.58,0.38,0.42,0.18,-0.24
subj_68,Intrinsic,kick something,think about something,sit down,Direct,action,mind,action,0.37,0.6,0.23,0.7,0.42,-0.29
subj_68,Intrinsic,reach for something,become hungry,kick something,Direct,action,bio,action,0.21,0.56,0.35,0.54,0.4,-0.15
subj_68,Intrinsic,experience pain,kick something,get tired,Direct,bio,action,bio,0.13,0.51,0.38,0.43,0.41,-0.02
subj_68,Intrinsic,choose what to do,experience pain,remember something,Direct,mind,bio,mind,0.2,0.57,0.36,0.15,0.36,0.22
subj_68,Intrinsic,sit down,experience pain,jump up and down,Direct,action,bio,action,0.13,0.58,0.45,0.54,0.3,-0.23
subj_68,Intrinsic,hear something,take a walk,see something,Intrinsic,mind,action,mind,0.25,0.58,0.33,0.44,0.18,-0.27
subj_68,Intrinsic,become hungry,take a walk,feel scared,Direct,bio,action,bio,0.18,0.55,0.37,0.67,0.44,-0.22
subj_68,Intrinsic,take a walk,think about something,sit down,Direct,action,mind,action,0.26,0.58,0.32,0.77,0.33,-0.44
subj_69,Intrinsic,choose what to do,experience pain,remember something,Intrinsic,mind,bio,mind,0.2,0.57,0.36,0.15,0.36,0.22
subj_69,Intrinsic,get tired,jump up and down,feel scared,Direct,bio,action,bio,0.1,0.54,0.43,0.42,0.4,-0.02
subj_69,Intrinsic,become hungry,take a walk,feel scared,Direct,bio,action,bio,0.18,0.55,0.37,0.67,0.44,-0.22
subj_69,Intrinsic,hear something,take a walk,see something,Intrinsic,mind,action,mind,0.25,0.58,0.33,0.44,0.18,-0.27
subj_69,Intrinsic,think about something,get sick,remember something,Intrinsic,mind,bio,mind,0.25,0.65,0.4,0.08,0.15,0.08
subj_69,Intrinsic,reach for something,become hungry,kick something,Intrinsic,action,bio,action,0.21,0.56,0.35,0.54,0.4,-0.15
subj_69,Intrinsic,get sick,see something,get tired,Direct,bio,mind,bio,0.38,0.62,0.25,0.39,0.34,-0.06
subj_69,Intrinsic,experience pain,kick something,get tired,Intrinsic,bio,action,bio,0.13,0.51,0.38,0.43,0.41,-0.02
subj_69,Intrinsic,feel scared,see something,get tired,Direct,bio,mind,bio,0.12,0.54,0.42,0.51,0.4,-0.11
subj_69,Intrinsic,see something,take a walk,hear something,Intrinsic,mind,action,mind,0.2,0.58,0.38,0.42,0.18,-0.24
subj_69,Intrinsic,kick something,think about something,sit down,Intrinsic,action,mind,action,0.37,0.6,0.23,0.7,0.42,-0.29
subj_69,Intrinsic,remember something,take a walk,think about something,Intrinsic,mind,action,mind,0.24,0.61,0.37,0.07,0.15,0.08
subj_69,Intrinsic,jump up and down,see something,sit down,Intrinsic,action,mind,action,0.29,0.6,0.32,0.83,0.3,-0.52
subj_69,Intrinsic,take a walk,think about something,sit down,Intrinsic,action,mind,action,0.26,0.58,0.32,0.77,0.33,-0.44
subj_69,Intrinsic,sit down,experience pain,jump up and down,Intrinsic,action,bio,action,0.13,0.58,0.45,0.54,0.3,-0.23
subj_70,Intrinsic,sit down,experience pain,jump up and down,Intrinsic,action,bio,action,0.13,0.58,0.45,0.54,0.3,-0.23
subj_70,Intrinsic,take a walk,think about something,sit down,Intrinsic,action,mind,action,0.26,0.58,0.32,0.77,0.33,-0.44
subj_70,Intrinsic,see something,take a walk,hear something,Intrinsic,mind,action,mind,0.2,0.58,0.38,0.42,0.18,-0.24
subj_70,Intrinsic,kick something,think about something,sit down,Intrinsic,action,mind,action,0.37,0.6,0.23,0.7,0.42,-0.29
subj_70,Intrinsic,reach for something,become hungry,kick something,Intrinsic,action,bio,action,0.21,0.56,0.35,0.54,0.4,-0.15
subj_70,Intrinsic,think about something,get sick,remember something,Intrinsic,mind,bio,mind,0.25,0.65,0.4,0.08,0.15,0.08
subj_70,Intrinsic,feel scared,see something,get tired,Intrinsic,bio,mind,bio,0.12,0.54,0.42,0.51,0.4,-0.11
subj_70,Intrinsic,get sick,see something,get tired,Intrinsic,bio,mind,bio,0.38,0.62,0.25,0.39,0.34,-0.06
subj_70,Intrinsic,get tired,jump up and down,feel scared,Intrinsic,bio,action,bio,0.1,0.54,0.43,0.42,0.4,-0.02
subj_70,Intrinsic,choose what to do,experience pain,remember something,Intrinsic,mind,bio,mind,0.2,0.57,0.36,0.15,0.36,0.22
subj_70,Intrinsic,experience pain,kick something,get tired,Intrinsic,bio,action,bio,0.13,0.51,0.38,0.43,0.41,-0.02
subj_70,Intrinsic,become hungry,take a walk,feel scared,Direct,bio,action,bio,0.18,0.55,0.37,0.67,0.44,-0.22
subj_70,Intrinsic,remember something,take a walk,think about something,Intrinsic,mind,action,mind,0.24,0.61,0.37,0.07,0.15,0.08
subj_70,Intrinsic,jump up and down,see something,sit down,Intrinsic,action,mind,action,0.29,0.6,0.32,0.83,0.3,-0.52
subj_70,Intrinsic,hear something,take a walk,see something,Intrinsic,mind,action,mind,0.25,0.58,0.33,0.44,0.18,-0.27
subj_71,Intrinsic,experience pain,kick something,get tired,Direct,bio,action,bio,0.13,0.51,0.38,0.43,0.41,-0.02
subj_71,Intrinsic,kick something,think about something,sit down,Direct,action,mind,action,0.37,0.6,0.23,0.7,0.42,-0.29
subj_71,Intrinsic,sit down,experience pain,jump up and down,Intrinsic,action,bio,action,0.13,0.58,0.45,0.54,0.3,-0.23
subj_71,Intrinsic,hear something,take a walk,see something,Intrinsic,mind,action,mind,0.25,0.58,0.33,0.44,0.18,-0.27
subj_71,Intrinsic,think about something,get sick,remember something,Intrinsic,mind,bio,mind,0.25,0.65,0.4,0.08,0.15,0.08
subj_71,Intrinsic,get tired,jump up and down,feel scared,Direct,bio,action,bio,0.1,0.54,0.43,0.42,0.4,-0.02
subj_71,Intrinsic,jump up and down,see something,sit down,Intrinsic,action,mind,action,0.29,0.6,0.32,0.83,0.3,-0.52
subj_71,Intrinsic,reach for something,become hungry,kick something,Intrinsic,action,bio,action,0.21,0.56,0.35,0.54,0.4,-0.15
subj_71,Intrinsic,see something,take a walk,hear something,Intrinsic,mind,action,mind,0.2,0.58,0.38,0.42,0.18,-0.24
subj_71,Intrinsic,get sick,see something,get tired,Intrinsic,bio,mind,bio,0.38,0.62,0.25,0.39,0.34,-0.06
subj_71,Intrinsic,become hungry,take a walk,feel scared,Intrinsic,bio,action,bio,0.18,0.55,0.37,0.67,0.44,-0.22
subj_71,Intrinsic,feel scared,see something,get tired,Intrinsic,bio,mind,bio,0.12,0.54,0.42,0.51,0.4,-0.11
subj_71,Intrinsic,take a walk,think about something,sit down,Intrinsic,action,mind,action,0.26,0.58,0.32,0.77,0.33,-0.44
subj_71,Intrinsic,remember something,take a walk,think about something,Intrinsic,mind,action,mind,0.24,0.61,0.37,0.07,0.15,0.08
subj_71,Intrinsic,choose what to do,experience pain,remember something,Intrinsic,mind,bio,mind,0.2,0.57,0.36,0.15,0.36,0.22
subj_72,Intrinsic,take a walk,think about something,sit down,Direct,action,mind,action,0.26,0.58,0.32,0.77,0.33,-0.44
subj_72,Intrinsic,hear something,take a walk,see something,Intrinsic,mind,action,mind,0.25,0.58,0.33,0.44,0.18,-0.27
subj_72,Intrinsic,jump up and down,see something,sit down,Direct,action,mind,action,0.29,0.6,0.32,0.83,0.3,-0.52
subj_72,Intrinsic,sit down,experience pain,jump up and down,Direct,action,bio,action,0.13,0.58,0.45,0.54,0.3,-0.23
subj_72,Intrinsic,see something,take a walk,hear something,Intrinsic,mind,action,mind,0.2,0.58,0.38,0.42,0.18,-0.24
subj_72,Intrinsic,kick something,think about something,sit down,Direct,action,mind,action,0.37,0.6,0.23,0.7,0.42,-0.29
subj_72,Intrinsic,choose what to do,experience pain,remember something,Intrinsic,mind,bio,mind,0.2,0.57,0.36,0.15,0.36,0.22
subj_72,Intrinsic,reach for something,become hungry,kick something,Intrinsic,action,bio,action,0.21,0.56,0.35,0.54,0.4,-0.15
subj_72,Intrinsic,get sick,see something,get tired,Intrinsic,bio,mind,bio,0.38,0.62,0.25,0.39,0.34,-0.06
subj_72,Intrinsic,feel scared,see something,get tired,Direct,bio,mind,bio,0.12,0.54,0.42,0.51,0.4,-0.11
subj_72,Intrinsic,become hungry,take a walk,feel scared,Direct,bio,action,bio,0.18,0.55,0.37,0.67,0.44,-0.22
subj_72,Intrinsic,get tired,jump up and down,feel scared,Direct,bio,action,bio,0.1,0.54,0.43,0.42,0.4,-0.02
subj_72,Intrinsic,think about something,get sick,remember something,Intrinsic,mind,bio,mind,0.25,0.65,0.4,0.08,0.15,0.08
subj_72,Intrinsic,remember something,take a walk,think about something,Intrinsic,mind,action,mind,0.24,0.61,0.37,0.07,0.15,0.08
subj_72,Intrinsic,experience pain,kick something,get tired,Direct,bio,action,bio,0.13,0.51,0.38,0.43,0.41,-0.02
subj_73,Intrinsic,reach for something,become hungry,kick something,Direct,action,bio,action,0.21,0.56,0.35,0.54,0.4,-0.15
subj_73,Intrinsic,remember something,take a walk,think about something,Intrinsic,mind,action,mind,0.24,0.61,0.37,0.07,0.15,0.08
subj_73,Intrinsic,hear something,take a walk,see something,Intrinsic,mind,action,mind,0.25,0.58,0.33,0.44,0.18,-0.27
subj_73,Intrinsic,kick something,think about something,sit down,Intrinsic,action,mind,action,0.37,0.6,0.23,0.7,0.42,-0.29
subj_73,Intrinsic,sit down,experience pain,jump up and down,Intrinsic,action,bio,action,0.13,0.58,0.45,0.54,0.3,-0.23
subj_73,Intrinsic,feel scared,see something,get tired,Direct,bio,mind,bio,0.12,0.54,0.42,0.51,0.4,-0.11
subj_73,Intrinsic,experience pain,kick something,get tired,Direct,bio,action,bio,0.13,0.51,0.38,0.43,0.41,-0.02
subj_73,Intrinsic,become hungry,take a walk,feel scared,Direct,bio,action,bio,0.18,0.55,0.37,0.67,0.44,-0.22
subj_73,Intrinsic,choose what to do,experience pain,remember something,Direct,mind,bio,mind,0.2,0.57,0.36,0.15,0.36,0.22
subj_73,Intrinsic,take a walk,think about something,sit down,Direct,action,mind,action,0.26,0.58,0.32,0.77,0.33,-0.44
subj_73,Intrinsic,see something,take a walk,hear something,Intrinsic,mind,action,mind,0.2,0.58,0.38,0.42,0.18,-0.24
subj_73,Intrinsic,think about something,get sick,remember something,Intrinsic,mind,bio,mind,0.25,0.65,0.4,0.08,0.15,0.08
subj_73,Intrinsic,jump up and down,see something,sit down,Direct,action,mind,action,0.29,0.6,0.32,0.83,0.3,-0.52
subj_73,Intrinsic,get sick,see something,get tired,Intrinsic,bio,mind,bio,0.38,0.62,0.25,0.39,0.34,-0.06
subj_73,Intrinsic,get tired,jump up and down,feel scared,Direct,bio,action,bio,0.1,0.54,0.43,0.42,0.4,-0.02
subj_74,Direct,reach for something,become hungry,kick something,Intrinsic,action,bio,action,0.21,0.56,0.35,0.54,0.4,-0.15
subj_74,Direct,sit down,experience pain,jump up and down,Direct,action,bio,action,0.13,0.58,0.45,0.54,0.3,-0.23
subj_74,Direct,take a walk,think about something,sit down,Direct,action,mind,action,0.26,0.58,0.32,0.77,0.33,-0.44
subj_74,Direct,experience pain,kick something,get tired,Direct,bio,action,bio,0.13,0.51,0.38,0.43,0.41,-0.02
subj_74,Direct,think about something,get sick,remember something,Intrinsic,mind,bio,mind,0.25,0.65,0.4,0.08,0.15,0.08
subj_74,Direct,kick something,think about something,sit down,Direct,action,mind,action,0.37,0.6,0.23,0.7,0.42,-0.29
subj_74,Direct,see something,take a walk,hear something,Direct,mind,action,mind,0.2,0.58,0.38,0.42,0.18,-0.24
subj_74,Direct,remember something,take a walk,think about something,Intrinsic,mind,action,mind,0.24,0.61,0.37,0.07,0.15,0.08
subj_74,Direct,become hungry,take a walk,feel scared,Direct,bio,action,bio,0.18,0.55,0.37,0.67,0.44,-0.22
subj_74,Direct,hear something,take a walk,see something,Direct,mind,action,mind,0.25,0.58,0.33,0.44,0.18,-0.27
subj_74,Direct,feel scared,see something,get tired,Direct,bio,mind,bio,0.12,0.54,0.42,0.51,0.4,-0.11
subj_74,Direct,get tired,jump up and down,feel scared,Direct,bio,action,bio,0.1,0.54,0.43,0.42,0.4,-0.02
subj_74,Direct,get sick,see something,get tired,Intrinsic,bio,mind,bio,0.38,0.62,0.25,0.39,0.34,-0.06
subj_74,Direct,jump up and down,see something,sit down,Direct,action,mind,action,0.29,0.6,0.32,0.83,0.3,-0.52
subj_74,Direct,choose what to do,experience pain,remember something,Intrinsic,mind,bio,mind,0.2,0.57,0.36,0.15,0.36,0.22
subj_75,Intrinsic,get sick,see something,get tired,Intrinsic,bio,mind,bio,0.38,0.62,0.25,0.39,0.34,-0.06
subj_75,Intrinsic,experience pain,kick something,get tired,Direct,bio,action,bio,0.13,0.51,0.38,0.43,0.41,-0.02
subj_75,Intrinsic,feel scared,see something,get tired,Direct,bio,mind,bio,0.12,0.54,0.42,0.51,0.4,-0.11
subj_75,Intrinsic,reach for something,become hungry,kick something,Direct,action,bio,action,0.21,0.56,0.35,0.54,0.4,-0.15
subj_75,Intrinsic,sit down,experience pain,jump up and down,Direct,action,bio,action,0.13,0.58,0.45,0.54,0.3,-0.23
subj_75,Intrinsic,get tired,jump up and down,feel scared,Direct,bio,action,bio,0.1,0.54,0.43,0.42,0.4,-0.02
subj_75,Intrinsic,remember something,take a walk,think about something,Intrinsic,mind,action,mind,0.24,0.61,0.37,0.07,0.15,0.08
subj_75,Intrinsic,become hungry,take a walk,feel scared,Direct,bio,action,bio,0.18,0.55,0.37,0.67,0.44,-0.22
subj_75,Intrinsic,choose what to do,experience pain,remember something,Intrinsic,mind,bio,mind,0.2,0.57,0.36,0.15,0.36,0.22
subj_75,Intrinsic,jump up and down,see something,sit down,Direct,action,mind,action,0.29,0.6,0.32,0.83,0.3,-0.52
subj_75,Intrinsic,hear something,take a walk,see something,Intrinsic,mind,action,mind,0.25,0.58,0.33,0.44,0.18,-0.27
subj_75,Intrinsic,take a walk,think about something,sit down,Direct,action,mind,action,0.26,0.58,0.32,0.77,0.33,-0.44
subj_75,Intrinsic,kick something,think about something,sit down,Direct,action,mind,action,0.37,0.6,0.23,0.7,0.42,-0.29
subj_75,Intrinsic,think about something,get sick,remember something,Intrinsic,mind,bio,mind,0.25,0.65,0.4,0.08,0.15,0.08
subj_75,Intrinsic,see something,take a walk,hear something,Direct,mind,action,mind,0.2,0.58,0.38,0.42,0.18,-0.24
subj_76,Direct,reach for something,become hungry,kick something,Direct,action,bio,action,0.21,0.56,0.35,0.54,0.4,-0.15
subj_76,Direct,get tired,jump up and down,feel scared,Direct,bio,action,bio,0.1,0.54,0.43,0.42,0.4,-0.02
subj_76,Direct,become hungry,take a walk,feel scared,Direct,bio,action,bio,0.18,0.55,0.37,0.67,0.44,-0.22
subj_76,Direct,kick something,think about something,sit down,Intrinsic,action,mind,action,0.37,0.6,0.23,0.7,0.42,-0.29
subj_76,Direct,see something,take a walk,hear something,Intrinsic,mind,action,mind,0.2,0.58,0.38,0.42,0.18,-0.24
subj_76,Direct,take a walk,think about something,sit down,Intrinsic,action,mind,action,0.26,0.58,0.32,0.77,0.33,-0.44
subj_76,Direct,remember something,take a walk,think about something,Intrinsic,mind,action,mind,0.24,0.61,0.37,0.07,0.15,0.08
subj_76,Direct,feel scared,see something,get tired,Direct,bio,mind,bio,0.12,0.54,0.42,0.51,0.4,-0.11
subj_76,Direct,hear something,take a walk,see something,Intrinsic,mind,action,mind,0.25,0.58,0.33,0.44,0.18,-0.27
subj_76,Direct,choose what to do,experience pain,remember something,Intrinsic,mind,bio,mind,0.2,0.57,0.36,0.15,0.36,0.22
subj_76,Direct,sit down,experience pain,jump up and down,Intrinsic,action,bio,action,0.13,0.58,0.45,0.54,0.3,-0.23
subj_76,Direct,jump up and down,see something,sit down,Intrinsic,action,mind,action,0.29,0.6,0.32,0.83,0.3,-0.52
subj_76,Direct,experience pain,kick something,get tired,Direct,bio,action,bio,0.13,0.51,0.38,0.43,0.41,-0.02
subj_76,Direct,get sick,see something,get tired,Intrinsic,bio,mind,bio,0.38,0.62,0.25,0.39,0.34,-0.06
subj_76,Direct,think about something,get sick,remember something,Intrinsic,mind,bio,mind,0.25,0.65,0.4,0.08,0.15,0.08
subj_77,Direct,feel scared,see something,get tired,Direct,bio,mind,bio,0.12,0.54,0.42,0.51,0.4,-0.11
subj_77,Direct,hear something,take a walk,see something,Intrinsic,mind,action,mind,0.25,0.58,0.33,0.44,0.18,-0.27
subj_77,Direct,become hungry,take a walk,feel scared,Direct,bio,action,bio,0.18,0.55,0.37,0.67,0.44,-0.22
subj_77,Direct,sit down,experience pain,jump up and down,Direct,action,bio,action,0.13,0.58,0.45,0.54,0.3,-0.23
subj_77,Direct,reach for something,become hungry,kick something,Direct,action,bio,action,0.21,0.56,0.35,0.54,0.4,-0.15
subj_77,Direct,see something,take a walk,hear something,Intrinsic,mind,action,mind,0.2,0.58,0.38,0.42,0.18,-0.24
subj_77,Direct,experience pain,kick something,get tired,Direct,bio,action,bio,0.13,0.51,0.38,0.43,0.41,-0.02
subj_77,Direct,jump up and down,see something,sit down,Direct,action,mind,action,0.29,0.6,0.32,0.83,0.3,-0.52
subj_77,Direct,choose what to do,experience pain,remember something,Intrinsic,mind,bio,mind,0.2,0.57,0.36,0.15,0.36,0.22
subj_77,Direct,think about something,get sick,remember something,Intrinsic,mind,bio,mind,0.25,0.65,0.4,0.08,0.15,0.08
subj_77,Direct,get tired,jump up and down,feel scared,Direct,bio,action,bio,0.1,0.54,0.43,0.42,0.4,-0.02
subj_77,Direct,get sick,see something,get tired,Intrinsic,bio,mind,bio,0.38,0.62,0.25,0.39,0.34,-0.06
subj_77,Direct,remember something,take a walk,think about something,Intrinsic,mind,action,mind,0.24,0.61,0.37,0.07,0.15,0.08
subj_77,Direct,take a walk,think about something,sit down,Direct,action,mind,action,0.26,0.58,0.32,0.77,0.33,-0.44
subj_77,Direct,kick something,think about something,sit down,Direct,action,mind,action,0.37,0.6,0.23,0.7,0.42,-0.29
subj_78,Direct,kick something,think about something,sit down,Direct,action,mind,action,0.37,0.6,0.23,0.7,0.42,-0.29
subj_78,Direct,feel scared,see something,get tired,Direct,bio,mind,bio,0.12,0.54,0.42,0.51,0.4,-0.11
subj_78,Direct,get sick,see something,get tired,Direct,bio,mind,bio,0.38,0.62,0.25,0.39,0.34,-0.06
subj_78,Direct,sit down,experience pain,jump up and down,Direct,action,bio,action,0.13,0.58,0.45,0.54,0.3,-0.23
subj_78,Direct,get tired,jump up and down,feel scared,Direct,bio,action,bio,0.1,0.54,0.43,0.42,0.4,-0.02
subj_78,Direct,hear something,take a walk,see something,Direct,mind,action,mind,0.25,0.58,0.33,0.44,0.18,-0.27
subj_78,Direct,remember something,take a walk,think about something,Intrinsic,mind,action,mind,0.24,0.61,0.37,0.07,0.15,0.08
subj_78,Direct,experience pain,kick something,get tired,Direct,bio,action,bio,0.13,0.51,0.38,0.43,0.41,-0.02
subj_78,Direct,become hungry,take a walk,feel scared,Direct,bio,action,bio,0.18,0.55,0.37,0.67,0.44,-0.22
subj_78,Direct,take a walk,think about something,sit down,Direct,action,mind,action,0.26,0.58,0.32,0.77,0.33,-0.44
subj_78,Direct,reach for something,become hungry,kick something,Intrinsic,action,bio,action,0.21,0.56,0.35,0.54,0.4,-0.15
subj_78,Direct,think about something,get sick,remember something,Intrinsic,mind,bio,mind,0.25,0.65,0.4,0.08,0.15,0.08
subj_78,Direct,jump up and down,see something,sit down,Direct,action,mind,action,0.29,0.6,0.32,0.83,0.3,-0.52
subj_78,Direct,choose what to do,experience pain,remember something,Intrinsic,mind,bio,mind,0.2,0.57,0.36,0.15,0.36,0.22
subj_78,Direct,see something,take a walk,hear something,Direct,mind,action,mind,0.2,0.58,0.38,0.42,0.18,-0.24
subj_79,Intrinsic,jump up and down,see something,sit down,Direct,action,mind,action,0.29,0.6,0.32,0.83,0.3,-0.52
subj_79,Intrinsic,take a walk,think about something,sit down,Direct,action,mind,action,0.26,0.58,0.32,0.77,0.33,-0.44
subj_79,Intrinsic,feel scared,see something,get tired,Direct,bio,mind,bio,0.12,0.54,0.42,0.51,0.4,-0.11
subj_79,Intrinsic,hear something,take a walk,see something,Direct,mind,action,mind,0.25,0.58,0.33,0.44,0.18,-0.27
subj_79,Intrinsic,become hungry,take a walk,feel scared,Intrinsic,bio,action,bio,0.18,0.55,0.37,0.67,0.44,-0.22
subj_79,Intrinsic,experience pain,kick something,get tired,Direct,bio,action,bio,0.13,0.51,0.38,0.43,0.41,-0.02
subj_79,Intrinsic,sit down,experience pain,jump up and down,Direct,action,bio,action,0.13,0.58,0.45,0.54,0.3,-0.23
subj_79,Intrinsic,see something,take a walk,hear something,Direct,mind,action,mind,0.2,0.58,0.38,0.42,0.18,-0.24
subj_79,Intrinsic,kick something,think about something,sit down,Direct,action,mind,action,0.37,0.6,0.23,0.7,0.42,-0.29
subj_79,Intrinsic,think about something,get sick,remember something,Intrinsic,mind,bio,mind,0.25,0.65,0.4,0.08,0.15,0.08
subj_79,Intrinsic,get tired,jump up and down,feel scared,Direct,bio,action,bio,0.1,0.54,0.43,0.42,0.4,-0.02
subj_79,Intrinsic,reach for something,become hungry,kick something,Direct,action,bio,action,0.21,0.56,0.35,0.54,0.4,-0.15
subj_79,Intrinsic,get sick,see something,get tired,Intrinsic,bio,mind,bio,0.38,0.62,0.25,0.39,0.34,-0.06
subj_79,Intrinsic,remember something,take a walk,think about something,Intrinsic,mind,action,mind,0.24,0.61,0.37,0.07,0.15,0.08
subj_79,Intrinsic,choose what to do,experience pain,remember something,Intrinsic,mind,bio,mind,0.2,0.57,0.36,0.15,0.36,0.22
subj_80,Direct,feel scared,see something,get tired,Direct,bio,mind,bio,0.12,0.54,0.42,0.51,0.4,-0.11
subj_80,Direct,become hungry,take a walk,feel scared,Direct,bio,action,bio,0.18,0.55,0.37,0.67,0.44,-0.22
subj_80,Direct,think about something,get sick,remember something,Intrinsic,mind,bio,mind,0.25,0.65,0.4,0.08,0.15,0.08
subj_80,Direct,experience pain,kick something,get tired,Direct,bio,action,bio,0.13,0.51,0.38,0.43,0.41,-0.02
subj_80,Direct,take a walk,think about something,sit down,Intrinsic,action,mind,action,0.26,0.58,0.32,0.77,0.33,-0.44
subj_80,Direct,choose what to do,experience pain,remember something,Intrinsic,mind,bio,mind,0.2,0.57,0.36,0.15,0.36,0.22
subj_80,Direct,jump up and down,see something,sit down,Direct,action,mind,action,0.29,0.6,0.32,0.83,0.3,-0.52
subj_80,Direct,kick something,think about something,sit down,Intrinsic,action,mind,action,0.37,0.6,0.23,0.7,0.42,-0.29
subj_80,Direct,get sick,see something,get tired,Intrinsic,bio,mind,bio,0.38,0.62,0.25,0.39,0.34,-0.06
subj_80,Direct,sit down,experience pain,jump up and down,Intrinsic,action,bio,action,0.13,0.58,0.45,0.54,0.3,-0.23
subj_80,Direct,hear something,take a walk,see something,Direct,mind,action,mind,0.25,0.58,0.33,0.44,0.18,-0.27
subj_80,Direct,remember something,take a walk,think about something,Intrinsic,mind,action,mind,0.24,0.61,0.37,0.07,0.15,0.08
subj_80,Direct,see something,take a walk,hear something,Intrinsic,mind,action,mind,0.2,0.58,0.38,0.42,0.18,-0.24
subj_80,Direct,reach for something,become hungry,kick something,Direct,action,bio,action,0.21,0.56,0.35,0.54,0.4,-0.15
subj_80,Direct,get tired,jump up and down,feel scared,Direct,bio,action,bio,0.1,0.54,0.43,0.42,0.4,-0.02
subj_81,Intrinsic,feel scared,see something,get tired,Direct,bio,mind,bio,0.12,0.54,0.42,0.51,0.4,-0.11
subj_81,Intrinsic,experience pain,kick something,get tired,Direct,bio,action,bio,0.13,0.51,0.38,0.43,0.41,-0.02
subj_81,Intrinsic,hear something,take a walk,see something,Direct,mind,action,mind,0.25,0.58,0.33,0.44,0.18,-0.27
subj_81,Intrinsic,kick something,think about something,sit down,Direct,action,mind,action,0.37,0.6,0.23,0.7,0.42,-0.29
subj_81,Intrinsic,remember something,take a walk,think about something,Intrinsic,mind,action,mind,0.24,0.61,0.37,0.07,0.15,0.08
subj_81,Intrinsic,jump up and down,see something,sit down,Direct,action,mind,action,0.29,0.6,0.32,0.83,0.3,-0.52
subj_81,Intrinsic,get tired,jump up and down,feel scared,Direct,bio,action,bio,0.1,0.54,0.43,0.42,0.4,-0.02
subj_81,Intrinsic,take a walk,think about something,sit down,Direct,action,mind,action,0.26,0.58,0.32,0.77,0.33,-0.44
subj_81,Intrinsic,reach for something,become hungry,kick something,Direct,action,bio,action,0.21,0.56,0.35,0.54,0.4,-0.15
subj_81,Intrinsic,choose what to do,experience pain,remember something,Intrinsic,mind,bio,mind,0.2,0.57,0.36,0.15,0.36,0.22
subj_81,Intrinsic,sit down,experience pain,jump up and down,Direct,action,bio,action,0.13,0.58,0.45,0.54,0.3,-0.23
subj_81,Intrinsic,become hungry,take a walk,feel scared,Direct,bio,action,bio,0.18,0.55,0.37,0.67,0.44,-0.22
subj_81,Intrinsic,see something,take a walk,hear something,Direct,mind,action,mind,0.2,0.58,0.38,0.42,0.18,-0.24
subj_81,Intrinsic,get sick,see something,get tired,Intrinsic,bio,mind,bio,0.38,0.62,0.25,0.39,0.34,-0.06
subj_81,Intrinsic,think about something,get sick,remember something,Intrinsic,mind,bio,mind,0.25,0.65,0.4,0.08,0.15,0.08
subj_82,Direct,take a walk,think about something,sit down,Direct,action,mind,action,0.26,0.58,0.32,0.77,0.33,-0.44
subj_82,Direct,kick something,think about something,sit down,Direct,action,mind,action,0.37,0.6,0.23,0.7,0.42,-0.29
subj_82,Direct,sit down,experience pain,jump up and down,Direct,action,bio,action,0.13,0.58,0.45,0.54,0.3,-0.23
subj_82,Direct,get sick,see something,get tired,Direct,bio,mind,bio,0.38,0.62,0.25,0.39,0.34,-0.06
subj_82,Direct,think about something,get sick,remember something,Intrinsic,mind,bio,mind,0.25,0.65,0.4,0.08,0.15,0.08
subj_82,Direct,hear something,take a walk,see something,Direct,mind,action,mind,0.25,0.58,0.33,0.44,0.18,-0.27
subj_82,Direct,feel scared,see something,get tired,Direct,bio,mind,bio,0.12,0.54,0.42,0.51,0.4,-0.11
subj_82,Direct,jump up and down,see something,sit down,Direct,action,mind,action,0.29,0.6,0.32,0.83,0.3,-0.52
subj_82,Direct,experience pain,kick something,get tired,Direct,bio,action,bio,0.13,0.51,0.38,0.43,0.41,-0.02
subj_82,Direct,get tired,jump up and down,feel scared,Direct,bio,action,bio,0.1,0.54,0.43,0.42,0.4,-0.02
subj_82,Direct,choose what to do,experience pain,remember something,Intrinsic,mind,bio,mind,0.2,0.57,0.36,0.15,0.36,0.22
subj_82,Direct,remember something,take a walk,think about something,Intrinsic,mind,action,mind,0.24,0.61,0.37,0.07,0.15,0.08
subj_82,Direct,become hungry,take a walk,feel scared,Direct,bio,action,bio,0.18,0.55,0.37,0.67,0.44,-0.22
subj_82,Direct,reach for something,become hungry,kick something,Intrinsic,action,bio,action,0.21,0.56,0.35,0.54,0.4,-0.15
subj_82,Direct,see something,take a walk,hear something,Direct,mind,action,mind,0.2,0.58,0.38,0.42,0.18,-0.24
subj_83,Direct,reach for something,become hungry,kick something,Intrinsic,action,bio,action,0.21,0.56,0.35,0.54,0.4,-0.15
subj_83,Direct,get tired,jump up and down,feel scared,Direct,bio,action,bio,0.1,0.54,0.43,0.42,0.4,-0.02
subj_83,Direct,sit down,experience pain,jump up and down,Direct,action,bio,action,0.13,0.58,0.45,0.54,0.3,-0.23
subj_83,Direct,get sick,see something,get tired,Intrinsic,bio,mind,bio,0.38,0.62,0.25,0.39,0.34,-0.06
subj_83,Direct,think about something,get sick,remember something,Intrinsic,mind,bio,mind,0.25,0.65,0.4,0.08,0.15,0.08
subj_83,Direct,become hungry,take a walk,feel scared,Direct,bio,action,bio,0.18,0.55,0.37,0.67,0.44,-0.22
subj_83,Direct,hear something,take a walk,see something,Direct,mind,action,mind,0.25,0.58,0.33,0.44,0.18,-0.27
subj_83,Direct,experience pain,kick something,get tired,Intrinsic,bio,action,bio,0.13,0.51,0.38,0.43,0.41,-0.02
subj_83,Direct,remember something,take a walk,think about something,Intrinsic,mind,action,mind,0.24,0.61,0.37,0.07,0.15,0.08
subj_83,Direct,see something,take a walk,hear something,Direct,mind,action,mind,0.2,0.58,0.38,0.42,0.18,-0.24
subj_83,Direct,kick something,think about something,sit down,Direct,action,mind,action,0.37,0.6,0.23,0.7,0.42,-0.29
subj_83,Direct,feel scared,see something,get tired,Direct,bio,mind,bio,0.12,0.54,0.42,0.51,0.4,-0.11
subj_83,Direct,jump up and down,see something,sit down,Intrinsic,action,mind,action,0.29,0.6,0.32,0.83,0.3,-0.52
subj_83,Direct,take a walk,think about something,sit down,Direct,action,mind,action,0.26,0.58,0.32,0.77,0.33,-0.44
subj_83,Direct,choose what to do,experience pain,remember something,Intrinsic,mind,bio,mind,0.2,0.57,0.36,0.15,0.36,0.22
subj_84,Intrinsic,become hungry,take a walk,feel scared,Direct,bio,action,bio,0.18,0.55,0.37,0.67,0.44,-0.22
subj_84,Intrinsic,reach for something,become hungry,kick something,Intrinsic,action,bio,action,0.21,0.56,0.35,0.54,0.4,-0.15
subj_84,Intrinsic,sit down,experience pain,jump up and down,Intrinsic,action,bio,action,0.13,0.58,0.45,0.54,0.3,-0.23
subj_84,Intrinsic,get sick,see something,get tired,Intrinsic,bio,mind,bio,0.38,0.62,0.25,0.39,0.34,-0.06
subj_84,Intrinsic,jump up and down,see something,sit down,Direct,action,mind,action,0.29,0.6,0.32,0.83,0.3,-0.52
subj_84,Intrinsic,kick something,think about something,sit down,Direct,action,mind,action,0.37,0.6,0.23,0.7,0.42,-0.29
subj_84,Intrinsic,think about something,get sick,remember something,Intrinsic,mind,bio,mind,0.25,0.65,0.4,0.08,0.15,0.08
subj_84,Intrinsic,hear something,take a walk,see something,Intrinsic,mind,action,mind,0.25,0.58,0.33,0.44,0.18,-0.27
subj_84,Intrinsic,experience pain,kick something,get tired,Direct,bio,action,bio,0.13,0.51,0.38,0.43,0.41,-0.02
subj_84,Intrinsic,remember something,take a walk,think about something,Intrinsic,mind,action,mind,0.24,0.61,0.37,0.07,0.15,0.08
subj_84,Intrinsic,see something,take a walk,hear something,Intrinsic,mind,action,mind,0.2,0.58,0.38,0.42,0.18,-0.24
subj_84,Intrinsic,take a walk,think about something,sit down,Intrinsic,action,mind,action,0.26,0.58,0.32,0.77,0.33,-0.44
subj_84,Intrinsic,get tired,jump up and down,feel scared,Direct,bio,action,bio,0.1,0.54,0.43,0.42,0.4,-0.02
subj_84,Intrinsic,choose what to do,experience pain,remember something,Intrinsic,mind,bio,mind,0.2,0.57,0.36,0.15,0.36,0.22
subj_84,Intrinsic,feel scared,see something,get tired,Intrinsic,bio,mind,bio,0.12,0.54,0.42,0.51,0.4,-0.11
subj_85,Direct,experience pain,kick something,get tired,Direct,bio,action,bio,0.13,0.51,0.38,0.43,0.41,-0.02
subj_85,Direct,see something,take a walk,hear something,Direct,mind,action,mind,0.2,0.58,0.38,0.42,0.18,-0.24
subj_85,Direct,feel scared,see something,get tired,Direct,bio,mind,bio,0.12,0.54,0.42,0.51,0.4,-0.11
subj_85,Direct,sit down,experience pain,jump up and down,Direct,action,bio,action,0.13,0.58,0.45,0.54,0.3,-0.23
subj_85,Direct,reach for something,become hungry,kick something,Intrinsic,action,bio,action,0.21,0.56,0.35,0.54,0.4,-0.15
subj_85,Direct,get sick,see something,get tired,Intrinsic,bio,mind,bio,0.38,0.62,0.25,0.39,0.34,-0.06
subj_85,Direct,think about something,get sick,remember something,Intrinsic,mind,bio,mind,0.25,0.65,0.4,0.08,0.15,0.08
subj_85,Direct,choose what to do,experience pain,remember something,Intrinsic,mind,bio,mind,0.2,0.57,0.36,0.15,0.36,0.22
subj_85,Direct,hear something,take a walk,see something,Intrinsic,mind,action,mind,0.25,0.58,0.33,0.44,0.18,-0.27
subj_85,Direct,remember something,take a walk,think about something,Intrinsic,mind,action,mind,0.24,0.61,0.37,0.07,0.15,0.08
subj_85,Direct,jump up and down,see something,sit down,Direct,action,mind,action,0.29,0.6,0.32,0.83,0.3,-0.52
subj_85,Direct,get tired,jump up and down,feel scared,Direct,bio,action,bio,0.1,0.54,0.43,0.42,0.4,-0.02
subj_85,Direct,kick something,think about something,sit down,Direct,action,mind,action,0.37,0.6,0.23,0.7,0.42,-0.29
subj_85,Direct,take a walk,think about something,sit down,Direct,action,mind,action,0.26,0.58,0.32,0.77,0.33,-0.44
subj_85,Direct,become hungry,take a walk,feel scared,Direct,bio,action,bio,0.18,0.55,0.37,0.67,0.44,-0.22
subj_86,Intrinsic,choose what to do,experience pain,remember something,Direct,mind,bio,mind,0.2,0.57,0.36,0.15,0.36,0.22
subj_86,Intrinsic,remember something,take a walk,think about something,Intrinsic,mind,action,mind,0.24,0.61,0.37,0.07,0.15,0.08
subj_86,Intrinsic,get sick,see something,get tired,Intrinsic,bio,mind,bio,0.38,0.62,0.25,0.39,0.34,-0.06
subj_86,Intrinsic,reach for something,become hungry,kick something,Intrinsic,action,bio,action,0.21,0.56,0.35,0.54,0.4,-0.15
subj_86,Intrinsic,kick something,think about something,sit down,Intrinsic,action,mind,action,0.37,0.6,0.23,0.7,0.42,-0.29
subj_86,Intrinsic,hear something,take a walk,see something,Intrinsic,mind,action,mind,0.25,0.58,0.33,0.44,0.18,-0.27
subj_86,Intrinsic,get tired,jump up and down,feel scared,Direct,bio,action,bio,0.1,0.54,0.43,0.42,0.4,-0.02
subj_86,Intrinsic,jump up and down,see something,sit down,Intrinsic,action,mind,action,0.29,0.6,0.32,0.83,0.3,-0.52
subj_86,Intrinsic,think about something,get sick,remember something,Intrinsic,mind,bio,mind,0.25,0.65,0.4,0.08,0.15,0.08
subj_86,Intrinsic,feel scared,see something,get tired,Direct,bio,mind,bio,0.12,0.54,0.42,0.51,0.4,-0.11
subj_86,Intrinsic,take a walk,think about something,sit down,Intrinsic,action,mind,action,0.26,0.58,0.32,0.77,0.33,-0.44
subj_86,Intrinsic,become hungry,take a walk,feel scared,Direct,bio,action,bio,0.18,0.55,0.37,0.67,0.44,-0.22
subj_86,Intrinsic,sit down,experience pain,jump up and down,Intrinsic,action,bio,action,0.13,0.58,0.45,0.54,0.3,-0.23
subj_86,Intrinsic,see something,take a walk,hear something,Intrinsic,mind,action,mind,0.2,0.58,0.38,0.42,0.18,-0.24
subj_86,Intrinsic,experience pain,kick something,get tired,Direct,bio,action,bio,0.13,0.51,0.38,0.43,0.41,-0.02
subj_87,Intrinsic,become hungry,take a walk,feel scared,Direct,bio,action,bio,0.18,0.55,0.37,0.67,0.44,-0.22
subj_87,Intrinsic,jump up and down,see something,sit down,Direct,action,mind,action,0.29,0.6,0.32,0.83,0.3,-0.52
subj_87,Intrinsic,reach for something,become hungry,kick something,Intrinsic,action,bio,action,0.21,0.56,0.35,0.54,0.4,-0.15
subj_87,Intrinsic,choose what to do,experience pain,remember something,Intrinsic,mind,bio,mind,0.2,0.57,0.36,0.15,0.36,0.22
subj_87,Intrinsic,feel scared,see something,get tired,Direct,bio,mind,bio,0.12,0.54,0.42,0.51,0.4,-0.11
subj_87,Intrinsic,remember something,take a walk,think about something,Intrinsic,mind,action,mind,0.24,0.61,0.37,0.07,0.15,0.08
subj_87,Intrinsic,take a walk,think about something,sit down,Direct,action,mind,action,0.26,0.58,0.32,0.77,0.33,-0.44
subj_87,Intrinsic,kick something,think about something,sit down,Direct,action,mind,action,0.37,0.6,0.23,0.7,0.42,-0.29
subj_87,Intrinsic,experience pain,kick something,get tired,Direct,bio,action,bio,0.13,0.51,0.38,0.43,0.41,-0.02
subj_87,Intrinsic,get sick,see something,get tired,Direct,bio,mind,bio,0.38,0.62,0.25,0.39,0.34,-0.06
subj_87,Intrinsic,think about something,get sick,remember something,Intrinsic,mind,bio,mind,0.25,0.65,0.4,0.08,0.15,0.08
subj_87,Intrinsic,hear something,take a walk,see something,Intrinsic,mind,action,mind,0.25,0.58,0.33,0.44,0.18,-0.27
subj_87,Intrinsic,get tired,jump up and down,feel scared,Direct,bio,action,bio,0.1,0.54,0.43,0.42,0.4,-0.02
subj_87,Intrinsic,see something,take a walk,hear something,Direct,mind,action,mind,0.2,0.58,0.38,0.42,0.18,-0.24
subj_87,Intrinsic,sit down,experience pain,jump up and down,Direct,action,bio,action,0.13,0.58,0.45,0.54,0.3,-0.23
subj_88,Intrinsic,get tired,jump up and down,feel scared,Direct,bio,action,bio,0.1,0.54,0.43,0.42,0.4,-0.02
subj_88,Intrinsic,experience pain,kick something,get tired,Direct,bio,action,bio,0.13,0.51,0.38,0.43,0.41,-0.02
subj_88,Intrinsic,see something,take a walk,hear something,Direct,mind,action,mind,0.2,0.58,0.38,0.42,0.18,-0.24
subj_88,Intrinsic,choose what to do,experience pain,remember something,Intrinsic,mind,bio,mind,0.2,0.57,0.36,0.15,0.36,0.22
subj_88,Intrinsic,think about something,get sick,remember something,Intrinsic,mind,bio,mind,0.25,0.65,0.4,0.08,0.15,0.08
subj_88,Intrinsic,reach for something,become hungry,kick something,Direct,action,bio,action,0.21,0.56,0.35,0.54,0.4,-0.15
subj_88,Intrinsic,hear something,take a walk,see something,Direct,mind,action,mind,0.25,0.58,0.33,0.44,0.18,-0.27
subj_88,Intrinsic,take a walk,think about something,sit down,Direct,action,mind,action,0.26,0.58,0.32,0.77,0.33,-0.44
subj_88,Intrinsic,sit down,experience pain,jump up and down,Direct,action,bio,action,0.13,0.58,0.45,0.54,0.3,-0.23
subj_88,Intrinsic,become hungry,take a walk,feel scared,Direct,bio,action,bio,0.18,0.55,0.37,0.67,0.44,-0.22
subj_88,Intrinsic,jump up and down,see something,sit down,Direct,action,mind,action,0.29,0.6,0.32,0.83,0.3,-0.52
subj_88,Intrinsic,kick something,think about something,sit down,Direct,action,mind,action,0.37,0.6,0.23,0.7,0.42,-0.29
subj_88,Intrinsic,remember something,take a walk,think about something,Intrinsic,mind,action,mind,0.24,0.61,0.37,0.07,0.15,0.08
subj_88,Intrinsic,get sick,see something,get tired,Intrinsic,bio,mind,bio,0.38,0.62,0.25,0.39,0.34,-0.06
subj_88,Intrinsic,feel scared,see something,get tired,Direct,bio,mind,bio,0.12,0.54,0.42,0.51,0.4,-0.11
subj_89,Direct,sit down,experience pain,jump up and down,Intrinsic,action,bio,action,0.13,0.58,0.45,0.54,0.3,-0.23
subj_89,Direct,reach for something,become hungry,kick something,Intrinsic,action,bio,action,0.21,0.56,0.35,0.54,0.4,-0.15
subj_89,Direct,experience pain,kick something,get tired,Intrinsic,bio,action,bio,0.13,0.51,0.38,0.43,0.41,-0.02
subj_89,Direct,feel scared,see something,get tired,Direct,bio,mind,bio,0.12,0.54,0.42,0.51,0.4,-0.11
subj_89,Direct,choose what to do,experience pain,remember something,Intrinsic,mind,bio,mind,0.2,0.57,0.36,0.15,0.36,0.22
subj_89,Direct,get sick,see something,get tired,Direct,bio,mind,bio,0.38,0.62,0.25,0.39,0.34,-0.06
subj_89,Direct,become hungry,take a walk,feel scared,Direct,bio,action,bio,0.18,0.55,0.37,0.67,0.44,-0.22
subj_89,Direct,take a walk,think about something,sit down,Direct,action,mind,action,0.26,0.58,0.32,0.77,0.33,-0.44
subj_89,Direct,jump up and down,see something,sit down,Direct,action,mind,action,0.29,0.6,0.32,0.83,0.3,-0.52
subj_89,Direct,kick something,think about something,sit down,Direct,action,mind,action,0.37,0.6,0.23,0.7,0.42,-0.29
subj_89,Direct,get tired,jump up and down,feel scared,Direct,bio,action,bio,0.1,0.54,0.43,0.42,0.4,-0.02
subj_89,Direct,hear something,take a walk,see something,Direct,mind,action,mind,0.25,0.58,0.33,0.44,0.18,-0.27
subj_89,Direct,remember something,take a walk,think about something,Intrinsic,mind,action,mind,0.24,0.61,0.37,0.07,0.15,0.08
subj_89,Direct,see something,take a walk,hear something,Direct,mind,action,mind,0.2,0.58,0.38,0.42,0.18,-0.24
subj_89,Direct,think about something,get sick,remember something,Intrinsic,mind,bio,mind,0.25,0.65,0.4,0.08,0.15,0.08
subj_90,Intrinsic,remember something,take a walk,think about something,Intrinsic,mind,action,mind,0.24,0.61,0.37,0.07,0.15,0.08
subj_90,Intrinsic,get sick,see something,get tired,Intrinsic,bio,mind,bio,0.38,0.62,0.25,0.39,0.34,-0.06
subj_90,Intrinsic,kick something,think about something,sit down,Intrinsic,action,mind,action,0.37,0.6,0.23,0.7,0.42,-0.29
subj_90,Intrinsic,reach for something,become hungry,kick something,Intrinsic,action,bio,action,0.21,0.56,0.35,0.54,0.4,-0.15
subj_90,Intrinsic,see something,take a walk,hear something,Direct,mind,action,mind,0.2,0.58,0.38,0.42,0.18,-0.24
subj_90,Intrinsic,jump up and down,see something,sit down,Intrinsic,action,mind,action,0.29,0.6,0.32,0.83,0.3,-0.52
subj_90,Intrinsic,hear something,take a walk,see something,Direct,mind,action,mind,0.25,0.58,0.33,0.44,0.18,-0.27
subj_90,Intrinsic,choose what to do,experience pain,remember something,Intrinsic,mind,bio,mind,0.2,0.57,0.36,0.15,0.36,0.22
subj_90,Intrinsic,get tired,jump up and down,feel scared,Direct,bio,action,bio,0.1,0.54,0.43,0.42,0.4,-0.02
subj_90,Intrinsic,become hungry,take a walk,feel scared,Direct,bio,action,bio,0.18,0.55,0.37,0.67,0.44,-0.22
subj_90,Intrinsic,feel scared,see something,get tired,Direct,bio,mind,bio,0.12,0.54,0.42,0.51,0.4,-0.11
subj_90,Intrinsic,sit down,experience pain,jump up and down,Direct,action,bio,action,0.13,0.58,0.45,0.54,0.3,-0.23
subj_90,Intrinsic,think about something,get sick,remember something,Intrinsic,mind,bio,mind,0.25,0.65,0.4,0.08,0.15,0.08
subj_90,Intrinsic,experience pain,kick something,get tired,Intrinsic,bio,action,bio,0.13,0.51,0.38,0.43,0.41,-0.02
subj_90,Intrinsic,take a walk,think about something,sit down,Direct,action,mind,action,0.26,0.58,0.32,0.77,0.33,-0.44
subj_91,Direct,experience pain,kick something,get tired,Direct,bio,action,bio,0.13,0.51,0.38,0.43,0.41,-0.02
subj_91,Direct,see something,take a walk,hear something,Direct,mind,action,mind,0.2,0.58,0.38,0.42,0.18,-0.24
subj_91,Direct,become hungry,take a walk,feel scared,Direct,bio,action,bio,0.18,0.55,0.37,0.67,0.44,-0.22
subj_91,Direct,feel scared,see something,get tired,Direct,bio,mind,bio,0.12,0.54,0.42,0.51,0.4,-0.11
subj_91,Direct,get sick,see something,get tired,Intrinsic,bio,mind,bio,0.38,0.62,0.25,0.39,0.34,-0.06
subj_91,Direct,jump up and down,see something,sit down,Direct,action,mind,action,0.29,0.6,0.32,0.83,0.3,-0.52
subj_91,Direct,hear something,take a walk,see something,Direct,mind,action,mind,0.25,0.58,0.33,0.44,0.18,-0.27
subj_91,Direct,kick something,think about something,sit down,Direct,action,mind,action,0.37,0.6,0.23,0.7,0.42,-0.29
subj_91,Direct,remember something,take a walk,think about something,Intrinsic,mind,action,mind,0.24,0.61,0.37,0.07,0.15,0.08
subj_91,Direct,think about something,get sick,remember something,Intrinsic,mind,bio,mind,0.25,0.65,0.4,0.08,0.15,0.08
subj_91,Direct,sit down,experience pain,jump up and down,Direct,action,bio,action,0.13,0.58,0.45,0.54,0.3,-0.23
subj_91,Direct,get tired,jump up and down,feel scared,Direct,bio,action,bio,0.1,0.54,0.43,0.42,0.4,-0.02
subj_91,Direct,take a walk,think about something,sit down,Direct,action,mind,action,0.26,0.58,0.32,0.77,0.33,-0.44
subj_91,Direct,choose what to do,experience pain,remember something,Intrinsic,mind,bio,mind,0.2,0.57,0.36,0.15,0.36,0.22
subj_91,Direct,reach for something,become hungry,kick something,Direct,action,bio,action,0.21,0.56,0.35,0.54,0.4,-0.15
subj_92,Direct,experience pain,kick something,get tired,Direct,bio,action,bio,0.13,0.51,0.38,0.43,0.41,-0.02
subj_92,Direct,get sick,see something,get tired,Direct,bio,mind,bio,0.38,0.62,0.25,0.39,0.34,-0.06
subj_92,Direct,become hungry,take a walk,feel scared,Direct,bio,action,bio,0.18,0.55,0.37,0.67,0.44,-0.22
subj_92,Direct,get tired,jump up and down,feel scared,Direct,bio,action,bio,0.1,0.54,0.43,0.42,0.4,-0.02
subj_92,Direct,choose what to do,experience pain,remember something,Intrinsic,mind,bio,mind,0.2,0.57,0.36,0.15,0.36,0.22
subj_92,Direct,see something,take a walk,hear something,Direct,mind,action,mind,0.2,0.58,0.38,0.42,0.18,-0.24
subj_92,Direct,sit down,experience pain,jump up and down,Direct,action,bio,action,0.13,0.58,0.45,0.54,0.3,-0.23
subj_92,Direct,hear something,take a walk,see something,Direct,mind,action,mind,0.25,0.58,0.33,0.44,0.18,-0.27
subj_92,Direct,take a walk,think about something,sit down,Direct,action,mind,action,0.26,0.58,0.32,0.77,0.33,-0.44
subj_92,Direct,kick something,think about something,sit down,Direct,action,mind,action,0.37,0.6,0.23,0.7,0.42,-0.29
subj_92,Direct,reach for something,become hungry,kick something,Direct,action,bio,action,0.21,0.56,0.35,0.54,0.4,-0.15
subj_92,Direct,think about something,get sick,remember something,Intrinsic,mind,bio,mind,0.25,0.65,0.4,0.08,0.15,0.08
subj_92,Direct,jump up and down,see something,sit down,Direct,action,mind,action,0.29,0.6,0.32,0.83,0.3,-0.52
subj_92,Direct,feel scared,see something,get tired,Direct,bio,mind,bio,0.12,0.54,0.42,0.51,0.4,-0.11
subj_92,Direct,remember something,take a walk,think about something,Intrinsic,mind,action,mind,0.24,0.61,0.37,0.07,0.15,0.08
subj_93,Intrinsic,hear something,take a walk,see something,Intrinsic,mind,action,mind,0.25,0.58,0.33,0.44,0.18,-0.27
subj_93,Intrinsic,become hungry,take a walk,feel scared,Intrinsic,bio,action,bio,0.18,0.55,0.37,0.67,0.44,-0.22
subj_93,Intrinsic,experience pain,kick something,get tired,Intrinsic,bio,action,bio,0.13,0.51,0.38,0.43,0.41,-0.02
subj_93,Intrinsic,take a walk,think about something,sit down,Intrinsic,action,mind,action,0.26,0.58,0.32,0.77,0.33,-0.44
subj_93,Intrinsic,remember something,take a walk,think about something,Intrinsic,mind,action,mind,0.24,0.61,0.37,0.07,0.15,0.08
subj_93,Intrinsic,reach for something,become hungry,kick something,Direct,action,bio,action,0.21,0.56,0.35,0.54,0.4,-0.15
subj_93,Intrinsic,get tired,jump up and down,feel scared,Intrinsic,bio,action,bio,0.1,0.54,0.43,0.42,0.4,-0.02
subj_93,Intrinsic,sit down,experience pain,jump up and down,Direct,action,bio,action,0.13,0.58,0.45,0.54,0.3,-0.23
subj_93,Intrinsic,jump up and down,see something,sit down,Direct,action,mind,action,0.29,0.6,0.32,0.83,0.3,-0.52
subj_93,Intrinsic,kick something,think about something,sit down,Direct,action,mind,action,0.37,0.6,0.23,0.7,0.42,-0.29
subj_93,Intrinsic,feel scared,see something,get tired,Direct,bio,mind,bio,0.12,0.54,0.42,0.51,0.4,-0.11
subj_93,Intrinsic,think about something,get sick,remember something,Intrinsic,mind,bio,mind,0.25,0.65,0.4,0.08,0.15,0.08
subj_93,Intrinsic,get sick,see something,get tired,Intrinsic,bio,mind,bio,0.38,0.62,0.25,0.39,0.34,-0.06
subj_93,Intrinsic,choose what to do,experience pain,remember something,Intrinsic,mind,bio,mind,0.2,0.57,0.36,0.15,0.36,0.22
subj_93,Intrinsic,see something,take a walk,hear something,Intrinsic,mind,action,mind,0.2,0.58,0.38,0.42,0.18,-0.24
subj_94,Direct,remember something,take a walk,think about something,Intrinsic,mind,action,mind,0.24,0.61,0.37,0.07,0.15,0.08
subj_94,Direct,feel scared,see something,get tired,Direct,bio,mind,bio,0.12,0.54,0.42,0.51,0.4,-0.11
subj_94,Direct,become hungry,take a walk,feel scared,Direct,bio,action,bio,0.18,0.55,0.37,0.67,0.44,-0.22
subj_94,Direct,take a walk,think about something,sit down,Direct,action,mind,action,0.26,0.58,0.32,0.77,0.33,-0.44
subj_94,Direct,get tired,jump up and down,feel scared,Direct,bio,action,bio,0.1,0.54,0.43,0.42,0.4,-0.02
subj_94,Direct,sit down,experience pain,jump up and down,Intrinsic,action,bio,action,0.13,0.58,0.45,0.54,0.3,-0.23
subj_94,Direct,kick something,think about something,sit down,Direct,action,mind,action,0.37,0.6,0.23,0.7,0.42,-0.29
subj_94,Direct,hear something,take a walk,see something,Intrinsic,mind,action,mind,0.25,0.58,0.33,0.44,0.18,-0.27
subj_94,Direct,choose what to do,experience pain,remember something,Intrinsic,mind,bio,mind,0.2,0.57,0.36,0.15,0.36,0.22
subj_94,Direct,see something,take a walk,hear something,Direct,mind,action,mind,0.2,0.58,0.38,0.42,0.18,-0.24
subj_94,Direct,get sick,see something,get tired,Intrinsic,bio,mind,bio,0.38,0.62,0.25,0.39,0.34,-0.06
subj_94,Direct,reach for something,become hungry,kick something,Intrinsic,action,bio,action,0.21,0.56,0.35,0.54,0.4,-0.15
subj_94,Direct,jump up and down,see something,sit down,Direct,action,mind,action,0.29,0.6,0.32,0.83,0.3,-0.52
subj_94,Direct,experience pain,kick something,get tired,Direct,bio,action,bio,0.13,0.51,0.38,0.43,0.41,-0.02
subj_94,Direct,think about something,get sick,remember something,Intrinsic,mind,bio,mind,0.25,0.65,0.4,0.08,0.15,0.08
subj_95,Intrinsic,feel scared,see something,get tired,Direct,bio,mind,bio,0.12,0.54,0.42,0.51,0.4,-0.11
subj_95,Intrinsic,take a walk,think about something,sit down,Intrinsic,action,mind,action,0.26,0.58,0.32,0.77,0.33,-0.44
subj_95,Intrinsic,think about something,get sick,remember something,Intrinsic,mind,bio,mind,0.25,0.65,0.4,0.08,0.15,0.08
subj_95,Intrinsic,get tired,jump up and down,feel scared,Intrinsic,bio,action,bio,0.1,0.54,0.43,0.42,0.4,-0.02
subj_95,Intrinsic,sit down,experience pain,jump up and down,Intrinsic,action,bio,action,0.13,0.58,0.45,0.54,0.3,-0.23
subj_95,Intrinsic,reach for something,become hungry,kick something,Intrinsic,action,bio,action,0.21,0.56,0.35,0.54,0.4,-0.15
subj_95,Intrinsic,get sick,see something,get tired,Intrinsic,bio,mind,bio,0.38,0.62,0.25,0.39,0.34,-0.06
subj_95,Intrinsic,see something,take a walk,hear something,Intrinsic,mind,action,mind,0.2,0.58,0.38,0.42,0.18,-0.24
subj_95,Intrinsic,experience pain,kick something,get tired,Intrinsic,bio,action,bio,0.13,0.51,0.38,0.43,0.41,-0.02
subj_95,Intrinsic,kick something,think about something,sit down,Intrinsic,action,mind,action,0.37,0.6,0.23,0.7,0.42,-0.29
subj_95,Intrinsic,jump up and down,see something,sit down,Intrinsic,action,mind,action,0.29,0.6,0.32,0.83,0.3,-0.52
subj_95,Intrinsic,choose what to do,experience pain,remember something,Intrinsic,mind,bio,mind,0.2,0.57,0.36,0.15,0.36,0.22
subj_95,Intrinsic,remember something,take a walk,think about something,Intrinsic,mind,action,mind,0.24,0.61,0.37,0.07,0.15,0.08
subj_95,Intrinsic,become hungry,take a walk,feel scared,Direct,bio,action,bio,0.18,0.55,0.37,0.67,0.44,-0.22
subj_95,Intrinsic,hear something,take a walk,see something,Intrinsic,mind,action,mind,0.25,0.58,0.33,0.44,0.18,-0.27
subj_96,Intrinsic,become hungry,take a walk,feel scared,Direct,bio,action,bio,0.18,0.55,0.37,0.67,0.44,-0.22
subj_96,Intrinsic,experience pain,kick something,get tired,Direct,bio,action,bio,0.13,0.51,0.38,0.43,0.41,-0.02
subj_96,Intrinsic,see something,take a walk,hear something,Intrinsic,mind,action,mind,0.2,0.58,0.38,0.42,0.18,-0.24
subj_96,Intrinsic,get sick,see something,get tired,Intrinsic,bio,mind,bio,0.38,0.62,0.25,0.39,0.34,-0.06
subj_96,Intrinsic,reach for something,become hungry,kick something,Intrinsic,action,bio,action,0.21,0.56,0.35,0.54,0.4,-0.15
subj_96,Intrinsic,feel scared,see something,get tired,Direct,bio,mind,bio,0.12,0.54,0.42,0.51,0.4,-0.11
subj_96,Intrinsic,remember something,take a walk,think about something,Intrinsic,mind,action,mind,0.24,0.61,0.37,0.07,0.15,0.08
subj_96,Intrinsic,sit down,experience pain,jump up and down,Intrinsic,action,bio,action,0.13,0.58,0.45,0.54,0.3,-0.23
subj_96,Intrinsic,hear something,take a walk,see something,Intrinsic,mind,action,mind,0.25,0.58,0.33,0.44,0.18,-0.27
subj_96,Intrinsic,think about something,get sick,remember something,Intrinsic,mind,bio,mind,0.25,0.65,0.4,0.08,0.15,0.08
subj_96,Intrinsic,kick something,think about something,sit down,Intrinsic,action,mind,action,0.37,0.6,0.23,0.7,0.42,-0.29
subj_96,Intrinsic,choose what to do,experience pain,remember something,Intrinsic,mind,bio,mind,0.2,0.57,0.36,0.15,0.36,0.22
subj_96,Intrinsic,jump up and down,see something,sit down,Intrinsic,action,mind,action,0.29,0.6,0.32,0.83,0.3,-0.52
subj_96,Intrinsic,take a walk,think about something,sit down,Intrinsic,action,mind,action,0.26,0.58,0.32,0.77,0.33,-0.44
subj_96,Intrinsic,get tired,jump up and down,feel scared,Direct,bio,action,bio,0.1,0.54,0.43,0.42,0.4,-0.02
subj_97,Direct,kick something,think about something,sit down,Direct,action,mind,action,0.37,0.6,0.23,0.7,0.42,-0.29
subj_97,Direct,feel scared,see something,get tired,Direct,bio,mind,bio,0.12,0.54,0.42,0.51,0.4,-0.11
subj_97,Direct,hear something,take a walk,see something,Direct,mind,action,mind,0.25,0.58,0.33,0.44,0.18,-0.27
subj_97,Direct,get sick,see something,get tired,Direct,bio,mind,bio,0.38,0.62,0.25,0.39,0.34,-0.06
subj_97,Direct,reach for something,become hungry,kick something,Direct,action,bio,action,0.21,0.56,0.35,0.54,0.4,-0.15
subj_97,Direct,get tired,jump up and down,feel scared,Direct,bio,action,bio,0.1,0.54,0.43,0.42,0.4,-0.02
subj_97,Direct,jump up and down,see something,sit down,Direct,action,mind,action,0.29,0.6,0.32,0.83,0.3,-0.52
subj_97,Direct,remember something,take a walk,think about something,Intrinsic,mind,action,mind,0.24,0.61,0.37,0.07,0.15,0.08
subj_97,Direct,choose what to do,experience pain,remember something,Direct,mind,bio,mind,0.2,0.57,0.36,0.15,0.36,0.22
subj_97,Direct,see something,take a walk,hear something,Direct,mind,action,mind,0.2,0.58,0.38,0.42,0.18,-0.24
subj_97,Direct,think about something,get sick,remember something,Intrinsic,mind,bio,mind,0.25,0.65,0.4,0.08,0.15,0.08
subj_97,Direct,become hungry,take a walk,feel scared,Direct,bio,action,bio,0.18,0.55,0.37,0.67,0.44,-0.22
subj_97,Direct,take a walk,think about something,sit down,Direct,action,mind,action,0.26,0.58,0.32,0.77,0.33,-0.44
subj_97,Direct,experience pain,kick something,get tired,Direct,bio,action,bio,0.13,0.51,0.38,0.43,0.41,-0.02
subj_97,Direct,sit down,experience pain,jump up and down,Direct,action,bio,action,0.13,0.58,0.45,0.54,0.3,-0.23
subj_98,Intrinsic,get tired,jump up and down,feel scared,Direct,bio,action,bio,0.1,0.54,0.43,0.42,0.4,-0.02
subj_98,Intrinsic,feel scared,see something,get tired,Direct,bio,mind,bio,0.12,0.54,0.42,0.51,0.4,-0.11
subj_98,Intrinsic,take a walk,think about something,sit down,Direct,action,mind,action,0.26,0.58,0.32,0.77,0.33,-0.44
subj_98,Intrinsic,remember something,take a walk,think about something,Intrinsic,mind,action,mind,0.24,0.61,0.37,0.07,0.15,0.08
subj_98,Intrinsic,kick something,think about something,sit down,Intrinsic,action,mind,action,0.37,0.6,0.23,0.7,0.42,-0.29
subj_98,Intrinsic,become hungry,take a walk,feel scared,Direct,bio,action,bio,0.18,0.55,0.37,0.67,0.44,-0.22
subj_98,Intrinsic,get sick,see something,get tired,Intrinsic,bio,mind,bio,0.38,0.62,0.25,0.39,0.34,-0.06
subj_98,Intrinsic,see something,take a walk,hear something,Direct,mind,action,mind,0.2,0.58,0.38,0.42,0.18,-0.24
subj_98,Intrinsic,jump up and down,see something,sit down,Intrinsic,action,mind,action,0.29,0.6,0.32,0.83,0.3,-0.52
subj_98,Intrinsic,experience pain,kick something,get tired,Direct,bio,action,bio,0.13,0.51,0.38,0.43,0.41,-0.02
subj_98,Intrinsic,think about something,get sick,remember something,Intrinsic,mind,bio,mind,0.25,0.65,0.4,0.08,0.15,0.08
subj_98,Intrinsic,hear something,take a walk,see something,Direct,mind,action,mind,0.25,0.58,0.33,0.44,0.18,-0.27
subj_98,Intrinsic,reach for something,become hungry,kick something,Direct,action,bio,action,0.21,0.56,0.35,0.54,0.4,-0.15
subj_98,Intrinsic,choose what to do,experience pain,remember something,Direct,mind,bio,mind,0.2,0.57,0.36,0.15,0.36,0.22
subj_98,Intrinsic,sit down,experience pain,jump up and down,Direct,action,bio,action,0.13,0.58,0.45,0.54,0.3,-0.23
subj_99,Direct,think about something,get sick,remember something,Intrinsic,mind,bio,mind,0.25,0.65,0.4,0.08,0.15,0.08
subj_99,Direct,experience pain,kick something,get tired,Direct,bio,action,bio,0.13,0.51,0.38,0.43,0.41,-0.02
subj_99,Direct,get tired,jump up and down,feel scared,Direct,bio,action,bio,0.1,0.54,0.43,0.42,0.4,-0.02
subj_99,Direct,feel scared,see something,get tired,Direct,bio,mind,bio,0.12,0.54,0.42,0.51,0.4,-0.11
subj_99,Direct,hear something,take a walk,see something,Direct,mind,action,mind,0.25,0.58,0.33,0.44,0.18,-0.27
subj_99,Direct,jump up and down,see something,sit down,Direct,action,mind,action,0.29,0.6,0.32,0.83,0.3,-0.52
subj_99,Direct,get sick,see something,get tired,Direct,bio,mind,bio,0.38,0.62,0.25,0.39,0.34,-0.06
subj_99,Direct,remember something,take a walk,think about something,Intrinsic,mind,action,mind,0.24,0.61,0.37,0.07,0.15,0.08
subj_99,Direct,reach for something,become hungry,kick something,Intrinsic,action,bio,action,0.21,0.56,0.35,0.54,0.4,-0.15
subj_99,Direct,choose what to do,experience pain,remember something,Intrinsic,mind,bio,mind,0.2,0.57,0.36,0.15,0.36,0.22
subj_99,Direct,kick something,think about something,sit down,Direct,action,mind,action,0.37,0.6,0.23,0.7,0.42,-0.29
subj_99,Direct,sit down,experience pain,jump up and down,Direct,action,bio,action,0.13,0.58,0.45,0.54,0.3,-0.23
subj_99,Direct,see something,take a walk,hear something,Direct,mind,action,mind,0.2,0.58,0.38,0.42,0.18,-0.24
subj_99,Direct,take a walk,think about something,sit down,Direct,action,mind,action,0.26,0.58,0.32,0.77,0.33,-0.44
subj_99,Direct,become hungry,take a walk,feel scared,Direct,bio,action,bio,0.18,0.55,0.37,0.67,0.44,-0.22
subj_100,Intrinsic,become hungry,take a walk,feel scared,Direct,bio,action,bio,0.18,0.55,0.37,0.67,0.44,-0.22
subj_100,Intrinsic,kick something,think about something,sit down,Direct,action,mind,action,0.37,0.6,0.23,0.7,0.42,-0.29
subj_100,Intrinsic,jump up and down,see something,sit down,Intrinsic,action,mind,action,0.29,0.6,0.32,0.83,0.3,-0.52
subj_100,Intrinsic,get sick,see something,get tired,Intrinsic,bio,mind,bio,0.38,0.62,0.25,0.39,0.34,-0.06
subj_100,Intrinsic,sit down,experience pain,jump up and down,Intrinsic,action,bio,action,0.13,0.58,0.45,0.54,0.3,-0.23
subj_100,Intrinsic,remember something,take a walk,think about something,Direct,mind,action,mind,0.24,0.61,0.37,0.07,0.15,0.08
subj_100,Intrinsic,reach for something,become hungry,kick something,Direct,action,bio,action,0.21,0.56,0.35,0.54,0.4,-0.15
subj_100,Intrinsic,experience pain,kick something,get tired,Intrinsic,bio,action,bio,0.13,0.51,0.38,0.43,0.41,-0.02
subj_100,Intrinsic,take a walk,think about something,sit down,Direct,action,mind,action,0.26,0.58,0.32,0.77,0.33,-0.44
subj_100,Intrinsic,get tired,jump up and down,feel scared,Direct,bio,action,bio,0.1,0.54,0.43,0.42,0.4,-0.02
subj_100,Intrinsic,choose what to do,experience pain,remember something,Intrinsic,mind,bio,mind,0.2,0.57,0.36,0.15,0.36,0.22
subj_100,Intrinsic,see something,take a walk,hear something,Intrinsic,mind,action,mind,0.2,0.58,0.38,0.42,0.18,-0.24
subj_100,Intrinsic,think about something,get sick,remember something,Intrinsic,mind,bio,mind,0.25,0.65,0.4,0.08,0.15,0.08
subj_100,Intrinsic,feel scared,see something,get tired,Intrinsic,bio,mind,bio,0.12,0.54,0.42,0.51,0.4,-0.11
subj_100,Intrinsic,hear something,take a walk,see something,Intrinsic,mind,action,mind,0.25,0.58,0.33,0.44,0.18,-0.27
subj_101,Intrinsic,get tired,jump up and down,feel scared,Direct,bio,action,bio,0.1,0.54,0.43,0.42,0.4,-0.02
subj_101,Intrinsic,hear something,take a walk,see something,Direct,mind,action,mind,0.25,0.58,0.33,0.44,0.18,-0.27
subj_101,Intrinsic,reach for something,become hungry,kick something,Direct,action,bio,action,0.21,0.56,0.35,0.54,0.4,-0.15
subj_101,Intrinsic,sit down,experience pain,jump up and down,Direct,action,bio,action,0.13,0.58,0.45,0.54,0.3,-0.23
subj_101,Intrinsic,remember something,take a walk,think about something,Intrinsic,mind,action,mind,0.24,0.61,0.37,0.07,0.15,0.08
subj_101,Intrinsic,feel scared,see something,get tired,Direct,bio,mind,bio,0.12,0.54,0.42,0.51,0.4,-0.11
subj_101,Intrinsic,jump up and down,see something,sit down,Direct,action,mind,action,0.29,0.6,0.32,0.83,0.3,-0.52
subj_101,Intrinsic,take a walk,think about something,sit down,Direct,action,mind,action,0.26,0.58,0.32,0.77,0.33,-0.44
subj_101,Intrinsic,see something,take a walk,hear something,Direct,mind,action,mind,0.2,0.58,0.38,0.42,0.18,-0.24
subj_101,Intrinsic,experience pain,kick something,get tired,Direct,bio,action,bio,0.13,0.51,0.38,0.43,0.41,-0.02
subj_101,Intrinsic,get sick,see something,get tired,Intrinsic,bio,mind,bio,0.38,0.62,0.25,0.39,0.34,-0.06
subj_101,Intrinsic,become hungry,take a walk,feel scared,Direct,bio,action,bio,0.18,0.55,0.37,0.67,0.44,-0.22
subj_101,Intrinsic,choose what to do,experience pain,remember something,Direct,mind,bio,mind,0.2,0.57,0.36,0.15,0.36,0.22
subj_101,Intrinsic,kick something,think about something,sit down,Direct,action,mind,action,0.37,0.6,0.23,0.7,0.42,-0.29
subj_101,Intrinsic,think about something,get sick,remember something,Intrinsic,mind,bio,mind,0.25,0.65,0.4,0.08,0.15,0.08
subj_102,Direct,kick something,think about something,sit down,Direct,action,mind,action,0.37,0.6,0.23,0.7,0.42,-0.29
subj_102,Direct,see something,take a walk,hear something,Direct,mind,action,mind,0.2,0.58,0.38,0.42,0.18,-0.24
subj_102,Direct,experience pain,kick something,get tired,Direct,bio,action,bio,0.13,0.51,0.38,0.43,0.41,-0.02
subj_102,Direct,sit down,experience pain,jump up and down,Direct,action,bio,action,0.13,0.58,0.45,0.54,0.3,-0.23
subj_102,Direct,get tired,jump up and down,feel scared,Direct,bio,action,bio,0.1,0.54,0.43,0.42,0.4,-0.02
subj_102,Direct,choose what to do,experience pain,remember something,Direct,mind,bio,mind,0.2,0.57,0.36,0.15,0.36,0.22
subj_102,Direct,remember something,take a walk,think about something,Intrinsic,mind,action,mind,0.24,0.61,0.37,0.07,0.15,0.08
subj_102,Direct,jump up and down,see something,sit down,Direct,action,mind,action,0.29,0.6,0.32,0.83,0.3,-0.52
subj_102,Direct,feel scared,see something,get tired,Direct,bio,mind,bio,0.12,0.54,0.42,0.51,0.4,-0.11
subj_102,Direct,get sick,see something,get tired,Intrinsic,bio,mind,bio,0.38,0.62,0.25,0.39,0.34,-0.06
subj_102,Direct,hear something,take a walk,see something,Direct,mind,action,mind,0.25,0.58,0.33,0.44,0.18,-0.27
subj_102,Direct,reach for something,become hungry,kick something,Direct,action,bio,action,0.21,0.56,0.35,0.54,0.4,-0.15
subj_102,Direct,think about something,get sick,remember something,Intrinsic,mind,bio,mind,0.25,0.65,0.4,0.08,0.15,0.08
subj_102,Direct,become hungry,take a walk,feel scared,Direct,bio,action,bio,0.18,0.55,0.37,0.67,0.44,-0.22
subj_102,Direct,take a walk,think about something,sit down,Direct,action,mind,action,0.26,0.58,0.32,0.77,0.33,-0.44
subj_103,Intrinsic,experience pain,kick something,get tired,Direct,bio,action,bio,0.13,0.51,0.38,0.43,0.41,-0.02
subj_103,Intrinsic,jump up and down,see something,sit down,Direct,action,mind,action,0.29,0.6,0.32,0.83,0.3,-0.52
subj_103,Intrinsic,kick something,think about something,sit down,Intrinsic,action,mind,action,0.37,0.6,0.23,0.7,0.42,-0.29
subj_103,Intrinsic,choose what to do,experience pain,remember something,Intrinsic,mind,bio,mind,0.2,0.57,0.36,0.15,0.36,0.22
subj_103,Intrinsic,remember something,take a walk,think about something,Intrinsic,mind,action,mind,0.24,0.61,0.37,0.07,0.15,0.08
subj_103,Intrinsic,get tired,jump up and down,feel scared,Direct,bio,action,bio,0.1,0.54,0.43,0.42,0.4,-0.02
subj_103,Intrinsic,take a walk,think about something,sit down,Intrinsic,action,mind,action,0.26,0.58,0.32,0.77,0.33,-0.44
subj_103,Intrinsic,think about something,get sick,remember something,Intrinsic,mind,bio,mind,0.25,0.65,0.4,0.08,0.15,0.08
subj_103,Intrinsic,reach for something,become hungry,kick something,Direct,action,bio,action,0.21,0.56,0.35,0.54,0.4,-0.15
subj_103,Intrinsic,feel scared,see something,get tired,Direct,bio,mind,bio,0.12,0.54,0.42,0.51,0.4,-0.11
subj_103,Intrinsic,become hungry,take a walk,feel scared,Direct,bio,action,bio,0.18,0.55,0.37,0.67,0.44,-0.22
subj_103,Intrinsic,sit down,experience pain,jump up and down,Intrinsic,action,bio,action,0.13,0.58,0.45,0.54,0.3,-0.23
subj_103,Intrinsic,see something,take a walk,hear something,Intrinsic,mind,action,mind,0.2,0.58,0.38,0.42,0.18,-0.24
subj_103,Intrinsic,hear something,take a walk,see something,Intrinsic,mind,action,mind,0.25,0.58,0.33,0.44,0.18,-0.27
subj_103,Intrinsic,get sick,see something,get tired,Intrinsic,bio,mind,bio,0.38,0.62,0.25,0.39,0.34,-0.06
subj_104,Intrinsic,think about something,get sick,remember something,Intrinsic,mind,bio,mind,0.25,0.65,0.4,0.08,0.15,0.08
subj_104,Intrinsic,get tired,jump up and down,feel scared,Direct,bio,action,bio,0.1,0.54,0.43,0.42,0.4,-0.02
subj_104,Intrinsic,sit down,experience pain,jump up and down,Intrinsic,action,bio,action,0.13,0.58,0.45,0.54,0.3,-0.23
subj_104,Intrinsic,choose what to do,experience pain,remember something,Intrinsic,mind,bio,mind,0.2,0.57,0.36,0.15,0.36,0.22
subj_104,Intrinsic,hear something,take a walk,see something,Direct,mind,action,mind,0.25,0.58,0.33,0.44,0.18,-0.27
subj_104,Intrinsic,jump up and down,see something,sit down,Intrinsic,action,mind,action,0.29,0.6,0.32,0.83,0.3,-0.52
subj_104,Intrinsic,get sick,see something,get tired,Intrinsic,bio,mind,bio,0.38,0.62,0.25,0.39,0.34,-0.06
subj_104,Intrinsic,reach for something,become hungry,kick something,Intrinsic,action,bio,action,0.21,0.56,0.35,0.54,0.4,-0.15
subj_104,Intrinsic,remember something,take a walk,think about something,Intrinsic,mind,action,mind,0.24,0.61,0.37,0.07,0.15,0.08
subj_104,Intrinsic,see something,take a walk,hear something,Direct,mind,action,mind,0.2,0.58,0.38,0.42,0.18,-0.24
subj_104,Intrinsic,experience pain,kick something,get tired,Direct,bio,action,bio,0.13,0.51,0.38,0.43,0.41,-0.02
subj_104,Intrinsic,kick something,think about something,sit down,Intrinsic,action,mind,action,0.37,0.6,0.23,0.7,0.42,-0.29
subj_104,Intrinsic,feel scared,see something,get tired,Direct,bio,mind,bio,0.12,0.54,0.42,0.51,0.4,-0.11
subj_104,Intrinsic,become hungry,take a walk,feel scared,Direct,bio,action,bio,0.18,0.55,0.37,0.67,0.44,-0.22
subj_104,Intrinsic,take a walk,think about something,sit down,Intrinsic,action,mind,action,0.26,0.58,0.32,0.77,0.33,-0.44
subj_105,Direct,hear something,take a walk,see something,Intrinsic,mind,action,mind,0.25,0.58,0.33,0.44,0.18,-0.27
subj_105,Direct,see something,take a walk,hear something,Direct,mind,action,mind,0.2,0.58,0.38,0.42,0.18,-0.24
subj_105,Direct,kick something,think about something,sit down,Direct,action,mind,action,0.37,0.6,0.23,0.7,0.42,-0.29
subj_105,Direct,take a walk,think about something,sit down,Direct,action,mind,action,0.26,0.58,0.32,0.77,0.33,-0.44
subj_105,Direct,reach for something,become hungry,kick something,Direct,action,bio,action,0.21,0.56,0.35,0.54,0.4,-0.15
subj_105,Direct,experience pain,kick something,get tired,Direct,bio,action,bio,0.13,0.51,0.38,0.43,0.41,-0.02
subj_105,Direct,sit down,experience pain,jump up and down,Direct,action,bio,action,0.13,0.58,0.45,0.54,0.3,-0.23
subj_105,Direct,think about something,get sick,remember something,Intrinsic,mind,bio,mind,0.25,0.65,0.4,0.08,0.15,0.08
subj_105,Direct,jump up and down,see something,sit down,Direct,action,mind,action,0.29,0.6,0.32,0.83,0.3,-0.52
subj_105,Direct,get sick,see something,get tired,Intrinsic,bio,mind,bio,0.38,0.62,0.25,0.39,0.34,-0.06
subj_105,Direct,get tired,jump up and down,feel scared,Direct,bio,action,bio,0.1,0.54,0.43,0.42,0.4,-0.02
subj_105,Direct,feel scared,see something,get tired,Direct,bio,mind,bio,0.12,0.54,0.42,0.51,0.4,-0.11
subj_105,Direct,remember something,take a walk,think about something,Intrinsic,mind,action,mind,0.24,0.61,0.37,0.07,0.15,0.08
subj_105,Direct,choose what to do,experience pain,remember something,Intrinsic,mind,bio,mind,0.2,0.57,0.36,0.15,0.36,0.22
subj_105,Direct,become hungry,take a walk,feel scared,Direct,bio,action,bio,0.18,0.55,0.37,0.67,0.44,-0.22
